Price,Close,High,Low,Open,Volume
Ticker,AAPL,AAPL,AAPL,AAPL,AAPL
Date,,,,,
2020-01-02,72.27155303955078,72.33170915039722,71.02993003048753,71.28258275873242,135480400
2020-01-03,71.56890869140625,72.32687403151142,71.34512977691992,71.50153415769186,146322800
2020-01-06,72.13917541503906,72.17767619128301,70.44277672665065,70.69302810060023,118387200
2020-01-07,71.79993438720703,72.40389677360038,71.58096525277217,72.14883543970386,108872000
2020-01-08,72.95491027832031,73.25569076947626,71.50394548271495,71.50394548271495,132079200
2020-01-09,74.5045394897461,74.69703608624071,73.67919950094557,73.9294436077337,170108400
2020-01-10,74.6729965209961,75.23606430302871,74.17250080097214,74.73796983453354,140644800
2020-01-13,76.26830291748047,76.29477541829935,74.87027582985212,74.98818677177965,121532000
2020-01-14,75.23844909667969,76.41510614806313,75.11573562414125,76.20576405751645,161954400
2020-01-15,74.91600799560547,75.91700649010697,74.48528821645434,75.0387288028542,121923600
2020-01-16,75.85443115234375,75.96512366006613,75.09646578451866,75.45740237331857,108829200
2020-01-17,76.6942138671875,76.69661511764261,75.7966822559434,76.10227258526983,137816400
2020-01-21,76.1744613647461,76.7639866868858,76.03730370643434,76.32364730468942,110843200
2020-01-22,76.44637298583984,76.9973975614814,76.3525259473167,76.65811628441689,101832400
2020-01-23,76.81453704833984,76.89393987673444,75.95309750344295,76.49931964228543,104472000
2020-01-24,76.59315490722656,77.80108679471296,76.40305956833261,77.05996684733118,146537600
2020-01-27,74.34091186523438,75.01946709734743,73.36156878763045,74.60800142643146,161940000
2020-01-28,76.4439697265625,76.61481100227473,75.12053546591517,75.21919235562906,162234000
2020-01-29,78.04411315917969,78.88870711130171,77.33186702648361,78.0705856603743,216229200
2020-01-30,77.9310302734375,77.9839679399373,76.69903440937786,77.12975418029563,126743200
2020-01-31,74.47566986083984,77.64468949943712,74.18210776179268,77.22359674590982,199588400
2020-02-03,74.2711181640625,75.43333062820889,72.72149664968535,73.2219921031148,173788400
2020-02-04,76.72309112548828,76.91318645690339,75.46703146839315,75.87127869651542,136616400
2020-02-05,77.34870147705078,78.14516750077749,76.74714059246732,77.84678830859878,118826800
2020-02-06,78.25347137451172,78.25587996873817,77.06238481315839,77.61822667711162,105425600
2020-02-07,77.1897964477539,78.00262411427845,76.7001698716179,77.75419304088338,117684000
2020-02-10,77.556396484375,77.556396484375,75.69919587638071,75.77878713871854,109348800
2020-02-11,77.08848571777344,78.12321641331339,76.87141125259707,78.05086071182195,94323200
2020-02-12,78.919189453125,78.92401071442725,77.53713625713554,77.53713625713554,113730400
2020-02-13,78.35717010498047,78.68278545723169,77.99055564537478,78.19315895415963,94747600
2020-02-14,78.37649536132812,78.62492647846962,77.8699832442395,78.32583899712654,80113600
2020-02-18,76.94136810302734,77.12226473649841,75.88251627530599,76.06341290877705,152531200
2020-02-19,78.05569458007812,78.28483327298406,77.1825679577684,77.1825679577684,93984000
2020-02-20,77.25492095947266,78.30412292796458,76.75082321347557,77.8169106346844,100566000
2020-02-21,75.50624084472656,77.29109325633112,74.89119532498566,76.84970141309908,129554000
2020-02-24,71.91968536376953,73.36685862415598,69.76098966678205,71.69778958583775,222195200
2020-02-25,69.48357391357422,72.9688507048776,69.0132472572126,72.58776517692151,230673600
2020-02-26,70.58586120605469,71.84731631381621,69.10251036153399,69.10974593206521,198054800
2020-02-27,65.97177124023438,68.98189285085091,65.83670238854329,67.80003671820369,320605600
2020-02-28,65.93318939208984,67.15123091808199,61.835280759075644,62.0499482580576,426510000
2020-03-02,72.07161712646484,72.7059623843327,66.98480559511727,68.08465633915449,341397200
2020-03-03,69.7826919555664,73.32344054146022,68.93367898581513,73.24384925589773,319475600
2020-03-04,73.0195083618164,73.1786982425022,70.70162361460446,71.49997996726277,219178400
2020-03-05,70.65097045898438,72.25009001910128,70.2867629946478,71.27807270497505,187572800
2020-03-06,69.71273803710938,70.14448006147832,67.8314160013331,68.01713389438318,226176800
2020-03-09,64.19902038574219,67.07406711242609,63.4344272820737,63.61532393782106,286744800
2020-03-10,68.82273864746094,69.08805522958923,64.97084534712401,66.84493951670424,285290000
2020-03-11,66.43247985839844,67.82900397076429,65.57141009124467,66.90522837411211,255598800
2020-03-12,59.87196350097656,65.12279105466,59.81648956131734,61.73158259822545,418474000
2020-03-13,67.04509735107422,67.51543140756253,61.01038635778413,63.89026420635652,370732000
2020-03-16,58.419960021972656,62.4889229945198,57.88691638094368,58.35724684046864,322423600
2020-03-17,60.98869705200195,62.13437204877519,57.50100834396888,59.69829959615255,324056000
2020-03-18,59.495689392089844,60.29887079269061,57.19227179173887,57.83144203035199,300233600
2020-03-19,59.03982162475586,60.9838563519739,58.5164279428395,59.66934189293185,271857200
2020-03-20,55.29166030883789,60.740266023209095,54.99257655004273,59.61870468799079,401693200
2020-03-23,54.11703872680664,55.113177422037836,51.28058067981566,55.01187574325441,336752800
2020-03-24,59.54634094238281,59.74170869121859,56.512101379550025,57.00896347667582,287531200
2020-03-25,59.218318939208984,62.28873655883238,58.924060140998606,60.47977034705603,303602000
2020-03-26,62.334571838378906,62.39245640873891,59.420929465556426,59.45952163269751,252087200
2020-03-27,59.75376892089844,61.71468565033882,59.58734345256695,60.96215693824958,204216800
2020-03-30,61.45901870727539,61.63026911474741,60.154150297630075,60.477355032834254,167976400
2020-03-31,61.333595275878906,63.31139742053906,60.78125926146835,61.649564437343955,197002000
2020-04-01,58.10640335083008,59.990139440698485,57.6770756954336,59.45468518637688,176218400
2020-04-02,59.07600021362305,59.129063507420874,57.13920103105384,57.968913973692054,165934000
2020-04-03,58.22699737548828,59.26172428830562,57.638479859243176,58.56225892051635,129880000
2020-04-06,63.30658721923828,63.46094852152329,60.149338806047744,60.51595333958977,201820400
2020-04-07,62.57334899902344,65.53282259895241,62.46963669694467,65.31574075275601,202887200
2020-04-08,64.17486572265625,64.48841681732436,63.00748079939509,63.371680870128074,168895200
2020-04-09,64.63795471191406,65.13964528004216,63.84442712325803,64.80920875044319,161834800
2020-04-13,65.90664672851562,66.01518760885351,64.11697352191898,64.71514079715692,131022800
2020-04-14,69.23516845703125,69.5246060143818,67.06440885901065,67.5347430495296,194994800
2020-04-15,68.60324096679688,69.0615109892011,67.68670092198845,68.11361434863234,131154400
2020-04-16,69.14834594726562,69.51255354700056,68.10155824756667,69.31477144908467,157125200
2020-04-17,68.21009063720703,69.21105794148095,66.7773886485133,68.66595370665648,215250000
2020-04-20,66.79427337646484,67.93995209285313,66.77498097363504,67.04029751693926,130015200
2020-04-21,64.72965240478516,66.87147019319423,64.02053685698203,66.63751020142648,180991600
2020-04-22,66.5940933227539,67.02824237170336,65.65343214289403,65.99351139350544,116862400
2020-04-23,66.33598327636719,67.95681696931808,66.29739112168969,66.53858656789843,124814400
2020-04-24,68.25106048583984,68.2607103625322,66.81112369869982,66.85936572146232,126161200
2020-04-27,68.29934692382812,68.62978364860732,67.52269696076952,67.96890283834492,117087600
2020-04-28,67.19223022460938,68.94089736729391,67.1005821297752,68.76000076632654,112004800
2020-04-29,69.39917755126953,69.86709736755677,68.47298779881385,68.67559111709774,137280800
2020-04-30,70.86324310302734,71.03931848812404,69.54873189331651,69.93705315982548,183064000
2020-05-01,69.7223892211914,72.11745891629081,68.94573936920324,69.04221610297073,240616800
2020-05-04,70.70886993408203,70.83670324791197,69.05909368437592,69.74650229526233,133568000
2020-05-05,71.77013397216797,72.59984709930193,71.02242643355622,71.16714520888473,147751200
2020-05-06,72.51058959960938,73.14010619347668,72.08608325049667,72.46958313423785,142333600
2020-05-07,73.26068878173828,73.60560379947609,72.83377557160203,73.13526982300603,115215200
2020-05-08,75.00445556640625,75.05766251679151,73.59206160601275,73.9185584660756,133838400
2020-05-11,76.18466186523438,76.67802725492889,74.3054951964832,74.5134886448119,145946400
2020-05-12,75.31401824951172,77.31652289559408,75.1930940380801,76.86668099114186,162301200
2020-05-13,74.4046630859375,76.41200935037834,73.33085553739997,75.49298094886383,200622400
2020-05-14,74.86175537109375,74.92221747074527,72.92454733645849,73.6452582213304,158929200
2020-05-15,74.41915893554688,74.46511071572239,72.6052961832284,72.6391584973057,166348400
2020-05-18,76.17256164550781,76.54501020724649,75.05038903047435,75.73965837102512,135178400
2020-05-19,75.73240661621094,77.03354472425552,75.70096514534589,76.18949622469526,101729600
2020-05-20,77.20526123046875,77.27539194682277,76.5498468046985,76.58854343128702,111504800
2020-05-21,76.62966918945312,77.6067388197399,76.39265509370519,77.06741421541801,102688800
2020-05-22,77.1230697631836,77.20529736543472,76.26692402819323,76.36849626247918,81803200
2020-05-26,76.60066223144531,78.41693907225796,76.54503443091458,78.23797358104541,125522000
2020-05-27,76.93438720703125,77.07949771603786,75.7203109556176,76.45795296780663,112945200
2020-05-28,76.96826171875,78.22345564249268,76.33462002234297,76.610323390573,133560800
2020-05-29,76.89326477050781,77.66959590522207,76.53774740179506,77.21008551765564,153532400
2020-06-01,77.83892059326172,77.95984481124701,76.71674030765645,76.84734052965656,80791200
2020-06-02,78.19925689697266,78.22344321190015,77.13270462012565,77.57287045767401,87642800
2020-06-03,78.6297607421875,78.89096118094021,77.94774639510123,78.51851253045199,104491200
2020-06-04,77.95255279541016,78.75064930450104,77.58010431354272,78.45318059251036,87560400
2020-06-05,80.17273712158203,80.23319921594221,78.17265369717333,78.20167432156592,137250400
2020-06-08,80.64675903320312,80.68062134923207,79.16181381231353,79.87042779704282,95654400
2020-06-09,83.19342803955078,83.58522126328481,80.29608895604107,80.32753042867137,147712400
2020-06-10,85.33378601074219,85.800551637391,83.70130935970825,84.13905436012791,166651600
2020-06-11,81.23686981201172,84.90329215862222,81.13529762500492,84.4800574912979,201662400
2020-06-12,81.93824005126953,84.11487578630992,80.83057755802524,83.36998591557237,200146000
2020-06-15,82.9515609741211,83.60213360857718,80.43391883264572,80.5959604702638,138808800
2020-06-16,85.14997100830078,85.42084738289208,83.3699705447458,85.00002619954361,165428800
2020-06-17,85.03148651123047,85.95292841624997,84.91056229922657,85.89246631024803,114406400
2020-06-18,85.06535339355469,85.48133300037347,84.45831145495121,84.98796012237246,96820400
2020-06-19,84.57921600341797,86.2334580419222,83.47396713214061,85.7691132840755,264476000
2020-06-22,86.79212951660156,86.93481917934642,84.92505967255737,84.97101145656654,135445200
2020-06-23,88.64469909667969,90.05951379803278,87.61442248881565,88.03282290304573,212155600
2020-06-24,87.07994079589844,89.19128014209528,86.70749216559717,88.27467257128609,192623200
2020-06-25,88.2359619140625,88.27465854046778,86.47772685166568,87.23471346059793,137522400
2020-06-26,85.52483367919922,88.35204149727454,85.37730234693228,88.13195861184417,205256800
2020-06-29,87.49591827392578,87.59024269738883,84.9565099457261,85.43295161300391,130646000
2020-06-30,88.22628021240234,88.51166689112543,87.06541101774955,87.08475563938902,140223200
2020-07-01,88.05940246582031,88.84540963268662,88.01103722238888,88.30367167024684,110737200
2020-07-02,88.05940246582031,89.59756186721356,87.94574082247463,88.96392034743998,114041600
2020-07-06,90.41503143310547,90.88179710275243,89.45247208428117,89.48391355913485,118655600
2020-07-07,90.13449096679688,91.56865036942912,90.0232427568075,90.79231898432114,112424400
2020-07-08,92.23371887207031,92.26516034352021,91.02205608216732,91.10912534007682,117092000
2020-07-09,92.63035583496094,93.17692818708905,91.58556900054663,93.12372124513385,125642800
2020-07-10,92.7923812866211,92.85042991453263,91.61700174534108,92.22645698371295,90257200
2020-07-13,92.36432647705078,96.695832354325,92.15149869689814,94.09354111984942,191649200
2020-07-14,93.8927993774414,94.08385428390145,90.81648768360292,91.74759804361886,170989200
2020-07-15,94.53854370117188,96.01139965901083,93.34381194373303,95.76229608743468,153198000
2020-07-16,93.37525177001953,94.22897636244912,92.77788590184623,93.41394840131093,110577600
2020-07-17,93.18659210205078,93.97985443699729,92.71498484222874,93.82507532269437,92186800
2020-07-20,95.15042877197266,95.28828415237645,92.93026189226053,93.27368992018475,90318000
2020-07-21,93.83719635009766,96.0138323479092,93.58809274779549,95.93885992065711,103433200
2020-07-22,94.10079193115234,94.78038533647508,93.45263999834938,93.53970187859424,89001600
2020-07-23,89.81764221191406,93.91213304289855,89.00986960132232,93.83473979885208,197004400
2020-07-24,89.59516143798828,89.93858943355201,86.23830426873995,88.02073328072413,185438800
2020-07-27,91.71857452392578,91.81047808647506,90.43194679011566,90.6544431599045,121214000
2020-07-28,90.21186065673828,91.46705425689517,90.20701896585531,91.29050229407278,103625600
2020-07-29,91.94107818603516,92.12488531095718,90.65686391835999,90.69313969811391,90329200
2020-07-30,93.0535888671875,93.15758190350233,90.71007737841838,91.11638090213245,158130000
2020-07-31,102.79524230957031,102.94518713128302,97.53745326363413,99.5302890268665,374336800
2020-08-03,105.38542938232422,107.99738887948055,104.37450494640413,104.67197372398552,308151200
2020-08-04,106.08921813964844,107.17753592025956,104.85336899973937,105.57407987592546,173071600
2020-08-05,106.47376251220703,106.7930041847868,105.34674803582895,105.8111002305475,121776800
2020-08-06,110.18853759765625,110.6819103626939,106.2173913049504,106.8050811008857,202428800
2020-08-07,107.68334197998047,110.16675794348517,106.88864916741639,109.71126193007606,198045600
2020-08-10,109.24850463867188,110.26367728385239,106.60517985987403,109.12493717777473,212403600
2020-08-11,105.99945068359375,109.01104473075696,105.74020453823464,108.51436454798494,187902400
2020-08-12,109.52227783203125,109.77909878796228,106.89348975910477,107.08731438450859,165598000
2020-08-13,111.4605484008789,112.46118443380263,110.41145251692377,110.8984466622293,210082000
2020-08-14,111.3612060546875,111.45085012066804,109.55618389407232,111.28609846459923,165565200
2020-08-17,111.0704574584961,112.50478464058327,110.4453668374708,112.48055471705385,119561600
2020-08-18,111.9959945678711,112.41999238397445,110.4889848914492,110.82333863803461,105633600
2020-08-19,112.1364974975586,113.54659462972901,112.0420104163777,112.40301184462525,145538000
2020-08-20,114.62477111816406,114.73864510178977,112.16073508691606,112.17769677241944,126907200
2020-08-21,120.53167724609375,121.01382096112869,115.56968878487616,115.58180005044522,338054800
2020-08-24,121.9732666015625,124.81042301409434,120.11252368244841,124.72561457851019,345937600
2020-08-25,120.97261810302734,121.31666526163795,119.25482230830535,120.84905806633049,211495600
2020-08-26,122.61772918701172,123.07322510919757,121.22216847119705,122.28580069310276,163022400
2020-08-27,121.15190887451172,123.55052326117902,120.01074388155709,123.21859477393856,155552400
2020-08-28,120.95565795898438,122.54019279849011,120.73275303132817,122.12346328551597,187630000
2020-08-31,125.05752563476562,126.95704208405934,122.11135345489677,123.64259283625631,225702700
2020-09-01,130.03887939453125,130.63975477764288,126.50153297923832,128.66270574189053,151948100
2020-09-02,127.3447036743164,133.72163230653712,123.0805031800758,133.34366914812884,200119000
2020-09-03,117.14937591552734,124.86371200273943,116.7811062092152,122.99328312594758,257599600
2020-09-04,117.22689056396484,119.88232568427512,107.46767461539385,116.36435863736114,332607200
2020-09-08,109.33815002441406,115.31772977331786,109.2024712944893,110.43327331421725,231366600
2020-09-09,113.69925689697266,115.46308756005234,111.70283521072183,113.6411109896637,176940500
2020-09-10,109.98744201660156,116.78109976625105,109.02799770708086,116.64542107173031,182274400
2020-09-11,108.54344177246094,111.67376035548035,106.60516602652415,111.03412581023233,180860300
2020-09-14,111.79974365234375,112.35215193447013,109.31875310720565,111.17949601605923,140150100
2020-09-15,111.97417449951172,115.16263852668574,110.10373838004288,114.67806966043925,184642000
2020-09-16,108.66943359375,112.42000005035005,108.58221472900694,111.67376709645097,154679000
2020-09-17,106.93467712402344,108.7372742902346,105.35498493812258,106.33381633124354,178011000
2020-09-18,103.54267120361328,107.45798850796619,102.81581790836313,106.99280653960918,287104900
2020-09-21,106.68268585205078,106.78929159662262,99.91810106836907,101.31366180172101,195713800
2020-09-22,108.35929107666016,109.3768886869023,105.79108191602546,109.20244359354463,183055400
2020-09-23,103.81404876708984,108.65004455027305,103.47484460570544,108.17516907584385,150718700
2020-09-24,104.88008117675781,106.84742948908296,101.75945665626949,101.9242082877403,167743300
2020-09-25,108.8147964477539,108.96986205260443,104.3470703746047,105.08361720977464,149981400
2020-09-28,111.41210174560547,111.76099201133604,109.29938064487523,111.46056160237652,137672400
2020-09-29,110.56893157958984,111.7512809163313,110.06498316084728,111.01474148847176,99382200
2020-09-30,112.23584747314453,113.64110173479544,110.11344069592683,110.27819234917513,142675200
2020-10-01,113.18561553955078,114.0869140768239,112.25524404848423,114.00938127075119,116120400
2020-10-02,109.53195190429688,111.80943167027127,108.75664609356778,109.40596665096126,144712000
2020-10-05,112.90457153320312,113.04994370495149,110.04561752920706,110.39450778382883,106243800
2020-10-06,109.66761016845703,112.53625646741108,108.78569143711736,112.12921307159817,161498200
2020-10-07,111.52838134765625,111.98387730301256,110.6076959885073,111.08257884073628,96849000
2020-10-08,111.4217758178711,112.80764318962937,111.05349871590646,112.66227103853464,83477200
2020-10-09,113.36004638671875,113.38911933685253,111.37331099631979,111.72220118579409,100506900
2020-10-12,120.56074523925781,121.31667154926015,115.59875698215505,116.35468329215739,240226800
2020-10-13,117.3625717163086,121.52017325599154,115.95732503612084,121.40387407242964,262330500
2020-10-14,117.4498062133789,119.23301612314903,115.92826024261022,117.26566767493782,150712000
2020-10-15,116.984619140625,117.45949457685697,114.50362881948811,115.0560370517392,112559200
2020-10-16,115.3467788696289,117.79870373934006,115.14326081684207,117.53703239008934,115393800
2020-10-19,112.40059661865234,116.703563090536,112.09047284235501,116.25776062422946,120639300
2020-10-20,113.88337707519531,115.30801072573557,112.06139340503645,112.61380161708941,124423700
2020-10-21,113.26312255859375,115.04633232866423,112.85607911635273,113.06929058754238,89946000
2020-10-22,112.17768096923828,114.39700703508096,111.05347776637647,113.82521198702308,101988000
2020-10-23,111.4896240234375,112.9530243111908,110.75307715494814,112.79795869932553,82572600
2020-10-26,111.49930572509766,112.95301241046303,109.39627110087882,110.49140153597219,111850700
2020-10-27,113.0014877319336,113.6605018584225,111.0050658460713,111.9257439755482,92276800
2020-10-28,107.76811981201172,111.86757593688382,107.67120751132958,111.49930623671789,143937800
2020-10-29,111.76097106933594,113.32128352260756,108.7372584642391,108.90201751002611,146129200
2020-10-30,105.50035095214844,108.53374987611883,104.39553435267372,107.63245134560678,190272600
2020-11-02,105.41312408447266,107.26418098664796,104.00787711431103,105.74263480892598,122866900
2020-11-03,107.03157806396484,108.0491682897085,105.37435335866708,106.27565178371685,107624400
2020-11-04,111.40238952636719,112.02263714006965,108.88263267145909,110.61739025769825,138235500
2020-11-05,115.35648345947266,115.92827866732904,113.26314943296055,114.30981274924889,126387100
2020-11-06,115.22542572021484,115.72053342058035,112.74014741905776,114.8662234022807,114457900
2020-11-09,112.9245834350586,118.42907262853805,112.66246807633155,116.98256825674697,154515300
2020-11-10,112.5848159790039,114.15752314668202,110.79852205922379,112.17707763232374,138023400
2020-11-11,116.00205993652344,116.13797271482636,113.0410945158488,113.76920185962483,112295000
2020-11-12,115.7302474975586,117.011716271587,115.10892975298067,116.12828311248381,103162300
2020-11-13,115.77880859375,116.17683686262144,114.42938321728805,115.95355469895263,81581900
2020-11-16,116.7884292602539,117.4582830279043,114.7011865774211,115.44870691157024,91183000
2020-11-17,115.90498352050781,117.14761890185565,115.48753500270898,116.06031664652185,74271000
2020-11-18,114.58468627929688,116.32243681277677,114.55556316864666,115.14775777417243,76322100
2020-11-19,115.1768798828125,115.58461824175113,113.40029608169101,114.15752657877456,74113000
2020-11-20,113.9148178100586,115.3030761134196,113.86628176431465,115.17687350645622,73604300
2020-11-23,110.52669525146484,114.1866523784184,110.42961575192224,113.75949369240169,127959300
2020-11-24,111.80816650390625,112.46831748552103,109.30347536130687,110.58495144916897,113874200
2020-11-25,112.64305877685547,113.34204301090116,111.80816176471099,112.17707422528561,76499200
2020-11-27,113.18671417236328,114.06044449798334,112.82751927666311,113.1673012347678,46691300
2020-11-30,115.57491302490234,117.43886611768262,113.40029367663415,113.55562680437811,169410200
2020-12-01,119.1377944946289,119.86590193418374,116.50690050184049,117.47771042124693,127728200
2020-12-02,119.4872817993164,119.76881755329892,117.36120579212971,118.45821829004096,89004200
2020-12-03,119.35134887695312,120.16682548333053,118.6426545252001,119.91441288325119,78967600
2020-12-04,118.6814956665039,119.27369022514605,117.97280126779268,119.02127760834182,78260400
2020-12-07,120.13771057128906,120.93377429658472,118.68149589769769,118.73974211450027,86712000
2020-12-08,120.74930572509766,121.33179746034605,119.49696034501777,120.73960296108292,82225500
2020-12-09,118.2252197265625,122.27349493369557,117.46798924542293,120.89494675486756,115089200
2020-12-10,119.64258575439453,120.25420060772244,116.64278732656992,116.98256924136862,81312200
2020-12-11,118.83683776855469,119.1766197360741,117.03113084780422,118.85625070668806,86939800
2020-12-14,118.2252197265625,119.74939086099992,117.99222744160214,119.021283489644,79184500
2020-12-15,124.14714813232422,124.16656847506606,120.50661157074111,120.71048072938689,157243700
2020-12-16,124.07920837402344,124.62285953660047,122.86569602420569,123.69089034743503,98208600
2020-12-17,124.94319915771484,125.79751639112722,124.30246123265556,125.13735812529592,94359800
2020-12-18,122.9627685546875,125.33154675459895,122.43853039208297,125.1956339798523,192541500
2020-12-21,124.48693084716797,124.56459740524315,119.84646139919089,121.37063241963554,121251600
2020-12-22,128.0303955078125,130.48654300822767,125.86547908382497,127.76827272564631,168904800
2020-12-23,127.13726806640625,128.56434495791908,126.96251458550923,128.30223695664824,88223700
2020-12-24,128.11781311035156,129.56432552636147,127.2732130436717,127.48679245579095,54930100
2020-12-28,132.70005798339844,133.3310787326248,129.61287362632714,130.0788732208894,124486200
2020-12-29,130.93312072753906,134.73869359094937,130.41859268818658,134.02030377703682,121047300
2020-12-30,129.816650390625,132.02039215201575,129.50598423334625,131.62235669301901,96452100
2020-12-31,128.81675720214844,130.80692029298538,127.87507049302144,130.16618225748783,99116600
2021-01-04,125.63249969482422,129.70989788960378,123.05985224509121,129.62252856286995,143301900
2021-01-05,127.1857681274414,127.89446984433803,124.6810774289331,125.12765639008194,97664900
2021-01-06,122.9045181274414,127.22462614380248,122.69093878823239,123.99182776037331,155088000
2021-01-07,127.0984115600586,127.78769300515185,124.12773607491964,124.61314095323335,109578200
2021-01-08,128.1954345703125,128.75850602101508,126.42855365810287,128.56433221406948,105158200
2021-01-11,125.21505737304688,126.37032352989739,124.74907276649142,125.41893397094314,100384500
2021-01-12,125.0403060913086,125.90432622691371,123.15693269578279,124.74906018656239,91951100
2021-01-13,127.06932830810547,127.61297957219367,124.73939008676004,125.00149813762589,88636800
2021-01-14,125.14710235595703,127.17609140406186,125.00147198922038,126.98193239512918,90221800
2021-01-15,123.42874145507812,126.41883703091128,123.29282869314844,125.02086872913162,111598500
2021-01-19,124.0986328125,124.95295027523217,123.2346125834672,124.05008935422954,90757300
2021-01-20,128.17605590820312,128.62263507066567,124.79764091875076,124.90443062194485,104319500
2021-01-21,132.874755859375,135.5930267381697,129.69050034270776,129.8943769543058,120150900
2021-01-22,135.01055908203125,135.76778972652718,131.0787754658343,132.3019907807772,114459400
2021-01-25,138.74813842773438,140.8547939706266,132.55436700322258,138.89376878953092,157611700
2021-01-26,138.9811553955078,140.087878141181,137.24339729703607,139.40831414179996,98390600
2021-01-27,137.9132080078125,140.08782682258447,136.31137810940206,139.2432124060488,140843800
2021-01-28,133.0883026123047,137.84527918740616,132.7096874093382,135.4473779641581,142621100
2021-01-29,128.10809326171875,132.7485638456348,126.40917577307293,131.8651231963266,177523800
2021-02-01,130.22442626953125,131.42823575703017,127.1081202867018,129.84581103922318,106239800
2021-02-02,131.04962158203125,132.33108282824628,130.68070911395654,131.76801136085197,83305400
2021-02-03,130.03025817871094,131.80684177003687,129.70988918879502,131.7971241921303,89880900
2021-02-04,133.37954711914062,133.38924988354398,130.66127693474024,132.32136807732365,84183100
2021-02-05,132.96633911132812,133.60803459447885,132.09131060559002,133.53998407473009,75693800
2021-02-08,133.11219787597656,133.1608138714623,131.1773940055882,132.25660382908822,71297200
2021-02-09,132.23716735839844,134.055304885325,132.08161692740265,132.8302469559109,76774200
2021-02-10,131.63433837890625,133.1899609934861,130.67179521713933,132.69409868188646,73046600
2021-02-11,131.38156127929688,132.6066041234454,130.05928645451803,132.13019115518452,64280000
2021-02-12,131.61489868164062,131.77046392162595,129.98150816834826,130.62320365664934,60145100
2021-02-16,129.495361328125,132.2371278628611,129.10644827799214,131.73156315096224,80576300
2021-02-17,127.21057891845703,128.55230335262408,125.8785865854489,127.60920934245159,97918500
2021-02-18,126.1119384765625,126.39388754422443,123.87573596059903,125.61607603838664,96856700
2021-02-19,126.26747131347656,127.08418144033098,125.22716025236211,126.62721780066286,87668800
2021-02-22,122.50482177734375,126.1216319880877,122.11591609767342,124.45906002205308,103916400
2021-02-23,122.36871337890625,123.19513336260104,115.10592588579131,120.32696770808406,158273000
2021-02-24,121.87283325195312,122.07700703509268,118.83938571072797,121.47421036613527,111039900
2021-02-25,117.6337890625,122.95205487892161,117.19627482972935,121.22143247515002,148199500
2021-02-26,117.89630889892578,121.38672049171518,117.83796822554648,119.18940971098537,164560400
2021-03-01,124.24516296386719,124.38127883253527,119.38386074641136,120.31722988203185,116307900
2021-03-02,121.64923095703125,125.14936711599789,121.5422817134225,124.84796874824156,102260900
2021-03-03,118.67411804199219,122.22287046374831,118.46021953832745,121.34783450228308,112966300
2021-03-04,116.79765319824219,120.1713983779594,115.3295451588436,118.37271790565526,178155000
2021-03-05,118.05187225341797,118.55745188502343,114.30867068121566,117.62408266255089,153766600
2021-03-08,113.13224029541016,117.6435287378886,112.98639972664601,117.57547079483327,154376600
2021-03-09,117.73101043701172,118.67410422916818,115.4948159266102,115.72815634992203,129525800
2021-03-10,116.65181732177734,118.7810627593394,116.13651302909358,118.31438187621302,111943300
2021-03-11,118.57689666748047,119.79222236399583,117.89631724453561,119.14080957092585,103026500
2021-03-12,117.67266845703125,117.80878431201303,115.85454635787849,117.06014710961325,88105100
2021-03-15,120.55057525634766,120.56029993815383,117.07960562741921,118.04214884674406,92403800
2021-03-16,122.08676147460938,123.6909929248944,121.26034146014726,122.21315268038276,115227900
2021-03-17,121.29922485351562,122.36870994462072,118.94634875177347,120.60892077273179,111932600
2021-03-18,117.18656158447266,119.7630534964986,116.98238776140393,119.47137236768086,121229700
2021-03-19,116.66152954101562,118.06158696536845,116.36013117462356,116.57402966087285,185549500
2021-03-22,119.96723937988281,120.43392774935558,116.92406625712914,116.99212420499393,111912300
2021-03-23,119.14080047607422,120.79364033005854,118.75189479932533,119.90888714776963,95467100
2021-03-24,116.75875091552734,119.49080775473756,116.73930897083474,119.41302514045037,88530500
2021-03-25,117.2448959350586,118.28522184257633,115.69900522410137,116.22402681020739,98844700
2021-03-26,117.84769439697266,118.11020888610055,115.62121696029041,117.0115497729694,94071200
2021-03-29,118.02271270751953,119.17970518605573,117.3810245738276,118.27550253849374,80819200
2021-03-30,116.57403564453125,117.06016589541106,115.56288383257017,116.7782094597697,85671900
2021-03-31,118.7616195678711,120.09361168317854,117.78935908416811,118.27548932601961,118323800
2021-04-01,119.5880355834961,120.73530321344647,119.09218067605553,120.22973104227312,75089100
2021-04-05,122.40760803222656,122.66039785902176,119.65610882120376,120.43392024929994,88651200
2021-04-06,122.7090072631836,123.60348521908364,122.16454371050696,122.99096372232243,80171300
2021-04-07,124.35212707519531,124.37156902257611,121.66868585332091,122.33954801322936,83466700
2021-04-08,126.74385070800781,126.77301732956983,124.95489535313669,125.3729601525352,88844600
2021-04-09,129.31065368652344,129.34953758105655,125.87857511762488,126.19942288071834,106686700
2021-04-12,127.59949493408203,129.1648351971554,127.00641533538912,128.84398739764742,91420000
2021-04-13,130.70095825195312,130.9245888251844,128.2703072556539,128.7661695536294,91266500
2021-04-14,128.36758422851562,131.25519981120385,128.0078525023259,131.19686654052674,87222800
2021-04-15,130.76904296875,131.2551732400093,129.93289830876327,130.10791292088626,89347100
2021-04-16,130.43850708007812,130.93435472673042,129.58291286418694,130.57462299301338,84922400
2021-04-19,131.0995635986328,131.7120922803658,129.64117327870747,129.80645573470406,94264200
2021-04-20,129.41758728027344,131.77045575605666,128.15364574587304,131.27460827428777,94812300
2021-04-21,129.79681396484375,130.03987915953448,127.65784321866985,128.68843727047496,68847100
2021-04-22,128.2800750732422,130.42876284437168,127.76477810538648,129.34955290809418,84566500
2021-04-23,130.59405517578125,131.37185181275385,128.4939686507075,128.4939686507075,78657500
2021-04-26,130.98294067382812,131.3135056957382,129.85511489088012,131.08988992627178,66905100
2021-04-27,130.66209411621094,131.65380402656527,130.38986235031265,131.26489090705445,66015800
2021-04-28,129.8745880126953,131.27464581514576,129.38845765548453,130.58433418027712,107760100
2021-04-29,129.77735900878906,133.267786329292,128.77593163661356,132.68442395293744,151101000
2021-04-30,127.8133544921875,129.8550923634748,127.43417354212586,128.1244700954483,109839500
2021-05-03,128.86338806152344,130.35096013574108,128.17309147912826,128.3772578570978,75135100
2021-05-04,124.30350494384766,127.84254003096058,123.18540387178189,127.55085891033158,137564700
2021-05-05,124.54657745361328,126.83138075425876,124.4201788397563,125.6160551149203,84000900
2021-05-06,126.14106750488281,126.15078476793269,123.60345989259194,124.34237986107578,78128300
2021-05-07,126.81307983398438,127.83567547908756,126.10211342037881,127.43638287913002,78973300
2021-05-10,123.54072570800781,126.16054372317713,123.50176833952001,126.03394527871879,88071200
2021-05-11,122.6252670288086,122.97586852300613,119.56717642454035,120.2781354744355,126142800
2021-05-12,119.56717681884766,121.3883949923918,119.06074583190636,120.18074615402475,112172300
2021-05-13,121.70977783203125,122.85899423262195,121.01830123774441,121.32995276517451,105861300
2021-05-14,124.12507629394531,124.55359993393608,122.56681864446786,122.95638491442686,81918000
2021-05-17,122.97588348388672,123.6186690672263,121.90458160868074,123.51153813666971,74244600
2021-05-18,121.59290313720703,123.67707407576847,121.5247295992301,123.25829164809352,63342900
2021-05-19,121.43708038330078,121.66107596519278,119.65481977612977,119.94699632595916,92612000
2021-05-20,123.98870849609375,124.38801589942798,121.83636431640589,121.96297760544228,76857100
2021-05-21,122.15778350830078,124.66073707262268,121.94352167759979,124.48543261389995,79295400
2021-05-24,123.78421783447266,124.60230780549196,122.65448374065255,122.72265728570756,63092900
2021-05-25,123.58943176269531,124.9723924215316,123.02456103094238,124.48542900111524,72009500
2021-05-26,123.54072570800781,124.06663903705564,123.12194328471185,123.64785661375969,56575900
2021-05-27,122.01168823242188,124.31012103497811,121.816908814046,123.14142966400581,94625600
2021-05-28,121.35916900634766,122.51812660764142,121.30073666690714,122.29412358918856,71311100
2021-06-01,121.03778839111328,122.07987398745031,120.7066618606694,121.81692100329542,67637100
2021-06-02,121.79742431640625,121.97272876206887,120.81377861108228,121.03777419532105,59278900
2021-06-03,120.31707000732422,121.59289214427336,119.91776258501811,121.42732891420592,76229200
2021-06-04,122.60578155517578,122.86874195718396,120.61900017592295,120.83326200560104,75169300
2021-06-07,122.61552429199219,123.02456555539773,121.5734387321586,122.87847726693603,71057600
2021-06-08,123.4336166381836,125.10875405806458,122.91744441753424,123.29726953953507,74403800
2021-06-09,123.81342315673828,124.41725123885395,123.21933627459374,123.89133789579034,56877900
2021-06-10,122.8200454711914,124.84578425664763,122.65448221103098,123.7063015458541,71186400
2021-06-11,124.02767181396484,124.11532774368726,122.81028200929232,123.22906439931397,53522400
2021-06-14,127.07603454589844,127.134466888619,123.75499846493855,124.48543247038134,96906500
2021-06-15,126.25794219970703,127.19290419262148,126.01446421684268,126.5501187512876,62746300
2021-06-16,126.75468444824219,127.47538492595855,125.10878508519964,126.96894635078698,91815000
2021-06-17,128.3518524169922,129.0920350275276,126.26768138864819,126.41377710106734,96721700
2021-06-18,127.0565414428711,128.07913695617995,126.8422796555246,127.30001939569985,108953300
2021-06-21,128.84854125976562,128.95567215813708,125.83915719739741,126.90071755171388,79663300
2021-06-22,130.48471069335938,130.5821078265205,128.18627804148716,128.68298261560656,74783600
2021-06-23,130.21205139160156,130.81588702946803,129.75431149256474,130.2802323751994,60214200
2021-06-24,129.9295654296875,131.12747267781475,129.4620771068999,130.9424270743005,68711000
2021-06-25,129.63742065429688,130.39707078875628,129.3452440962624,129.97829578212327,70783700
2021-06-28,131.26385498046875,131.72159479819973,129.87116798746578,129.9296003283306,62111300
2021-06-29,132.7733917236328,132.92922117145156,130.84505060419642,131.28330792306184,64556100
2021-06-30,133.386962890625,133.8252202160753,132.32538776453424,132.61756426840589,63261400
2021-07-01,133.68887329101562,133.74730561970333,132.21825700237508,133.03635418614581,52485800
2021-07-02,136.3087158203125,136.3476657575281,134.15636398642496,134.30244482687868,78852600
2021-07-06,138.31497192382812,139.41548226335163,136.4158466947496,136.4158466947496,108181800
2021-07-07,140.7984619140625,141.11010601971827,138.93828646790567,139.7953189039971,104911600
2021-07-08,139.50320434570312,140.30180471067555,137.0002425810336,137.8865063478738,105575500
2021-07-09,141.32437133789062,141.85027728075062,138.92854127199598,139.02593841657492,99890800
2021-07-12,140.73025512695312,142.50278173643568,140.24329922685985,142.39565084398657,76299700
2021-07-13,141.8404998779297,143.61302631112486,139.88294270410174,140.27250144114674,100827100
2021-07-14,145.25894165039062,145.6679976912108,143.827290089665,144.23634613048517,127050800
2021-07-15,144.6064910888672,146.086841914604,143.2527536148874,145.34667393209662,106820300
2021-07-16,142.57095336914062,145.85303150774294,142.07426368162248,144.5869580069263,93251400
2021-07-19,138.73373413085938,140.3114813657128,137.97408410918416,139.9998224538897,121434600
2021-07-20,142.3372039794922,143.26243208036362,139.2304378127707,139.71739371398104,96350000
2021-07-21,141.60679626464844,142.31776271135624,140.85689473808662,141.7334095777614,74993500
2021-07-22,142.97030639648438,144.3337774603304,142.00612801944465,142.1327413542018,77338200
2021-07-23,144.6843719482422,144.8402014430063,143.0871567787064,143.700726126391,71447400
2021-07-26,145.10317993164062,145.9212625899734,143.8468249071035,144.40196197857813,72434100
2021-07-27,142.9410858154297,145.3174337626536,141.7529118418177,145.22977037782812,104818600
2021-07-28,141.19775390625,143.13584408542147,138.82140631068384,141.0321906538661,118931200
2021-07-29,141.8404998779297,142.72676309452726,140.80815585011854,140.9152867319129,56699500
2021-07-30,142.0548095703125,142.51254941417247,140.35046351445212,140.61342392407167,70440600
2021-08-02,141.72364807128906,143.1163348001012,141.46068772656318,142.54173040964227,62880000
2021-08-03,143.51565551757812,144.17790846415585,141.39251988736964,142.00608912842299,64786600
2021-08-04,143.11634826660156,143.93443068193204,142.46382908813206,143.4280072023747,56368300
2021-08-05,143.22348022460938,143.9831303102646,142.35669923658142,143.1455654900914,46397700
2021-08-06,142.54071044921875,143.4868214640887,142.04327662115523,142.74554489782116,54126800
2021-08-09,142.49203491210938,143.0870121894418,141.93608083364543,142.59932638451323,48908700
2021-08-10,142.0140380859375,144.0720717018618,141.72142377939727,142.83334623786462,69023100
2021-08-11,142.2676239013672,143.10644361120174,141.94574966449076,142.45294678468827,48493500
2021-08-12,145.22300720214844,145.37907015513477,142.24812227389452,142.58950812317931,72282600
2021-08-13,145.42784118652344,145.75946379823836,144.6182813640554,145.30103817728678,59375000
2021-08-16,147.3980712890625,147.46635440777192,142.8626017681946,144.88161214330344,103296000
2021-08-17,146.4910125732422,147.94430623200614,145.41809822926902,146.53002087530285,92229700
2021-08-18,142.75534057617188,147.00795993561067,142.5505060596621,146.11062014748856,86326000
2021-08-19,143.0869140625,144.35489926234624,140.94110096897992,141.45804637705135,86960300
2021-08-20,144.54025268554688,144.84261535990314,143.16497579607238,143.80872432514332,60549600
2021-08-23,146.0228271484375,146.4910011515847,144.24764444190524,144.65729855503196,60131800
2021-08-24,145.93502807617188,147.14449367144724,145.4766024407117,145.7692167650667,48606400
2021-08-25,144.70603942871094,146.61777310120064,144.15983406027962,146.12032437546637,58991300
2021-08-26,143.90625,145.44733817166107,143.87699005673284,144.6963131171606,48597200
2021-08-27,144.9401092529297,145.08640892218122,143.21369874087407,143.84768381826737,55802400
2021-08-30,149.34881591796875,149.70971334019745,144.9498976782118,145.33029180641267,90956700
2021-08-31,148.09063720703125,149.03674862857602,147.5639283316424,148.90019723180595,86453100
2021-09-01,148.75387573242188,151.163044100905,148.5880643927795,149.06600170091482,80313700
2021-09-02,149.8657989501953,150.90945341746877,148.64658478729757,150.08038183350413,71115500
2021-09-03,150.49974060058594,150.82161480012687,149.31953520226918,149.97303195298093,57808700
2021-09-07,152.83090209960938,153.38685589495006,150.58754556278473,151.15326259436534,82278300
2021-09-08,151.28981018066406,153.17226923823645,150.18763608775444,153.11374935418493,74420200
2021-09-09,150.2754364013672,152.26518694823613,150.15838174591684,151.66046161317462,57305700
2021-09-10,145.30104064941406,151.65070144497142,145.03768627305047,151.1825274626448,140893200
2021-09-13,145.86676025390625,147.6906995642944,145.08646034770857,146.92016289482572,102404300
2021-09-14,144.47195434570312,147.34931083330153,143.29176371635268,146.64704249063803,109296300
2021-09-15,145.35952758789062,145.75943323857632,142.76503735858526,144.90110206305175,83281300
2021-09-16,145.12547302246094,145.30104757606733,143.59414799108714,144.78410203525485,68034100
2021-09-17,142.46267700195312,145.15471031932145,142.17006274358968,145.15471031932145,129868800
2021-09-20,139.41957092285156,141.27277037212733,137.79070269716544,140.2583908056045,123478900
2021-09-21,139.89743041992188,141.03862738328533,139.26344533625567,140.385115832889,75834000
2021-09-22,142.25787353515625,142.82357564689215,140.16081684875996,140.89234513594866,76404300
2021-09-23,143.21377563476562,143.45761846975984,142.05308135891542,143.0382010544173,64838200
2021-09-24,143.30149841308594,143.8379554130243,141.97499332368358,142.0725363720286,53477900
2021-09-27,141.7896728515625,142.3651530337308,140.2778597575895,141.88721590155166,74150700
2021-09-28,138.4149169921875,141.18496735666514,138.2003341585889,139.7219107001194,108972300
2021-09-29,139.31227111816406,140.89236770909372,138.53197117688373,138.9611368887371,74602000
2021-09-30,138.01502990722656,140.82410382973063,137.80044704464729,140.12183534910463,89056700
2021-10-01,139.1366729736328,139.40002732180153,135.68386603878685,138.40514469326044,94639600
2021-10-04,135.71310424804688,138.70750000671873,134.86453634124737,138.26857120239484,98322000
2021-10-05,137.63465881347656,138.7368332577452,135.92775886392107,136.0545619084437,80861100
2021-10-06,138.50270080566406,138.64900052233625,134.96209883237336,136.035013031244,83221100
2021-10-07,139.7609100341797,140.66801284222436,139.2049562794912,139.53657886179528,61732700
2021-10-08,139.38052368164062,140.62899749402928,139.04890108087716,140.48269778280476,58773200
2021-10-11,139.29273986816406,141.24348200456123,138.31736879996546,138.76604603984862,64452200
2021-10-12,138.02474975585938,139.72190071402855,137.56632417893402,139.70238912610083,73035900
2021-10-13,137.43955993652344,137.9174823014052,135.77166862906188,137.76143421982243,78762700
2021-10-14,140.21937561035156,140.3364302891857,138.0247901402729,138.61001888548796,69907100
2021-10-15,141.2727813720703,141.3313012712168,139.9755357033759,140.22914177699147,67940300
2021-10-18,142.94065856933594,143.2235096811566,139.63415065247935,139.9170017643,85589200
2021-10-19,145.09620666503906,145.49611240776287,142.94064476173952,143.38930715549284,76378900
2021-10-20,145.58389282226562,146.0618300447265,144.47197030405582,145.03768735830047,58418800
2021-10-21,145.7985076904297,145.9545706809791,144.228159195118,145.14501066086328,61421000
2021-10-22,145.02793884277344,146.481232332848,144.97916730862042,146.0033099939033,58883400
2021-10-25,144.97918701171875,145.69120388157359,143.98430413512364,145.0181953145529,50720600
2021-10-26,145.6424560546875,147.12500978003416,145.34007843670338,145.65220441024096,60893400
2021-10-27,145.1840362548828,146.04235295115012,144.8329019618233,145.68147030213953,56094900
2021-10-28,148.8123321533203,149.3975457116094,146.0325193817702,146.13006241630714,100077900
2021-10-29,146.11056518554688,146.2471165175258,142.80405839843382,143.59410645366754,124953200
2021-11-01,145.2913055419922,146.01307072992742,144.1598713388164,145.3205654883688,74588300
2021-11-02,146.3251953125,147.8370236875447,144.98892661408803,144.99868985144568,69122000
2021-11-03,147.75900268554688,148.2271767394299,146.1301344105293,146.68608830895576,54511500
2021-11-04,147.2420196533203,148.67580139860405,146.92989377476803,147.84674493928904,60394600
2021-11-05,147.76951599121094,148.6681654176707,146.57782514412813,148.36536141475236,65463900
2021-11-08,146.94898986816406,148.0527725947036,146.67548855791236,147.8964818732159,55020900
2021-11-09,147.3103790283203,147.91598686060686,146.57778313905698,146.7145337755314,56787900
2021-11-10,144.48745727539062,146.64617992683026,144.4190894029692,146.5387319232798,65187100
2021-11-11,144.4386444091797,145.96244193460964,144.25305100972494,145.50336208425588,41000000
2021-11-12,146.5094451904297,146.9099196974308,144.0576809080353,144.9856329096499,63804000
2021-11-15,146.5191650390625,148.35554334372281,145.96238505765794,146.8805742099881,59222800
2021-11-16,147.49598693847656,147.97462166575806,145.87450429964008,146.46058703081326,59256200
2021-11-17,149.9281768798828,151.40313104892564,147.48619089522273,147.4959534734695,88807000
2021-11-18,154.20654296875,154.9879815498081,149.49840122848465,150.14308917571017,137827700
2021-11-19,156.82437133789062,157.28346597858675,152.89765298958213,153.9916581394781,117305600
2021-11-22,157.28346252441406,161.85485386154411,157.26392246010866,157.92813559947206,117467900
2021-11-23,157.66441345214844,158.0453627342285,155.36894027506222,157.3811346832133,96041900
2021-11-24,158.18211364746094,158.37746957878764,155.93548317544833,157.01972573471906,69463600
2021-11-26,153.171142578125,156.72667394842426,152.73158803573577,155.86710492688786,76959800
2021-11-29,156.52159118652344,157.44954318891868,155.10522691977297,155.67176964553224,88748200
2021-11-30,161.46414184570312,161.67903783874624,156.20898240534294,156.27736517799391,174048100
2021-12-01,160.94644165039062,166.3481143018466,160.7120055934647,163.59354652559932,152052500
2021-12-02,159.9598846435547,160.38967666927002,154.13819694441963,155.0563862894109,136739200
2021-12-03,158.08447265625,161.13208267929107,156.0136723737617,160.21389314884243,118023100
2021-12-06,161.4836883544922,163.98428011365826,160.46781363689186,160.47757621707362,107497000
2021-12-07,167.20767211914062,167.59839885439817,164.43357936996645,165.15641265166715,120405400
2021-12-08,171.0172119140625,171.87679598965886,166.7388465074218,168.13567063026588,116998900
2021-12-09,170.50926208496094,172.64844463234323,169.8841141404718,170.85114615502485,108923700
2021-12-10,175.28578186035156,175.46161263264923,170.63624509261138,171.14418244016858,115402700
2021-12-13,171.66188049316406,177.90359710458122,171.4567470785072,176.9170250648393,153237000
2021-12-14,170.28460693359375,173.6154801461527,168.21380712036787,171.1832561903654,139380400
2021-12-15,175.13929748535156,175.33465344975855,168.31149697974806,171.04652519555987,131063300
2021-12-16,168.2626495361328,176.93659123544322,166.78769490587976,175.11975249855263,150185800
2021-12-17,167.16859436035156,169.44452711916642,165.7522454499337,165.9866665688057,195432700
2021-12-20,165.81089782714844,166.62163920449956,163.5740445559153,164.375008447403,107499100
2021-12-21,168.97573852539062,169.18085708761444,165.19553249835857,167.5789142050935,91185900
2021-12-22,171.56422424316406,171.7791202742142,168.15520530032774,169.02455200604697,92135300
2021-12-23,172.18934631347656,172.74612637491737,171.20278915942293,171.76933180091095,68356600
2021-12-27,176.14541625976562,176.23332421872217,172.961070429452,172.98059559497133,74919600
2021-12-28,175.1295166015625,177.12218615208815,174.38715798933583,175.9793381325386,79144300
2021-12-29,175.2174530029297,176.43844648209003,174.00622210590865,175.16861028282216,62348900
2021-12-30,174.0648193359375,176.379833000267,173.95737131856603,175.30535282655248,59773000
2021-12-31,173.44943237304688,175.0709001571645,173.14661351296067,173.9573548573712,64062300
2022-01-03,177.78639221191406,178.6362137085352,173.58618706197944,173.70339765267045,104487900
2022-01-04,175.5299835205078,178.69480333397306,174.96344087400894,178.39199939810527,99310400
2022-01-05,170.86093139648438,175.9891036993743,170.58743006603996,175.44210103848545,94537600
2022-01-06,168.00869750976562,171.23212317548703,167.65705080251047,168.69245085589924,96904000
2022-01-07,168.1747589111328,170.09904585932276,167.06121343542898,168.8780523594411,86709100
2022-01-10,168.19424438476562,168.4970482896935,164.26752639043735,165.1564129469489,106765600
2022-01-11,171.0172119140625,171.1148824378415,166.85607200254188,168.32126400156088,76138300
2022-01-12,171.45675659179688,173.06846173538992,170.7632407657719,172.0330618342014,74805200
2022-01-13,168.19424438476562,172.52143678948505,167.80351764880953,171.7009330010287,84505800
2022-01-14,169.05384826660156,169.7473640846977,167.1197842307582,167.36398288031089,80440800
2022-01-18,165.85971069335938,168.5361181103695,165.478761430844,167.53002095796475,90956700
2022-01-19,162.37257385253906,167.1100339648471,162.08930995625335,166.05509393247632,94815000
2022-01-20,160.69247436523438,165.74250066133902,160.3701303584997,163.10515822088573,91420500
2022-01-21,158.64122009277344,162.470253269675,158.5337720868401,160.60457194151562,122848900
2022-01-24,157.8695831298828,158.53381139617989,151.11016437480347,156.30672027070835,162294600
2022-01-25,156.07223510742188,158.98307875093712,153.3762874615523,155.29079647095608,115798400
2022-01-26,155.98431396484375,160.57524507136318,154.15771304423117,159.70589857439398,108275300
2022-01-27,155.5252685546875,160.03805574105326,154.60707906202995,158.68031157129744,121954600
2022-01-28,166.37742614746094,166.39696621279427,159.02216399560837,161.86463986114418,179935700
2022-01-31,170.7241668701172,170.93906288440527,165.576454917367,166.21138037947398,115541600
2022-02-01,170.55812072753906,170.78277933201363,168.31148996868112,169.9720379540269,86213900
2022-02-02,171.75958251953125,171.79866265554188,169.30783310188434,170.69487983616585,84914300
2022-02-03,168.88780212402344,172.15030783567607,168.125903430298,170.4311395793071,89418100
2022-02-04,168.60418701171875,170.27664070855118,166.93173331488632,167.90977257243412,82465400
2022-02-07,167.8902130126953,170.1299162190593,167.19579861278513,169.0638570704662,77251200
2022-02-08,170.99058532714844,171.49916986063508,167.66524328351184,167.95865801143464,74829200
2022-02-09,172.40872192382812,172.77059159545334,171.05902326407136,172.18377712176584,71285000
2022-02-10,168.34007263183594,171.62628436106874,167.78259814649985,170.31571564595043,90865900
2022-02-11,164.9365234375,169.27901969811438,164.34969397169522,168.545490327705,98670700
2022-02-14,165.17124938964844,165.85587378073802,162.90219149496014,163.69440078491326,86185500
2022-02-15,168.99539184570312,169.15188170406051,166.51117876998032,167.21536820889426,62527400
2022-02-16,168.76065063476562,169.53329496166765,166.31555287107355,168.0760262456703,61177400
2022-02-17,165.17124938964844,168.13470669398032,164.77024977354867,167.274027503072,69589300
2022-02-18,163.62594604492188,166.7947832093295,162.54032203615824,166.09060878011084,82772700
2022-02-22,160.71141052246094,163.02935867994262,158.58905229899906,161.35690506054718,91162800
2022-02-23,156.5547637939453,162.50122982841887,156.24178404281724,161.904625236065,90009200
2022-02-24,159.1660919189453,159.27367681919955,148.66194638721413,149.22921086821898,141147500
2022-02-25,161.22979736328125,161.4938572501659,157.3371898954576,160.24196804076124,91974200
2022-02-28,161.49383544921875,161.7872502076219,158.8629074909049,159.47907699118204,95056600
2022-03-01,159.61598205566406,162.94132403155473,158.41299811175085,161.08304074169718,83474400
2022-03-02,162.90219116210938,163.6846254319098,159.37146939131958,160.7798480922219,79724800
2022-03-03,162.57943725585938,165.20058983386846,161.91437782369874,164.77025023720336,76678400
2022-03-04,159.586669921875,161.91440821879274,158.54017563689038,160.8776889542246,83737200
2022-03-07,155.80166625976562,161.39605234966348,155.54736648605487,159.7725035009549,96418800
2022-03-08,153.98251342773438,159.3030497335725,152.3785295346828,155.3322124692921,131148300
2022-03-09,159.37147521972656,159.8213797915154,155.90922322313332,157.9337564869507,91454900
2022-03-10,155.03880310058594,156.86773192318665,152.5545747757299,156.68190205750494,105342000
2022-03-11,151.33197021484375,155.78205064733166,151.10702542359093,155.43973102802846,96970100
2022-03-14,147.31222534179688,150.73536174739257,146.80365582087973,148.12399948025242,108732100
2022-03-15,151.68408203125,152.1535515492418,147.0775261791108,147.58609577139651,92964300
2022-03-16,156.0852813720703,156.48628104894496,151.06795013405093,153.60106822684398,102300200
2022-03-17,157.0926513671875,157.46431103838808,154.16832371335292,155.12679794973494,75615400
2022-03-18,160.37884521484375,160.86786475806085,156.25151907619613,156.98504839102176,123511700
2022-03-21,161.74810791015625,162.6968070121453,159.4301451412394,159.9191646814939,95811400
2022-03-22,165.11257934570312,165.6993938917205,161.28844262082922,161.87525716684658,81532000
2022-03-23,166.4720458984375,168.84867380689857,163.9682532045546,164.30079784879288,98062700
2022-03-24,170.24725341796875,170.3157083866542,166.47202233591315,167.30334651961118,90131400
2022-03-25,170.88302612304688,171.4307257382337,168.95628752581777,170.06147670026667,80546200
2022-03-28,171.74371337890625,171.87084834447882,168.2227657996674,168.38903069595148,90371900
2022-03-29,175.02987670898438,175.0787667230212,172.467404224187,172.80972386459516,100589400
2022-03-30,173.865966796875,175.66555466041436,172.81945808655345,174.62883588954253,92633200
2022-03-31,170.77542114257812,174.1203133341303,170.5700263491638,173.93448350287292,103049300
2022-04-01,170.48202514648438,171.0395147015426,168.1640768197994,170.208175340956,78751300
2022-04-04,174.5213165283203,174.57022147286082,170.60915974417932,170.73630961524591,76468400
2022-04-05,171.21554565429688,174.38439814013864,170.58960114244232,173.60196376939686,73401800
2022-04-06,168.05648803710938,169.8169616919483,166.393824277865,168.57484765163213,89058800
2022-04-07,168.3596649169922,169.55287391806212,166.11996174699982,167.401190693142,77594700
2022-04-08,166.35470581054688,168.0075946635794,165.4842514050896,168.0075946635794,76575500
2022-04-11,162.10997009277344,165.31793693449984,161.8654603339608,165.00497220353915,72246700
2022-04-12,163.97802734375,166.13948524268093,162.98042335456353,164.33012199148104,79265200
2022-04-13,166.65785217285156,167.28379658301122,163.10758048377514,163.71395993382896,70618900
2022-04-14,161.66009521484375,167.50878046321276,161.4155854111937,166.87304601950618,75329400
2022-04-18,161.4449005126953,162.94129894819648,159.97784205250275,160.3201467390001,69023900
2022-04-19,163.7237548828125,164.1345444765827,160.31040765157212,161.39603175237912,67723800
2022-04-20,163.55746459960938,165.1712379709988,162.45229063171516,165.0538631380032,67929800
2022-04-21,162.76528930664062,167.76307044383682,162.26649466439048,165.2006123983915,87227800
2022-04-22,158.23692321777344,164.18340212764667,157.95329847424364,162.80437847987656,84882400
2022-04-25,159.30299377441406,159.58661851207708,154.9800632753819,157.58163561913904,96046400
2022-04-26,153.3565216064453,158.7748512209157,153.2782766938566,158.6868312906376,95623200
2022-04-27,153.131591796875,156.28086402556207,151.96772285920957,152.48608239761126,88063200
2022-04-28,160.04629516601562,160.90697422827097,155.43972508795935,155.75270471921226,130216800
2022-04-29,154.18788146972656,162.55012002443183,153.7966717400247,158.2858683064252,131747600
2022-05-02,154.4910888671875,154.75514872367953,149.9040823265059,153.26853978592672,123055300
2022-05-03,155.97769165039062,157.18069064394373,152.88709903691972,154.67689768841237,88966500
2022-05-04,162.37408447265625,162.82397418149506,155.76252942825218,156.16352911233957,108256500
2022-05-05,153.32720947265625,160.47667363266967,151.5471709663278,160.25172879543595,130525300
2022-05-06,154.052001953125,156.16767394547392,151.0156200226824,152.8080631040653,116124600
2022-05-09,148.93914794921875,152.63177739233632,148.38085428930862,151.75023984870148,131577900
2022-05-10,151.33885192871094,153.52309446613708,149.79127784510368,152.328132388233,115366700
2022-05-11,143.49325561523438,152.25956414663153,142.81741468212965,150.3495886480442,142689800
2022-05-12,139.6341094970703,143.19940187956024,135.95128476595931,139.83980605277625,182602000
2022-05-13,144.0907440185547,145.0604308345469,140.17283922837782,141.62245981596948,113990900
2022-05-16,142.55299377441406,144.4923678765716,141.2209052249836,142.56279810396367,86643800
2022-05-17,146.17701721191406,146.69613834453236,143.66954586445135,145.80481151470883,78336300
2022-05-18,137.92984008789062,144.33560760113403,137.0287088681347,143.83608013972986,109742900
2022-05-19,134.53102111816406,138.7525598644923,133.79641419166288,137.0090939545788,136095600
2022-05-20,134.76612854003906,137.81230015984903,129.8883411847853,136.23534285932448,137426100
2022-05-23,140.17282104492188,140.31973647724712,134.82487512400195,134.9620011760451,117726300
2022-05-24,137.479248046875,139.0562049598391,134.51143704695141,137.92000924521287,104132700
2022-05-25,137.63600158691406,138.87992561613757,135.50073567160547,135.5888849437953,92482700
2022-05-26,140.8291015625,141.37760590054086,134.32537951243148,134.5702485880299,90601500
2022-05-27,146.56883239746094,146.6080048732437,142.27872143657157,142.4060581377044,90978500
2022-05-31,145.78524780273438,147.567901829154,143.8262952175465,146.01053811087894,103718400
2022-06-01,145.6579132080078,148.62572491730577,144.6490389655957,146.8234773391278,74286600
2022-06-02,148.10658264160156,148.16534881431244,143.84585577263883,144.7959487531145,72348100
2022-06-03,142.396240234375,144.93307974702813,141.49512401563555,143.88503314588232,88570300
2022-06-06,143.14064025878906,145.52077501341512,141.92608448379778,144.01237341190438,71598400
2022-06-07,145.6579132080078,145.94195473174813,141.14252729935507,141.3873963509184,67808200
2022-06-08,144.92330932617188,146.7940975636926,144.43357121198528,145.53057980516448,53950200
2022-06-09,139.7124481201172,144.91346299390733,139.60470516840178,144.0613237048235,69473000
2022-06-10,134.31556701660156,137.87105521943323,134.24699651333503,137.40091085996173,91437900
2022-06-13,129.17332458496094,132.4251777606438,128.7423526705115,130.14299644685158,122207100
2022-06-14,130.0352325439453,131.14204524198857,128.7815044194442,130.39764883857168,84784300
2022-06-15,132.6504364013672,134.5212392737676,129.44756042743367,131.53383428431485,91533000
2022-06-16,127.39066314697266,129.6728443246095,126.39159330904647,129.36920911544067,108123900
2022-06-17,128.85986328125,130.3486710219844,127.14578023984714,127.40045357119396,134520300
2022-06-21,133.0814208984375,134.24699991857628,130.58376865027734,130.68170729877417,81000500
2022-06-22,132.57211303710938,134.93263938077834,131.16166488175563,132.0235937967665,73409200
2022-06-23,135.43215942382812,135.74558399228505,132.84634321517927,134.0119221215175,72433800
2022-06-24,138.75259399414062,138.99746302987265,136.90138468183136,137.0287064173905,89116800
2022-06-27,138.75259399414062,140.5450371291734,138.0767530642211,139.7712426067131,70207900
2022-06-28,134.6192169189453,140.47648065381134,134.50168455265504,139.21296287932694,67083400
2022-06-29,136.3724365234375,137.78288432606877,133.86498040570075,134.63877479951915,66242400
2022-06-30,133.9139862060547,135.53011594509118,131.0245344279122,134.43310739232075,98964500
2022-07-01,136.07859802246094,136.18634098386156,132.87572215700436,133.2479128863371,71051600
2022-07-05,138.6546630859375,138.70363989022064,134.11968301964518,134.94245447298385,73353800
2022-07-06,139.9867401123047,141.16210859174285,138.1845074474581,138.44897021265854,74064300
2022-07-07,143.34634399414062,143.5422362397496,140.3393449670909,140.34913434840425,66253700
2022-07-08,144.02215576171875,144.52169812610057,142.02403114104803,142.2786895406023,64547800
2022-07-11,141.8966827392578,143.6303594367227,140.82905749070648,142.68026652507825,63141600
2022-07-12,142.86636352539062,145.4032026642234,142.0729903924104,142.76840995155382,77588800
2022-07-13,142.50396728515625,143.4442558667998,139.20312303306522,140.05527730810053,71185600
2022-07-14,145.4228057861328,145.89295009063997,140.30993976956114,141.12290665908233,78140700
2022-07-15,147.08790588378906,147.76374670018814,145.15833701067942,146.70591085003534,76259900
2022-07-18,144.05154418945312,148.4591862413332,143.6891279021673,147.64621935829007,81420900
2022-07-19,147.90087890625,148.1261542059037,143.89482557447934,144.88409097349603,82982400
2022-07-20,149.8990020751953,150.5650535340759,147.2838029205586,148.0184099284549,64823400
2022-07-21,152.16162109375,152.3771070356204,148.821603940378,151.32906041419434,65086600
2022-07-22,150.92747497558594,153.07253011561605,150.2614383736218,152.20079694797485,66675400
2022-07-25,149.81089782714844,151.85799971719163,149.15465049641978,150.84914031891685,53623900
2022-07-26,148.48861694335938,149.94802710334568,147.70503289373295,149.13505995960023,55138700
2022-07-27,153.5720672607422,154.10099277980115,149.0371026048061,149.4484808165071,78620700
2022-07-28,154.12059020996094,154.40463173955777,151.2409277129022,153.75817384315252,81378700
2022-07-29,159.17465209960938,160.2716754702952,156.22643448443253,157.93072824104914,101786900
2022-08-01,158.19520568847656,160.2325181068246,157.58793518866128,157.70546755749734,67829400
2022-08-02,156.7259521484375,159.07670355733856,156.35376142488207,156.81411634866453,59907000
2022-08-03,162.72036743164062,163.1709180629882,157.45078129075776,157.53893055181024,82507500
2022-08-04,162.4069366455078,163.75861850349844,161.05525478751719,162.60282888470158,55474100
2022-08-05,162.1813507080078,162.67176904705062,159.87637852795464,160.0823608155598,56697000
2022-08-08,161.71055603027344,164.59421857415984,161.05339717997808,163.18181120847004,60276900
2022-08-09,161.75958251953125,162.6423445061743,160.1215870695177,160.8768354992681,63135500
2022-08-10,165.996826171875,166.0949008724902,163.70165667502752,164.4667081851827,70170500
2022-08-11,165.26116943359375,167.713261012407,164.9669154508603,166.80107516257124,57149200
2022-08-12,168.80201721191406,168.87066800455992,166.15374591104305,166.56571053244468,68039400
2022-08-15,169.87110900878906,170.06727335382837,168.0663730882192,168.2331135298216,54091700
2022-08-16,169.7141876220703,170.3811644180383,168.37044601656845,169.46897842594916,56377100
2022-08-17,171.20504760742188,172.7743773350279,169.26299514755854,169.45915949271176,79542000
2022-08-18,170.8126983642578,171.54832585930868,169.80243780169835,170.42036968678258,62290100
2022-08-19,168.23312377929688,170.4105825645676,168.02714147630917,169.71418188591318,70346300
2022-08-22,164.3588104248047,166.6049198473659,163.9370428679026,166.43817940694694,69026800
2022-08-23,164.0253143310547,165.47696339789675,163.4564272588674,163.87819481513557,54147100
2022-08-24,164.31956481933594,164.88845187937156,163.06409508904346,164.11359750144874,53841500
2022-08-25,166.7716522216797,166.8795448504242,165.12385385508654,165.54560642521002,51218200
2022-08-26,160.4844970703125,167.77212157949262,160.42564926256463,167.30132415112922,78961000
2022-08-29,158.28741455078125,159.77827539995786,156.7573118566176,158.06181135805244,73314000
2022-08-30,155.86477661132812,159.4448248788866,154.69757844618866,159.02307224651202,77906200
2022-08-31,154.2071533203125,157.50276536238007,154.1286845852179,157.23793525223348,87991100
2022-09-01,154.93299865722656,155.38417523650494,151.7060369719439,153.63828680423725,74229900
2022-09-02,152.82418823242188,157.28699892323417,152.00028886480865,156.6886878420521,76957800
2022-09-06,151.5686798095703,154.07961913097643,150.74478065092995,153.47150522336744,73714800
2022-09-07,152.9713134765625,153.6676992214009,150.66634101658914,151.85316012640948,87449600
2022-09-08,151.50003051757812,153.36361410419434,149.75412756943635,151.6765739248584,84923800
2022-09-09,154.35427856445312,154.79566708651402,151.7844910019974,152.49069467763707,68028800
2022-09-12,160.2981414794922,161.11223777090294,156.24729591423596,156.53173198406338,104956000
2022-09-13,150.8918914794922,157.46349338077283,150.43089710301157,156.8357585865151,122656600
2022-09-14,152.33375549316406,154.08946168271527,150.66633598686377,151.82371618505977,87965400
2022-09-15,149.45008850097656,152.2651001071562,148.4790697119515,151.68639505914092,90481100
2022-09-16,147.81210327148438,148.44965617349064,145.52675172371437,148.312339619677,162278800
2022-09-19,151.51962280273438,151.5980915210163,146.24273245408108,146.44869974399057,81474200
2022-09-20,153.89329528808594,155.050690549917,150.14650631554355,150.46036632402453,107689800
2022-09-21,150.77420043945312,155.69800426701255,150.65650483896582,154.3248240736869,101696800
2022-09-22,149.81301879882812,151.5098622787984,148.01808565192604,149.45991695080835,86652500
2022-09-23,147.54725646972656,148.5673350111051,145.7130966439831,148.29270193451399,96029900
2022-09-26,147.88076782226562,150.82327820825114,146.77241745430226,146.7920383807957,93339400
2022-09-27,148.85179138183594,151.75507497309587,147.07647912072952,149.81302224747262,84442700
2022-09-28,146.9685516357422,147.75322390412563,142.06436866631904,144.81071412247172,146691400
2022-09-29,139.74960327148438,143.9083561021041,137.98409428837317,143.3002421615135,128138200
2022-09-30,135.55162048339844,140.35772899315157,135.35545614892226,138.5725991267457,124925300
2022-10-03,139.72018432617188,140.32831325471835,135.05140704196927,135.56144631438175,114311700
2022-10-04,143.3002166748047,143.41791226395273,141.49546616506458,142.25071445031105,87830100
2022-10-05,143.59446716308594,144.55569777280346,140.2694318056122,141.30913113651346,79471000
2022-10-06,142.64306640625,144.71263233032042,142.43709909152813,143.0157891213956,68402200
2022-10-07,137.40542602539062,140.35775442140775,136.77769106151405,139.80847323243142,85925600
2022-10-10,137.72909545898438,139.1709266873786,135.91455644051044,137.72909545898438,74899000
2022-10-11,136.316650390625,138.64124303543636,135.57122005048993,137.21901816017072,77033700
2022-10-12,135.68893432617188,137.67022848780448,135.51239091855444,136.4638036366148,70433700
2022-10-13,140.24989318847656,140.83838643034153,131.79506775963168,132.40319689919323,113224000
2022-10-14,135.7281951904297,141.75053227831364,135.5418338120233,141.5445499741852,88598000
2022-10-17,139.68096923828125,140.16156968133146,137.5819791306435,138.36665154683308,85250900
2022-10-18,140.99526977539062,143.88873492707052,137.91544326382163,142.7019309504816,99136600
2022-10-19,141.1031951904297,142.1723038055395,138.78841953799576,138.974780941184,61758300
2022-10-20,140.6421661376953,143.09425775385319,139.91634163141597,140.2792613677454,64522000
2022-10-21,144.44784545898438,145.01673262152644,139.91636908601356,140.13215438788754,86548600
2022-10-24,146.5859832763672,147.351034399501,143.2021010061408,144.36929860759156,75981900
2022-10-25,149.42066955566406,149.5678040506047,146.49778017936205,147.2137868289863,74732300
2022-10-26,146.4879608154297,149.07736899312695,145.20305222207165,148.06710843299678,88194300
2022-10-27,142.02513122558594,146.19368643958677,141.3679725525205,145.23247083964995,109180200
2022-10-28,152.7555389404297,154.48180643716302,144.98731275555542,145.36002058759684,164762400
2022-10-31,150.4014892578125,151.28425122815005,149.00870300208484,150.22494584357278,97943200
2022-11-01,147.7630157470703,152.4710340362063,146.27215501250635,152.1081293130579,80379300
2022-11-02,142.250732421875,149.2539052221096,142.22130852087065,146.09561013902547,93604600
2022-11-03,136.21859741210938,140.06347524662803,136.0910838596121,139.3376507448135,97918500
2022-11-04,135.9533233642578,140.16808578570755,132.02346880241154,139.59825507529519,140814800
2022-11-07,136.48385620117188,136.70981865595215,133.29084915754692,134.70559929239224,83374600
2022-11-08,137.05369567871094,138.9498435557623,135.0789489012502,137.94774130575934,89908500
2022-11-09,132.50486755371094,136.12034157773797,132.22977893126608,136.07121539704306,74917800
2022-11-10,144.29446411132812,144.29446411132812,137.05371017047622,138.7632027049217,118854000
2022-11-11,147.07481384277344,147.37937519314977,141.83828048896822,143.26286485614494,93979700
2022-11-14,145.67974853515625,147.64467637079764,144.8446482085248,146.35765103704608,73374100
2022-11-15,147.4088592529297,150.89660867721872,145.95481705312972,149.5506380930854,89868300
2022-11-16,146.18077087402344,147.24183349471545,144.70707528826344,146.51481993344615,64218300
2022-11-17,148.07693481445312,148.82360185357618,143.58706836561342,143.86215701114332,80389400
2022-11-18,148.63693237304688,150.02220984195606,147.34008803390304,149.63904958366277,74829600
2022-11-21,145.41444396972656,147.73305885560603,145.12953609848137,147.52674987775407,58724100
2022-11-22,147.54638671875,147.7821833963105,144.353379792247,145.5323481888436,51804100
2022-11-23,148.42080688476562,149.16747394284351,146.72113379241404,146.82920540527334,58301400
2022-11-25,145.5126953125,146.2691965387926,144.5400508786952,145.70918504900035,35195900
2022-11-28,141.69091796875,144.06847835661756,140.86565204725017,142.59478278627932,69246000
2022-11-29,138.69442749023438,142.27059550015326,137.88881488460692,141.75971007267643,83763800
2022-11-30,145.43409729003906,146.1119996275474,138.08527316426236,138.9203582971881,111380900
2022-12-01,145.70921325683594,146.51484082101652,144.0390276864429,145.61097586517099,71250400
2022-12-02,145.2179412841797,145.4046117654443,143.09581632538948,143.40039263183445,65447400
2022-12-05,144.0586700439453,148.27343309869434,143.21375058654476,145.17867816271277,68826400
2022-12-06,140.40391540527344,144.71693119940028,139.431270776129,144.49096870660432,64727200
2022-12-07,138.4684600830078,140.85584008868295,137.5449416476374,139.69653991914743,69721100
2022-12-08,140.14846801757812,141.00322179654424,138.62566097989853,139.8635600853956,62128300
2022-12-09,139.6670684814453,143.01727390300547,138.42915440090607,139.8439047836886,76097000
2022-12-12,141.95616149902344,141.9659807375352,138.5863037802082,140.19754337716597,70462700
2022-12-13,142.91900634765625,147.34009332894186,141.71058010364294,146.87833415604433,93886200
2022-12-14,140.6986541748047,144.08815144991274,138.68460028950005,142.80112620848055,82291200
2022-12-15,134.1062774658203,139.31333739130548,133.64451838807022,138.63543512859985,98931900
2022-12-16,132.15118408203125,135.23611943482993,131.38486361161162,134.29296269794702,160156900
2022-12-19,130.04876708984375,132.82914226976905,129.01719178598367,132.7407240993603,79592600
2022-12-20,129.97996520996094,130.91330283228723,127.6122238272619,129.08591954394805,77432800
2022-12-21,133.07472229003906,134.41087369361549,130.42207295695286,130.64803543949063,85928000
2022-12-22,129.9111785888672,132.20032094511618,128.0150307307424,131.99401195090732,77852100
2022-12-23,129.5476837158203,130.09786107261186,127.36661277196195,128.62416529925937,63814900
2022-12-27,127.74974822998047,129.10555287498912,126.46272323679953,129.0760801645503,69007800
2022-12-28,123.8297348022461,128.73222692892008,123.66271775984323,127.39607559848972,85438400
2022-12-29,127.33712768554688,128.19186635387044,125.49009852746012,125.74553370652504,75703700
2022-12-30,127.65149688720703,127.67115035805845,125.19534521858718,126.1581629090278,77034200
2023-01-03,122.8767318725586,128.60448941700523,121.9925130634904,127.99536673400503,112117500
2023-01-04,124.14411163330078,126.40378110334795,122.88655931785308,124.66481618620305,89113600
2023-01-05,122.8276138305664,125.52938912334946,122.57217865426507,124.90061292758642,80962700
2023-01-06,127.34693908691406,128.0051879622661,122.69989001665523,123.80025205121024,87754700
2023-01-09,127.86766052246094,131.07050217869943,127.61222532540481,128.18205614149144,70790800
2023-01-10,128.4375,128.95820466182693,125.87326865028986,127.97574077291436,63896200
2023-01-11,131.14907836914062,131.1687168485226,128.17221470136022,128.94835439070522,69458900
2023-01-12,131.07049560546875,131.90558081812333,129.13504077259947,131.5322547782573,71379600
2023-01-13,132.3968048095703,132.55400260182785,129.35117628841525,129.71468306570503,57809700
2023-01-17,133.55613708496094,134.88245427698436,131.77787992946924,132.4656016206527,63646600
2023-01-18,132.83892822265625,136.1792989256054,132.6620769549058,134.42069543585905,69672800
2023-01-19,132.89785766601562,133.86066781311564,131.42416224055012,131.72872356322017,58280400
2023-01-20,135.45225524902344,135.59963378756996,131.8662690124696,132.9076780568954,80223600
2023-01-23,138.63546752929688,140.80671912517695,135.4817521326256,135.6978953680963,81760300
2023-01-24,140.0305633544922,140.64952034187644,137.83967329148908,137.84949253259393,66435100
2023-01-25,139.37234497070312,139.9323416606216,136.37582674384313,138.41935368230486,65799300
2023-01-26,141.43548583984375,141.72039372676826,139.41159795380088,140.65933109437518,54105100
2023-01-27,143.37094116210938,144.64814715401417,140.57092820918845,140.64952711543583,70555800
2023-01-30,140.49232482910156,142.99761054282715,140.34496125408572,142.41796049282078,64015300
2023-01-31,141.7597198486328,141.8088460454489,139.78497266279496,140.19760573187105,65874500
2023-02-01,142.8796844482422,144.0389993752098,138.8417731528238,141.44529588395375,77663600
2023-02-02,148.17520141601562,148.52887400177488,145.57166328269082,146.28885767804982,118339000
2023-02-03,151.7906494140625,154.62014981197694,145.23761799882098,145.43410775063012,154357300
2023-02-06,149.0692138671875,150.41519933800663,148.1358763450209,149.8944947732861,69858300
2023-02-07,151.93798828125,152.50781896271047,147.9983146799996,147.9983146799996,83322600
2023-02-08,149.25588989257812,151.8692470443083,148.51904208604415,151.18152542311802,64120100
2023-02-09,148.22433471679688,151.62366665738756,147.78222892746496,151.08330847433277,56007100
2023-02-10,148.58836364746094,148.9130734935689,146.8270751036462,147.0632318137508,57450700
2023-02-13,151.38284301757812,151.78625678187208,148.49982115470684,148.52933886882354,62199000
2023-02-14,150.7432403564453,151.3041068890254,148.4407688328002,149.68055772689488,61707600
2023-02-15,152.839111328125,153.0063833860837,150.42840282421838,150.6547103127393,65573800
2023-02-16,151.24508666992188,153.82306709582505,150.8908590911332,151.0482818929642,68167900
2023-02-17,150.10365295410156,150.54643357945778,148.43091780603734,149.90686323328694,59144100
2023-02-21,146.09893798828125,148.87372305726493,146.03006833094608,147.79135689260553,58867200
2023-02-22,146.52206420898438,147.54538003263738,144.80012742797703,146.48269724609548,51011300
2023-02-23,147.0041961669922,147.92912460701393,144.87884561858363,147.68313363952294,48394200
2023-02-24,144.35731506347656,144.82961341599875,143.3831856356865,144.75089452156274,55469600
2023-02-27,145.54791259765625,146.77786725557394,145.0854484451516,145.34128862301924,44998500
2023-02-28,145.0460968017578,146.689314426437,144.47539603761436,144.6918692589824,50547000
2023-03-01,142.97979736328125,144.8690063216874,142.6846051791963,144.47542675230628,55479000
2023-03-02,143.57022094726562,144.3573953151406,141.5924432835407,142.06475691272703,52238100
2023-03-03,148.6080780029297,148.68679692265323,144.96741429678426,145.6660203114201,70732300
2023-03-06,151.3631591796875,153.79355106354063,150.99909736370918,151.32379221822697,87558000
2023-03-07,149.16893005371094,151.55995507278075,148.70646582947896,151.2352451910372,56182000
2023-03-08,150.41854858398438,151.00893289820618,149.39523278864294,150.35951315538156,47204800
2023-03-09,148.17510986328125,152.06176399701366,147.82088228318355,151.09748364556307,53833600
2023-03-10,146.11862182617188,148.5194958597798,145.242894659562,147.80120650188752,68572400
2023-03-13,148.05703735351562,150.6842189540097,145.33145336527863,145.43968998615728,84457100
2023-03-14,150.14305114746094,150.94005952145656,147.69299059245188,148.85406081281639,73695900
2023-03-15,150.53663635253906,150.79246155107444,147.51586009545082,148.76549840164833,77167900
2023-03-16,153.3507843017578,153.9510028988609,149.20828955550553,149.71995500240442,76161100
2023-03-17,152.51438903808594,154.22649145558808,151.80593390078133,153.57707174404283,98944600
2023-03-20,154.87591552734375,155.28919358755078,151.6780327765039,152.5832927983786,73641400
2023-03-21,156.72573852539062,156.8438093660786,154.0296725549558,154.79717806171172,73938300
2023-03-22,155.29901123046875,159.53989288471735,155.27932775015748,156.7454392443716,75701800
2023-03-23,156.38136291503906,158.9593583364734,155.15140813839363,156.28297554136526,67622100
2023-03-24,157.68020629882812,157.76875944157217,155.31869907440637,156.31249715364865,59196500
2023-03-27,155.7417755126953,158.19185056660328,155.33834678641222,157.37515888196728,52390300
2023-03-28,155.12185668945312,155.94839753031852,153.47863926690832,155.43673225056244,45992200
2023-03-29,158.19187927246094,158.4673879613573,156.79465234617297,156.81432081388166,51305700
2023-03-30,159.75636291503906,159.86459953343115,158.68384597812414,158.93967116064357,49501700
2023-03-31,162.25564575195312,162.35404815041076,159.31360321570477,159.83510289651463,68749800
2023-04-03,163.5052490234375,163.6233198649464,161.586522778444,161.6357239671043,56976200
2023-04-04,162.97393798828125,164.16452584406122,162.4622725801105,163.92838412805693,46278300
2023-04-05,161.1339111328125,162.40323287933546,159.20535043705326,162.0982064947886,51511700
2023-04-06,162.0194854736328,162.31467762112032,159.40213812085784,159.8252353547828,45390100
2023-04-10,159.43167114257812,159.43167114257812,157.51294452082058,158.8314525568901,47716900
2023-04-11,158.22140502929688,159.75638637804428,157.93604707794614,159.74655214369014,47644200
2023-04-12,157.53262329101562,159.46118408911326,157.2177476424543,158.6346580327857,50133100
2023-04-13,162.905029296875,163.14118599216286,158.8314201412513,159.03805912639,68445600
2023-04-14,162.5606689453125,163.65286938363687,161.19295983913122,161.9506011686896,49386500
2023-04-17,162.58033752441406,162.7377753387549,161.39958394505072,162.44258319038994,41516200
2023-04-18,163.8004608154297,164.7253892225956,162.99360326395418,163.43639900098648,49923000
2023-04-19,164.9418487548828,165.46334834295578,162.8853530999642,163.14119328481948,47720200
2023-04-20,163.97756958007812,165.17800667808302,162.90505258707114,163.42655222639002,52456400
2023-04-21,162.37368774414062,163.78074857435575,161.85218820428946,162.40320545287983,58337300
2023-04-24,162.6787567138672,162.94443117624493,161.26184626664974,162.35404681853836,41949600
2023-04-25,161.14378356933594,163.64304544690907,161.10441660264104,162.54101060503098,48714100
2023-04-26,161.1339111328125,162.6295403559192,160.1893142654478,160.44513945575562,45498800
2023-04-27,165.70936584472656,165.85695442572842,162.54100085037314,162.54100085037314,64902300
2023-04-28,166.95896911621094,167.12625617335198,165.1878463008649,165.78806481489534,55275900
2023-05-01,166.87042236328125,167.71663185783257,165.9356597273935,166.56539597816914,52472900
2023-05-02,165.8372344970703,167.61822139630092,164.85327080237903,167.36238122666072,48425700
2023-05-03,164.7647247314453,168.17908009941613,164.47938185396285,166.7818533947913,65136000
2023-05-04,163.13137817382812,164.36133312270948,161.6751157183002,162.24581661627295,81235400
2023-05-05,170.78662109375,171.50491053581004,168.02166992672903,168.23814318555767,113453200
2023-05-08,170.71774291992188,171.0621363032094,169.35003364925416,169.71409550111375,55962800
2023-05-09,169.01547241210938,170.7570775926942,168.84820036158354,170.27494492179522,45326900
2023-05-10,170.77679443359375,171.23925872825046,169.14341054242746,170.24546046425388,53724500
2023-05-11,170.96368408203125,171.79020994413887,169.4090197142991,171.06208645260807,49514700
2023-05-12,170.03753662109375,171.5056611983073,168.4905692075404,171.07211580763337,45533100
2023-05-15,169.54486083984375,170.66813061172948,168.95365989259247,170.61886136031444,37266700
2023-05-16,169.54486083984375,170.5991506527755,169.2788189100942,169.4660330445526,42110300
2023-05-17,170.15574645996094,170.39221479568312,167.91905489711874,169.19013234108013,57951600
2023-05-18,172.4810791015625,172.66829318642024,170.04732606813303,170.46116060762145,65496700
2023-05-19,172.58950805664062,173.80145343851697,172.37273538217633,173.80145343851697,55809500
2023-05-22,171.64356994628906,172.1460951955022,170.9045763773169,171.42679729660153,43570900
2023-05-23,169.04229736328125,170.83559547287618,168.76640765947607,170.58926430627432,50747300
2023-05-24,169.31820678710938,169.8896969643689,168.01758589409968,168.57921320123526,45143500
2023-05-25,170.4513397216797,171.3479738482291,169.17041449607095,169.8798495430277,56058300
2023-05-26,172.8555145263672,173.1905363695113,170.56956891324683,170.7764937271046,54835000
2023-05-30,174.69808959960938,176.36329091292328,173.978806707213,174.36308277683443,55964400
2023-05-31,174.6488494873047,176.7180379211288,174.16603484344822,174.72767728843633,99625300
2023-06-01,177.44712829589844,177.47668683522244,174.33349851829678,175.0922027756249,68901800
2023-06-02,178.29452514648438,179.11234656032465,176.62932377666553,178.37335293714096,61996900
2023-06-05,176.9446258544922,182.23581511366768,175.42721727327233,179.9498694414483,121946500
2023-06-06,176.58006286621094,177.4766970018392,174.82617090162998,177.328904296753,64848400
2023-06-07,175.21044921875,178.55069942371495,174.71778685793004,175.8213457350109,61944600
2023-06-08,177.9201202392578,178.18614713091944,174.85575927069235,175.2892895872439,50214900
2023-06-09,178.30438232421875,179.55573399442156,177.9792233362159,178.83645110058313,48900000
2023-06-12,181.09283447265625,181.19137296447727,178.31422641468646,178.60982685528654,54274900
2023-06-13,180.61988830566406,181.4475575367352,179.76266053311636,180.11737806569877,54929100
2023-06-14,181.25048828125,181.68403358526143,179.34881869349235,180.67899811094975,57462900
2023-06-15,183.2802734375,183.78279874291368,181.08300318978328,181.26036948430115,65433200
2023-06-16,182.20628356933594,184.245913383536,181.56582838117956,183.98971928038128,101256200
2023-06-20,182.29493713378906,183.36895259993452,181.7037512704965,181.7037512704965,49799100
2023-06-21,181.26034545898438,182.68906332243637,179.91044034391143,182.18653808363035,49515700
2023-06-22,184.2557373046875,184.3050065515812,180.97460392176268,181.0435838743865,51245300
2023-06-23,183.94039916992188,184.8074896764934,182.2949088021226,182.82699253474095,53117000
2023-06-26,182.55111694335938,185.2903184900679,182.51169553463515,184.08822111663613,48088700
2023-06-27,185.3002166748047,185.62537572825232,182.94529053153212,183.16206323383057,50730800
2023-06-28,186.47274780273438,187.11320300977505,184.84696764032918,185.1721116449177,51216800
2023-06-29,186.8077392578125,187.2807060224463,186.16728410364277,186.30522898461155,46347300
2023-06-30,191.12344360351562,191.62595381515632,188.45320690668942,188.81778728912292,85213200
2023-07-03,189.63558959960938,191.0347488046626,188.9458503136462,190.93621032527898,31458200
2023-07-05,188.52218627929688,190.14796610334872,187.82259909124357,188.75866963191964,46920300
2023-07-06,188.9951629638672,189.20208780415717,186.42346442381324,187.05407174607458,45094300
2023-07-07,187.88172912597656,189.84253092683244,187.4481988352347,188.60102706839623,46815000
2023-07-10,185.84213256835938,187.20188576037833,184.29516523716504,186.4825877482977,59922200
2023-07-11,185.3199005126953,186.52199803845542,183.86162393721375,186.3840531601648,46638100
2023-07-12,186.98509216308594,188.88676181703667,185.70416691161034,186.89640150427806,60750200
2023-07-13,187.7437744140625,188.38424453327508,186.99493300399138,187.7043680387378,41342300
2023-07-14,187.89158630371094,188.37438582770977,186.8471444335954,187.4383302857117,41616200
2023-07-17,191.14317321777344,191.46833222271863,188.99515722491665,189.08383285312058,50520200
2023-07-18,190.88694763183594,191.47814845869007,189.59617469589472,190.51253447403246,48288200
2023-07-19,192.23687744140625,195.32093388898534,189.82281961650222,190.26622781119138,80507300
2023-07-20,190.29576110839844,193.5867419459116,189.67500174607378,192.22698907029056,59581200
2023-07-21,189.123291015625,192.10882469086232,188.42370362028387,191.2515967152596,71951700
2023-07-24,189.92135620117188,192.04966138875844,189.4286937985748,190.57167418096722,45377800
2023-07-25,190.77857971191406,191.58655325087184,190.08885537064708,190.49284214012596,37283200
2023-07-26,191.64569091796875,192.76896069007793,190.48301476563847,190.82786945588313,47471900
2023-07-27,190.3844757080078,194.30606454519102,189.72430983845956,193.14338839624878,47460200
2023-07-28,192.95614624023438,193.7444090416655,191.29094501886246,191.8131659299023,48291400
2023-07-31,193.56704711914062,193.6064685292723,192.394508242959,193.18277106210203,38824100
2023-08-01,192.73941040039062,193.8429695122176,192.41425136889904,193.36016991822595,35175100
2023-08-02,189.75384521484375,192.3156805851802,189.03456234552243,192.17773571935334,50389300
2023-08-03,188.36456298828125,189.54694988427917,187.89161123685508,188.75870197685728,61235200
2023-08-04,179.3192901611328,184.63019095429203,179.25031019901363,182.79748597555601,115956800
2023-08-07,176.225341796875,180.44253062568194,174.74735463626894,179.45720585194456,97576100
2023-08-08,177.1614227294922,177.6245266423458,174.97400021533483,177.0530363874442,67823000
2023-08-09,175.5750274658203,178.27480777933516,174.41233639065635,178.2156906972674,60378500
2023-08-10,175.35826110839844,178.09746293161143,174.99369573264087,176.8460961883882,54686900
2023-08-11,175.41748046875,176.2364063672045,174.19403724396824,174.95376621930987,52036700
2023-08-14,177.06520080566406,177.2921273528478,174.94388246971033,175.595078706152,43675600
2023-08-15,175.08201599121094,177.0849254578291,174.68735981208974,176.49294118914725,43622600
2023-08-16,174.21372985839844,176.1574269074876,174.14465676238186,174.766254405872,46964900
2023-08-17,171.67800903320312,175.14116345073805,171.16494410110627,174.77610583538885,66062900
2023-08-18,172.16148376464844,172.76334408254257,169.6652471318657,170.00070631097662,61172200
2023-08-21,173.49349975585938,173.77963828216437,171.42153223598535,172.73378585948967,46311900
2023-08-22,174.8649139404297,175.30890581271296,173.89799596554266,174.69718434668556,42038900
2023-08-23,178.7030029296875,179.12727253692543,175.95024126986627,176.13770818549477,52722800
2023-08-24,174.02627563476562,178.68329009610582,173.6612029173666,178.25902046647073,54945800
2023-08-25,176.22653198242188,176.7593193055493,173.47376987845638,175.01294998434398,51449600
2023-08-28,177.78541564941406,178.1800717356574,176.16730160755293,177.68674410027091,43820700
2023-08-29,181.66297912597656,182.4325690983829,177.1046362040057,177.30196426395187,53003900
2023-08-30,185.1458740234375,185.34321714142652,182.27471834075723,182.47204640358012,60813900
2023-08-31,185.36293029785156,186.59624944883035,184.9781353249528,185.33333184264131,60794500
2023-09-01,186.93174743652344,187.38560051082152,185.76748618147488,186.96134589549212,45766500
2023-09-05,187.16854858398438,187.44481092436058,185.10644216647313,185.767499556314,45280000
2023-09-06,180.46914672851562,186.32988234003622,179.04836051297525,185.88587535630464,81755800
2023-09-07,175.19052124023438,175.83185624974686,171.22416252451072,172.84227669356144,112488800
2023-09-08,175.80226135253906,177.83478423163749,175.41746632815568,175.97000602806156,65551300
2023-09-11,176.9665069580078,177.89396541040293,174.97345890425444,177.6670388917848,58953100
2023-09-12,173.9473419189453,177.72623373133553,172.487096210491,177.09477490699047,90370200
2023-09-13,171.88522338867188,174.93398459835862,171.6582818339781,174.15451849429098,84267900
2023-09-14,173.39483642578125,173.75003299454158,171.2636570132194,171.6780505009118,60895800
2023-09-15,172.674560546875,174.14468255030425,171.5004532372104,174.12494522635322,109259500
2023-09-18,175.59506225585938,176.98624997924455,173.8190795297471,174.12494029407293,67257600
2023-09-19,176.68038940429688,177.23291401853146,174.7662755227223,175.15107052586188,51826900
2023-09-20,173.14817810058594,177.3019893003594,173.05936766417838,176.86785847407558,58436200
2023-09-21,171.60894775390625,173.94733103404198,171.5398897121348,172.2206842726111,63149100
2023-09-22,172.4574737548828,174.71692282922322,171.72735846610487,172.33907993619778,56725400
2023-09-25,173.73025512695312,174.60837768157924,171.82600269974301,171.87533847239564,46172700
2023-09-26,169.665283203125,172.86203732750283,169.36928354767613,172.48711848209095,64588900
2023-09-27,168.15565490722656,170.730825832551,166.79408083596385,170.31643241476104,66921800
2023-09-28,168.41221618652344,169.7343308371659,165.38317681816312,167.08022534636603,56294400
2023-09-29,168.92526245117188,170.7604419321708,168.06686209293406,169.72445084440017,51861100
2023-10-02,171.4313507080078,171.97401410977108,168.64897565996583,168.9351141150612,52164500
2023-10-03,170.09938049316406,171.31297744317223,168.54047825044546,169.96124934298015,49594600
2023-10-04,171.3425750732422,171.88523853747708,168.68846972057472,168.80686354725646,53020300
2023-10-05,172.57591247558594,173.10869980697885,170.3756599300563,171.47084810780015,48527900
2023-10-06,175.1214599609375,175.61478762599208,170.86896284182788,171.48069938400815,57266700
2023-10-09,176.60145568847656,176.66065260372454,173.45402254968238,174.45053908507856,42390800
2023-10-10,176.0094451904297,177.3216985969386,175.5753144327677,175.7233217666065,43698000
2023-10-11,177.40065002441406,177.44998580714199,175.23001108089,175.82199530812358,47551100
2023-10-12,178.2985076904297,179.90674578858014,176.6507798893927,177.6670488234186,56743100
2023-10-13,176.4633026123047,179.50218762206515,175.76277074017605,178.99899884980246,51427100
2023-10-16,176.33506774902344,176.6902643223361,174.15455252434904,174.3913552582801,52517000
2023-10-17,174.78599548339844,176.03905203817294,172.467364361049,174.29266779074965,57549400
2023-10-18,173.49349975585938,175.21028574818484,172.77324545527233,173.2369747453516,54764400
2023-10-19,173.11856079101562,175.46679037407037,172.85215962113486,173.69080766680926,59302900
2023-10-20,170.57298278808594,173.07908076842247,170.33618008275127,172.97054807703984,64244000
2023-10-23,170.69137573242188,171.68789221712717,167.66233657820504,168.62926966195786,55980100
2023-10-24,171.12550354003906,171.35243005141567,169.1620540054936,170.74070856198063,43816600
2023-10-25,168.8167266845703,170.75056262830392,168.37271975850888,169.5863166088348,57157000
2023-10-26,164.66293334960938,169.09302189873856,163.45921245305613,168.09649022321696,70625300
2023-10-27,165.97515869140625,166.70528904611524,164.60370840247674,164.68264263448572,58499100
2023-10-30,168.0175323486328,168.8857938712959,166.61648356307745,166.76449089816728,51131000
2023-10-31,168.49114990234375,168.61940486913602,165.65943861592592,167.09010101577766,44846000
2023-11-01,171.6484375,171.90496247869652,167.849808268541,168.71806981976965,56934900
2023-11-02,175.2003936767578,175.40758286457637,173.11855033416663,173.17774724497193,77334800
2023-11-03,174.2926788330078,174.46042350768224,171.0367278993792,171.91485064572058,79829200
2023-11-06,176.83824157714844,177.0355696443862,173.85855313497558,174.02628274488598,63841300
2023-11-07,179.39369201660156,180.00541354681909,176.58171810512866,176.7889073081916,70530000
2023-11-08,180.4493865966797,181.00191115396063,179.1667317000403,179.91659936077735,49340300
2023-11-09,179.975830078125,181.66300252138785,179.38383076688,180.51849360423827,53763500
2023-11-10,184.15484619140625,184.32281184408907,181.3194195461175,181.75412225306079,66133400
2023-11-13,182.5741424560547,183.7893232540613,181.9912524470517,183.58186108306094,43627500
2023-11-14,185.18235778808594,185.84428607992842,184.05608926427885,185.43922075842696,60108400
2023-11-15,185.74546813964844,187.21752694473682,185.51824264456812,185.5874067506803,53790500
2023-11-16,187.42498779296875,188.6599317940755,186.37774261703024,187.2866746678448,54412900
2023-11-17,187.4052276611328,188.08691917335904,186.29872264128753,187.95848017105547,50922700
2023-11-20,189.14404296875,189.59850904887813,187.592960955599,187.6028350817968,46505100
2023-11-21,188.3437957763672,189.21320125507725,187.45464204586924,189.10452557023848,38134500
2023-11-22,189.00570678710938,190.60618938615343,188.53149251239262,189.18354656200316,39617700
2023-11-24,187.68185424804688,188.60064536615056,186.970525284031,188.57100791556658,24048300
2023-11-27,187.50399780273438,188.3734031425855,186.6247183385664,187.63243679384846,40552600
2023-11-28,188.10665893554688,188.77847629228074,187.1187037624085,187.49413155220094,38415400
2023-11-29,187.08908081054688,189.77632029571453,186.69390474066958,188.6006511365786,43014200
2023-11-30,187.66207885742188,188.02763251612237,185.92328320995222,187.55340318726755,48794400
2023-12-01,188.93658447265625,189.25272234216075,186.95078459310412,188.03754149609296,45704800
2023-12-04,187.1483612060547,187.76090372984268,185.1922139752508,187.69173962433385,43389500
2023-12-05,191.0902862548828,192.0584780958342,187.88930609245244,187.91895861640964,66628400
2023-12-06,190.0035400390625,192.41413792119363,189.79606282635905,192.10787423934497,41089700
2023-12-07,191.9300537109375,192.6512567588297,191.25823636118906,191.29776300970337,47477700
2023-12-08,193.35272216796875,193.62934842275146,191.33728508312288,191.86090014217592,53406400
2023-12-11,190.8531951904297,191.15947399253523,189.11439931154695,190.78404615931,60943700
2023-12-12,192.36476135253906,192.3746354774224,189.41076991243543,190.75438957156285,52696900
2023-12-13,195.5756072998047,195.6151188726379,192.50306619330016,192.74016578029781,70404200
2023-12-14,195.72381591796875,197.21562292408947,193.79730618821,195.63490356313392,66831600
2023-12-15,195.19033813476562,196.01032777733312,194.62719637119332,195.1508114803035,128538400
2023-12-18,193.53054809570312,194.26164038796966,192.0486152607036,193.72813612536964,55751900
2023-12-19,194.56793212890625,194.57780625556214,193.53057597994234,193.7973281496765,40714100
2023-12-20,192.48333740234375,195.2990010280865,192.48333740234375,194.5283970820936,52242800
2023-12-21,192.3351287841797,194.70623052718972,191.16934877699248,193.73803856316968,46482500
2023-12-22,191.26812744140625,193.05632389177538,190.64571085868127,192.82908334808235,37149600
2023-12-26,190.72476196289062,191.55464074590694,190.5074106042434,191.27801448490152,28919300
2023-12-27,190.8235321044922,191.16932243864449,188.78834689776542,190.17149315937536,48087700
2023-12-28,191.2483673095703,192.3153607227681,190.8433020640508,191.80161980345068,34049900
2023-12-29,190.2110137939453,192.05848519728596,189.42064661751613,191.56450759639273,42672100
2024-01-02,183.40402221679688,186.17030008579113,181.6751004330507,184.89582930034302,82488700
2024-01-03,182.03074645996094,183.64111826756874,181.22061595613366,182.0011090098209,58414500
2024-01-04,179.7189483642578,180.88472835710988,178.70135563320858,179.95604798314233,71983600
2024-01-05,178.9977264404297,180.55869755734878,177.99989705667167,179.79798286255345,62379700
2024-01-08,183.32498168945312,183.36450834315934,179.313885613353,179.89677561800764,59144500
2024-01-09,182.91004943847656,182.9199235647891,180.52907347198328,181.70474272826013,42841800
2024-01-10,183.94737243652344,184.15483457675245,181.70471001714742,182.129538572139,46792900
2024-01-11,183.3546142578125,184.7970355796361,181.4083411771675,184.29316874581366,49128400
2024-01-12,183.68064880371094,184.49077939116623,182.95944565085554,183.81896194364214,40477800
2024-01-16,181.41824340820312,182.04064501968628,178.75075193755313,179.96594785640553,65603000
2024-01-17,180.4796600341797,180.72664884969066,178.12833676151584,179.08665457169852,47317400
2024-01-18,186.35801696777344,186.86186875433015,183.59173905481111,183.84860201119264,78005800
2024-01-19,189.25271606445312,189.63801803091337,186.5457281731689,187.04957995238564,68903000
2024-01-22,191.5546417236328,192.97729968749402,189.94426985134535,189.98379650311966,60133900
2024-01-23,192.82908630371094,193.39222799671276,191.49535584528522,192.67102493067515,42355600
2024-01-24,192.15731811523438,194.0146790217886,191.99924163914412,193.06623524024957,53631300
2024-01-25,191.83128356933594,193.90599578100486,190.78405333725613,192.86863967517039,54822100
2024-01-26,190.1023406982422,192.41415228379137,189.6281264159501,191.93006387634745,44594000
2024-01-29,189.420654296875,189.88499446653958,187.29655655692048,189.69728055859,47145600
2024-01-30,185.77511596679688,189.48983770252025,185.21198926058483,188.64019550498801,55859400
2024-01-31,182.17893981933594,184.846431021382,182.12955411744667,184.7871410441138,55467800
2024-02-01,184.6092987060547,184.69821105096443,181.60592170299904,181.77387226838383,64885400
2024-02-02,183.6114959716797,185.07366557426653,177.0909850527091,177.6936383802958,102551700
2024-02-05,185.41944885253906,186.97054595458332,183.6016146657499,185.8837890630235,69668800
2024-02-06,187.0199432373047,187.02981736340615,184.5204175084795,184.6093298683978,43490800
2024-02-07,187.1286163330078,188.74886241631054,186.33824908078662,188.3437971267345,53439000
2024-02-08,186.05174255371094,187.25703410679802,185.09342474162452,187.1088468471974,40962000
2024-02-09,186.81341552734375,187.941120969739,185.9725760341758,186.6155602859614,45155200
2024-02-12,185.1317138671875,186.63532597097304,184.77559560824446,186.38802204376907,41781900
2024-02-13,183.0445098876953,184.2019058140478,181.53101071537256,183.76664838776776,56529500
2024-02-14,182.16412353515625,183.52924646908957,180.47257259846702,183.32151955824494,54630500
2024-02-15,181.87722778320312,182.50043860227981,179.3943014199978,181.57057328309747,65434500
2024-02-16,180.3439483642578,182.8565652037317,179.7108507918506,181.44197861733377,49752500
2024-02-20,179.60203552246094,180.46264852115328,178.0588611409836,179.82955095197704,53665600
2024-02-21,180.3538818359375,180.91772714904744,178.71177953067104,179.97797489770463,41371400
2024-02-22,182.38172912597656,182.9653779737103,180.49233824441416,181.50132758611662,52292200
2024-02-23,180.55169677734375,183.04451006700117,180.2648157032703,183.0148347964746,45119700
2024-02-26,179.20635986328125,180.78909628027105,178.7018500832812,180.27471486922383,40867400
2024-02-27,180.66050720214844,181.93658908973126,177.62360710096542,179.1470080612827,54318900
2024-02-28,179.46356201171875,181.145226165725,178.18748003378263,180.54180381169616,48953900
2024-02-29,178.80076599121094,180.6011460945577,177.59392143922238,179.31516246277232,136682600
2024-03-01,177.72250366210938,178.58311652667976,175.46709298002304,177.613689326823,73563100
2024-03-04,173.2117156982422,174.99229230011673,171.9158301484072,174.25038035125658,81510100
2024-03-05,168.28541564941406,170.18470849670402,167.79080766540406,168.91851326517738,95132400
2024-03-06,167.2961883544922,169.39333632878757,166.86093094295472,169.21526961759642,68587700
2024-03-07,167.177490234375,168.88882954707424,166.67299554984157,167.32586658446218,71765100
2024-03-08,168.88882446289062,171.82679686006907,167.11813466346086,167.1774852017091,76267000
2024-03-11,170.88705444335938,172.49948126334272,170.1946063009313,171.07500788792643,60139500
2024-03-12,171.3618621826172,172.15323790323208,169.16580172767317,171.28272310113206,59825400
2024-03-13,169.28453063964844,171.3223130850131,168.91851047344855,170.90684419661972,52488700
2024-03-14,171.13433837890625,172.43020869953008,170.1945863604126,171.04531257693264,72913500
2024-03-15,170.75845336914062,170.75845336914062,168.45357838204507,169.3240932528417,121752700
2024-03-18,171.84657287597656,175.79354941833483,171.64873273149365,173.67662817447325,75604200
2024-03-19,174.18113708496094,174.70542030322298,171.16402557801365,172.45989598897214,55215200
2024-03-20,176.74322509765625,176.74322509765625,173.2018299224136,173.82504084734046,53423100
2024-03-21,169.5219268798828,175.57593855649498,168.99764365136926,175.14068113790177,106181300
2024-03-22,170.42208862304688,171.18378897881232,168.22602844508845,169.90769220539175,71160100
2024-03-25,169.007568359375,170.08581023240077,167.62265683136332,168.73058907262046,54288300
2024-03-26,167.87985229492188,169.57140318495337,167.75124938607289,168.16671829054096,57388400
2024-03-27,171.4409942626953,171.72787530814264,168.27550660374618,168.57227437363676,60273300
2024-03-28,169.6307373046875,170.37264922530974,168.67119667981044,169.89782982249778,65672700
2024-04-01,168.19638061523438,169.40322523760474,167.65230884379906,169.3438746978549,46240500
2024-04-02,167.0192108154297,167.51381877100314,166.41578850586058,167.25662806803024,49329500
2024-04-03,167.82044982910156,168.83934086761522,166.76199680113655,166.969723660667,47691700
2024-04-04,166.99945068359375,170.0660111961713,166.99945068359375,168.45358430225178,53704400
2024-04-05,167.75123596191406,168.5524984345705,167.12802510796487,167.7611226870966,42104800
2024-04-08,166.6334228515625,167.37533481002382,166.4256959559663,167.20716991074772,37425500
2024-04-09,167.84027099609375,168.24585316442327,166.53451377109624,166.88073030235694,42373800
2024-04-10,165.9706573486328,167.26652787853376,165.30788444762385,166.97966188332379,49709300
2024-04-11,173.15234375,173.5678277091418,166.34654865134516,166.5246002673459,91070300
2024-04-12,174.6460723876953,176.43655077441642,172.33131077483722,172.38075949507746,101670900
2024-04-15,170.8276824951172,174.72519524382946,170.6397290741028,173.46888692512982,73531800
2024-04-16,167.55337524414062,171.88613013777277,166.45534511410173,169.89781183493915,73711200
2024-04-17,166.1882781982422,168.80969440593617,166.1882781982422,167.78091646807817,50901200
2024-04-18,165.23861694335938,166.8213684176903,164.75391081370103,166.21794611620325,43122900
2024-04-19,163.22064208984375,164.60553846988037,162.3105651694999,164.41760010663418,68149400
2024-04-22,164.0515594482422,165.45624419964858,162.99310629576294,163.73501821268977,48116400
2024-04-23,165.10012817382812,165.24851961582092,163.14148491226467,163.56685559955991,49537800
2024-04-24,167.197265625,167.4742448528629,164.41757152765254,164.7439994721628,48251800
2024-04-25,168.05789184570312,168.77012851479734,166.33665071301928,167.70177351115603,50558300
2024-04-26,167.47425842285156,169.49225225997063,167.35554224826544,168.04800546826704,44838400
2024-04-29,171.62896728515625,174.13168243053624,171.2332869429431,171.5003643815301,68169400
2024-04-30,168.49314880371094,173.10289859543835,168.1667057400835,171.46079655206535,65934800
2024-05-01,167.47425842285156,170.84748833564953,167.28630498280754,167.75123767315736,50383100
2024-05-02,171.1640167236328,171.5498103000238,169.04709541575278,170.64962025703286,94214900
2024-05-03,181.4024200439453,184.98337684032407,180.69018337477516,184.637145231003,163224100
2024-05-06,179.7504425048828,182.2135806366563,178.47434543693257,180.383540128798,78569700
2024-05-07,180.43296813964844,182.9060078076493,179.36462828599997,181.47164781905605,77305800
2024-05-08,180.7693328857422,181.09577596912635,179.49323582394607,180.87814724687024,45057100
2024-05-09,182.57957458496094,182.6686003878229,180.14609698041687,180.59124108896245,48983000
2024-05-10,181.32159423828125,183.34232534295325,180.41028294678514,183.15411695720846,50759500
2024-05-13,184.52108764648438,185.33335221774516,182.8767582325011,183.68902280376187,72044800
2024-05-14,185.66018676757812,186.52198207892377,184.5309518112327,185.73943318211036,52393600
2024-05-15,187.92857360839844,188.84978484549154,185.6007573941714,186.13566691836786,70400000
2024-05-16,188.04747009277344,189.29558246787192,187.86917696187996,188.6715262803227,52845200
2024-05-17,188.0771484375,189.00827490956243,187.39366134142406,187.72054713149117,41282900
2024-05-20,189.23611450195312,190.10781001398533,187.22528381236822,187.54226949481966,44361300
2024-05-21,190.5337677001953,190.91016932460286,189.11726241831752,189.28565540299905,42309400
2024-05-22,189.09742736816406,190.999311136132,188.47338639917342,190.45450146899057,34648500
2024-05-23,185.11544799804688,189.1965413303495,184.8678085460438,189.1767259420697,51005900
2024-05-24,188.18614196777344,188.78048261582597,186.26445766907554,187.03710655742805,36327000
2024-05-28,188.19606018066406,191.17763337385156,187.31446444482384,189.70169698060212,52280100
2024-05-29,188.49319458007812,190.4346940804733,187.72056087959155,187.81962268312432,53068000
2024-05-30,189.4837646484375,190.36536034504638,188.83000809203267,188.9587703074631,49889100
2024-05-31,190.4346923828125,190.7516780595243,188.1167913020161,189.6323431713606,75158300
2024-06-03,192.19790649414062,193.14884852262287,190.7021698304424,191.07857147290113,50080500
2024-06-04,192.51487731933594,193.47571940906454,191.2073340206378,192.80213237542046,47471400
2024-06-05,194.0205078125,195.04078090785526,193.02995023528447,193.55494454203196,54156800
2024-06-06,192.64364624023438,194.64457691185422,192.33657578915964,193.8422276391208,41181800
2024-06-07,195.0308837890625,195.08041469163098,192.30685040959915,192.81202934049514,53103900
2024-06-10,191.29647827148438,195.4370168860641,190.3356361933404,195.04078477848907,97010200
2024-06-11,205.19400024414062,205.20391549352811,191.8016724106265,191.82147267998263,172373300
2024-06-12,211.05812072753906,218.1207863262847,204.94636687125956,205.41193016487838,198134300
2024-06-13,212.21707153320312,214.70336573665497,209.60200000148347,212.71235034689784,97862700
2024-06-14,210.48361206054688,213.13829945342002,209.30484597389386,211.8307711431916,70122700
2024-06-17,214.6241455078125,216.88261596473237,210.71144542501693,211.35530191551948,93728300
2024-06-18,212.26658630371094,216.5656178731208,210.98877362098574,215.5354294813442,79943300
2024-06-20,207.7001190185547,212.2170745602359,206.87796947703916,211.90998899500866,86172500
2024-06-21,205.5308074951172,209.88925500861833,205.1543907600995,208.40341856791886,241805100
2024-06-24,206.17465209960938,210.69159220230495,204.63928484253907,205.75861973380415,80727000
2024-06-25,207.09588623046875,209.38407188516823,206.64022308060072,207.1751175381149,55549700
2024-06-26,211.23641967773438,212.83121810497767,208.6510635966682,209.5029437835443,66213200
2024-06-27,212.07839965820312,213.70291360533915,210.34492376459474,212.66282504623206,49772700
2024-06-28,208.63125610351562,214.02980761283354,208.3142855019514,213.73263728250333,82542700
2024-07-01,214.703369140625,215.4561875080808,209.91897391071575,210.0873668962765,60402900
2024-07-02,218.1901397705078,218.29910171758146,213.068958487467,214.10903193760322,58046200
2024-07-03,219.45803833007812,219.45803833007812,216.96182895702523,217.92267103394255,37369800
2024-07-05,224.2028045654297,224.3117665065084,219.55708698216947,219.55708698216947,60412400
2024-07-08,225.66883850097656,225.69855401964364,221.14198303770854,224.94572057418634,59085900
2024-07-09,226.5207061767578,227.23390886254342,224.23252052432466,225.77778797195694,48076100
2024-07-10,230.7801055908203,230.8791673967792,227.0853299721382,227.13486087511765,62627700
2024-07-11,225.42123413085938,230.19571462003094,223.6382271602243,229.20515687131274,64710600
2024-07-12,228.36312866210938,230.4433055423661,226.5206910327904,226.75843028372813,53046500
2024-07-15,232.1866912841797,234.98997105632398,230.88906326950251,234.24705286947437,62631300
2024-07-16,232.60275268554688,234.03905824310993,230.1362587163494,232.781045805997,43234300
2024-07-17,226.71884155273438,229.2744821236097,224.49998695797876,227.2834515580279,57345900
2024-07-18,222.06321716308594,228.26411801705945,220.17126344980832,228.10562515807683,66034600
2024-07-19,222.19198608398438,224.65848009632384,221.1717129043359,222.6971801635164,49151500
2024-07-22,221.84530639648438,225.62922890399747,220.98351093014816,224.86649525231948,48201800
2024-07-23,222.88534545898438,224.7971293607533,220.57734458918785,222.25138924131514,39960300
2024-07-24,216.47645568847656,222.67735606492835,215.0797809310421,221.88490694575157,61777600
2024-07-25,215.43637084960938,218.7646448818125,212.59346035218633,216.86276105080302,51391200
2024-07-26,215.90194702148438,217.41749898154802,213.9703475571551,216.6349499920164,41601300
2024-07-29,216.17930603027344,217.22929471632008,213.71281205128278,214.91139345300462,36311800
2024-07-30,216.7340087890625,218.24956072806748,214.07930652606245,217.1203256536185,41643800
2024-07-31,219.98304748535156,221.70662325926872,218.54674189777583,219.34909118598728,50036300
2024-08-01,216.29818725585938,222.36039574716864,214.97084352071977,222.2514337919132,62501000
2024-08-02,217.7840118408203,223.46981835778237,215.6543188775265,217.0807092384795,105568600
2024-08-05,207.29400634765625,211.4840610296135,194.14930192882554,197.21012147966275,119548600
2024-08-06,205.27325439453125,208.00720313955475,199.17143085232243,203.36148541473497,69660500
2024-08-07,207.83880615234375,211.62272838414273,204.441185671316,204.9463646139573,63516400
2024-08-08,211.29583740234375,212.1774330540979,206.85814362500793,211.0977289070064,47161100
2024-08-09,214.1981964111328,214.7330909034816,209.96851092003678,210.09728825409005,42201600
2024-08-12,215.72540283203125,217.6889728146819,213.81142108338884,214.27752324509848,38028100
2024-08-13,219.43438720703125,220.04923895369578,217.19312608520667,217.19312608520667,44155300
2024-08-14,219.88067626953125,221.1798064675701,217.87742936780526,218.74022238953546,41960600
2024-08-15,222.85577392578125,223.48055242779947,220.9120269929499,222.73677426147512,46414000
2024-08-16,224.1747283935547,224.94825642777528,221.79462933024135,222.06239369045758,44340200
2024-08-19,224.01605224609375,224.11522871504155,221.18968933533225,223.84746435464618,40687800
2024-08-20,224.63092041015625,225.28544883578485,223.57971634413767,223.8970689622142,30299000
2024-08-21,224.52183532714844,226.08872985229075,223.1830436738614,224.64085012661386,34765500
2024-08-22,222.66734313964844,226.4457337259973,222.04256465043304,225.90029338876204,43695300
2024-08-23,224.9581756591797,226.32673228874265,222.46900358067504,223.78797197411373,38677300
2024-08-26,225.2953643798828,225.39454085782168,222.0326640536948,224.87885041051024,30602200
2024-08-27,226.1383056640625,226.95151036486342,223.02435510684418,224.12514736512034,35934600
2024-08-28,224.61106872558594,227.95310672511408,223.8077756875659,226.0291983356657,38052200
2024-08-29,227.88369750976562,230.98773644426686,226.98125820388418,228.19113851748892,51906300
2024-08-30,227.1002655029297,228.4886453526855,225.59287085733376,228.28039594132485,52990800
2024-09-03,220.9219207763672,227.1002329196535,219.33518820526996,226.65396911284594,50190600
2024-09-04,219.0178680419922,219.94014563997789,215.67581475954933,219.82114598403248,43840200
2024-09-05,220.53517150878906,223.60944526365165,219.6823053430495,219.79139340374425,36615400
2024-09-06,218.98812866210938,223.37145940933704,217.94683622588397,222.09215251756703,48423000
2024-09-09,219.077392578125,219.4344067184307,214.91223769602945,218.98814282610013,67180000
2024-09-10,218.2840118408203,219.6426417511051,214.9320468059923,217.10388142289187,51591000
2024-09-11,220.8128662109375,221.2392917639212,216.08243282408242,219.6228241682371,44587100
2024-09-12,220.9219207763672,221.6954487434212,217.99639678484726,220.65415643940133,37455600
2024-09-13,220.6541748046875,222.18139254741286,220.06907298412548,221.72521710949164,36766600
2024-09-16,214.5254669189453,215.4179946756504,212.14536768072225,214.74362792854853,59357400
2024-09-17,214.99154663085938,215.1006346980314,212.72055067344832,213.96018092212807,45519300
2024-09-18,218.8592071533203,220.86245391858552,215.7353297749969,215.7452565018275,59894900
2024-09-19,226.9713134765625,227.9134444812765,222.76649775953877,223.12351184232415,66781300
2024-09-20,226.30686950683594,231.15630188440372,225.73167932081682,228.06218997691118,318679900
2024-09-23,224.5912628173828,227.54653724680347,223.93673438033483,225.45404067299683,54146000
2024-09-24,225.48377990722656,227.44736512534206,223.85738561877668,226.75316007712865,43556100
2024-09-25,224.4920654296875,225.40443143928672,222.16156973744518,223.06400902085235,42308700
2024-09-26,225.6325225830078,226.604388370512,223.54002631267903,225.41434646896755,36636700
2024-09-27,225.90028381347656,227.61594290444046,225.41435845997736,226.56473891662026,34026000
2024-09-30,231.0670623779297,231.0670623779297,227.7448474882838,228.1316114938428,54541900
2024-10-01,224.3334197998047,227.74486962890148,221.88390914906273,227.6159583693189,63285000
2024-10-02,224.898681640625,225.48378349827837,221.16987922367838,224.0160654907427,32880600
2024-10-03,223.79788208007812,224.928424248049,221.46738631978812,223.27228007150777,34044200
2024-10-04,224.9185028076172,226.1085447535635,222.27065455992025,226.00936828631617,37245100
2024-10-07,219.8509063720703,223.81772316941647,219.49389225502094,222.63759275105315,39505400
2024-10-08,223.89706420898438,224.10531361949606,221.3979653574062,222.43925780658088,31855700
2024-10-09,227.63577270507812,227.84403724277382,222.96485445261254,223.36153007501719,33591100
2024-10-10,227.13990783691406,227.59609839600836,225.2854259515482,225.8903660776275,28183500
2024-10-11,225.66229248046875,227.5068628874906,225.4540279414576,227.39777482080956,31759200
2024-10-14,229.3811798095703,229.8076053434174,226.70358155060512,226.80274288926017,39882100
2024-10-15,231.9100341796875,235.51983687729248,230.44230106244424,231.67201972311165,64751400
2024-10-16,229.85720825195312,230.19438406287304,227.9332995992129,229.67870875165642,34082200
2024-10-17,230.22413635253906,231.91004568892726,228.6076687095473,231.49351658619665,32993800
2024-10-18,233.0504913330078,234.2206950473064,232.0686987091599,234.2206950473064,46431500
2024-10-21,234.51820373535156,234.88514457730523,232.5050454306036,232.5050454306036,36254500
2024-10-22,233.90335083007812,234.26036494372266,230.67040061866737,231.94969236544068,38846600
2024-10-23,228.84567260742188,233.18934216580075,225.8705597881939,232.13813805749322,52287000
2024-10-24,228.65724182128906,228.90516786821388,226.51515714412935,228.07212485007065,31109500
2024-10-25,229.49026489257812,231.28524701350278,227.665532857223,227.83412074973037,38802300
2024-10-28,231.46372985839844,232.78269812140084,230.620790456467,231.38440684709022,36087100
2024-10-29,231.73150634765625,232.38603471678388,230.39271482775456,231.1662428522856,35417200
2024-10-30,228.19113159179688,231.53316974412917,227.64569128136466,230.68030356750913,47070900
2024-10-31,224.035888671875,227.92336713292326,223.5003599556127,227.43742665071557,64370100
2024-11-01,221.060791015625,223.4805517303345,218.44269248362247,219.13688241025088,65276700
2024-11-04,220.16822814941406,220.94175615916865,217.88732075932978,219.15670083339904,44944500
2024-11-05,221.59628295898438,222.0921350198155,219.30544885909725,219.9599772111233,28111300
2024-11-06,220.87237548828125,224.19459083458287,219.35506917081855,220.76328741365683,54561100
2024-11-07,225.5928497314453,225.98954046008802,222.70700223311508,222.76650205936048,42137700
2024-11-08,225.32481384277344,227.01256271730918,224.77877343219782,225.53329235935942,38328800
2024-11-11,222.61451721191406,224.0739277202449,219.90418990309516,223.37897394219598,42005600
2024-11-12,222.61451721191406,223.9647196159189,221.75079002697154,222.93221902408283,40398300
2024-11-13,223.49807739257812,225.0170530189228,221.15507983350162,222.39607398240116,48566200
2024-11-14,226.57574462890625,227.22105551450989,223.3789425502784,223.398802697962,44923900
2024-11-15,223.37893676757812,225.28510187679902,222.65420045885568,224.76884409236825,47923700
2024-11-18,226.37718200683594,228.08479108540536,223.54770942404784,223.62713486361545,44633700
2024-11-19,226.6352996826172,228.50175961033486,225.02697621656037,225.34466282087314,36211800
2024-11-20,227.35011291503906,228.27340522879027,224.26251907255318,226.4168829534927,35169600
2024-11-21,226.87356567382812,228.50174921258224,224.08381355701644,227.2309725554499,42108300
2024-11-22,228.21383666992188,229.05771868234922,226.4168797117104,226.4168797117104,38168300
2024-11-25,231.19223022460938,231.5694972757357,228.08479132337303,229.79240040372403,90152800
2024-11-26,233.36647033691406,233.87280565588551,231.64893863936055,231.64893863936055,45986200
2024-11-27,233.2373809814453,233.99191506726265,232.12545514826604,232.78070364946953,33498400
2024-11-29,235.62008666992188,236.0966241243161,232.28429419145726,233.1182385238603,28481400
2024-12-02,237.8638153076172,239.0551666028684,235.45133007089746,235.5605381566453,48137100
2024-12-03,240.90174865722656,241.01095673492534,237.17876666593097,238.0822139315433,38861000
2024-12-04,241.25917053222656,242.35125137710352,239.51185632927692,241.12017980186528,44383900
2024-12-05,241.28895568847656,242.77814859306412,240.38552350615552,242.2321233137982,40033900
2024-12-06,241.0904083251953,242.86752040520184,240.33588934668637,241.1599112680226,36870600
2024-12-09,244.9722442626953,245.4587194212017,240.00826768189094,240.08769312504634,44649200
2024-12-10,245.98486328125,246.42169557945553,243.57236314301568,245.11119868483894,36914800
2024-12-11,244.714111328125,248.9930565140259,244.48575750906295,246.17352158557497,45205800
2024-12-12,246.17352294921875,246.9479020514793,243.9099357862414,245.11122473397327,32777500
2024-12-13,246.34230041503906,247.4939314395242,244.46591792091505,246.03453629863122,33155300
2024-12-16,249.23133850097656,249.5689004337868,245.86576286364547,246.2033247964557,51694800
2024-12-17,251.65374755859375,252.00123197197036,247.98040799068028,248.27824960945253,51356400
2024-12-18,246.26287841796875,252.4479889260113,245.95511429725673,250.34326772719038,56774100
2024-12-19,247.99032592773438,250.184410158509,245.3097817058068,245.71683140567848,60882300
2024-12-20,252.65647888183594,253.16279902630112,243.919877297432,246.2529371403228,147495300
2024-12-23,253.4308624267578,253.80811434244586,251.6239676953758,252.93446477293034,40858800
2024-12-24,256.3397216796875,256.34962902881983,253.45066898797964,253.64924013847912,23234700
2024-12-26,257.15380859375,258.2260444048055,255.77383898408218,256.32980188696064,27237100
2024-12-27,253.74856567382812,256.83617503774866,251.23679459279407,255.972417613419,42355300
2024-12-30,250.38294982910156,251.67358663649517,248.94339979921563,250.41273247360002,35557500
2024-12-31,248.61581420898438,251.4552095671021,247.6329413411861,250.62126509380025,39480700
2025-01-02,242.0931396484375,247.3053149666319,240.07776640397734,247.1365264348607,55740700
2025-01-03,241.6066436767578,242.42072787413275,240.14723350152744,241.6066436767578,40244100
2025-01-06,243.23484802246094,245.54806288478193,241.4478134561986,242.5498168429892,45045600
2025-01-07,240.4649658203125,243.78089861816605,239.61116122247878,241.22940732447114,40856000
2025-01-08,240.95143127441406,241.9541642850798,238.3205296252371,240.17705210413348,37628900
2025-01-10,235.14358520507812,238.42973539672147,231.3213170399406,238.28080700459313,61710900
2025-01-13,232.7112274169922,232.97928640713008,228.06495238182922,231.84750029737077,49630700
2025-01-14,231.59927368164062,234.41880854341963,230.7951119565212,233.05868390458076,39435300
2025-01-15,236.1562042236328,237.2383625727966,232.74098609709984,232.94947976770305,39832000
2025-01-16,226.6154327392578,236.29518618874627,226.38709407905125,235.63995285298606,71759100
2025-01-17,228.32305908203125,230.6164138035219,226.833866130533,230.44764042021458,68488300
2025-01-21,221.03591918945312,222.80309340530198,217.79941234276583,222.38612124582832,98070400
2025-01-22,222.21737670898438,222.5052806842356,218.2064751614249,218.2064751614249,64126500
2025-01-23,222.04861450195312,225.3943300272927,220.69841220245485,223.12083531174778,60234800
2025-01-24,221.17494201660156,224.00441476166836,219.8148172645265,223.16053267311034,54697900
2025-01-27,228.20391845703125,230.47741293083342,222.36627749626697,222.4059977899183,94863400
2025-01-28,236.5434112548828,238.45951413038736,229.1470890329199,229.1868093297106,75707600
2025-01-29,237.63548278808594,238.13188043636077,232.32402189200354,232.43322998057818,45486100
2025-01-30,235.8782196044922,239.05516137192973,235.50096771104396,236.95044029141235,55658300
2025-01-31,234.29966735839844,245.40904807772534,231.7581140684966,245.40904807772534,100959800
2025-02-03,226.36724853515625,230.15973381299622,224.0738938399255,228.33299411580026,73063300
2025-02-04,231.1227569580078,231.45038123633566,225.01705656002386,225.61273982041166,45067300
2025-02-05,230.79513549804688,230.9936915376493,226.62539807097704,226.8835194075747,39620300
2025-02-06,231.5397186279297,232.11554171369926,228.7698112868805,229.62361584180033,29925300
2025-02-07,225.98997497558594,232.3140755170278,225.6226304523949,230.92416830424466,39707200
2025-02-10,226.2583465576172,229.18037646801733,225.8111004860379,228.16662274990708,33115600
2025-02-11,231.1979522705078,233.79199753404617,226.7354100570617,226.80497424991785,53718400
2025-02-12,235.42196655273438,235.51142789245534,229.26980470124647,229.78663009476247,45243300
2025-02-13,240.053466796875,240.85851264219508,234.12991022790982,235.46171484030373,53614100
2025-02-14,243.104736328125,244.0489258287467,239.5168040933544,239.77520922194773,40896200
2025-02-18,242.97552490234375,243.6811760890431,240.3615975750387,242.65747382373942,48822500
2025-02-19,243.37307739257812,244.50610783818917,241.67353930691675,243.16436963880025,32204200
2025-02-20,244.32720947265625,245.2713989598738,242.7966152101895,243.44265077076676,32316900
2025-02-21,244.0489044189453,247.1697083342209,243.72091995824803,244.44645306890683,53197400
2025-02-24,245.5894317626953,247.33866705271078,242.92580728065096,243.43268408373555,51326400
2025-02-25,245.52980041503906,248.47171215983582,243.41283173998391,246.48393846255715,48013300
2025-02-26,238.890625,243.48237703128345,237.66814851741972,242.83635669602367,44433600
2025-02-27,235.84934997558594,240.9778097055873,235.61081167459415,237.94645181292123,41153600
2025-02-28,240.36158752441406,240.61005923211764,228.7927454203557,235.5014815283524,56833400
2025-03-03,236.57489013671875,242.53821134874983,234.66662916873,240.31189930334125,47184000
2025-03-04,234.48770141601562,238.60240725621293,233.24534293735957,236.25683384188991,53798100
2025-03-05,234.2988739013672,235.1039197629907,227.82866128733946,233.98082285378285,47227600
2025-03-06,233.89138793945312,236.4059203890797,231.73465535282332,233.00682927336524,45170400
2025-03-07,237.60853576660156,239.89446338205195,233.32487071745646,233.67273718007357,46273600
2025-03-10,226.08935546875,234.71630041445476,222.84929009717774,234.10008031193473,72071200
2025-03-11,219.48997497558594,224.45940937640347,216.12069905845206,222.44182022291236,76137400
2025-03-12,215.653564453125,220.39440897367027,213.5962265598192,218.7942505386503,62547500
2025-03-13,208.398193359375,215.51442704761877,207.14590135231947,214.62986833256545,61368300
2025-03-14,212.1848907470703,212.64207016591416,208.29878985935505,209.95857893569573,60107600
2025-03-17,212.69178771972656,213.9043309003415,208.68642489319868,212.00600336087763,48073400
2025-03-18,211.3897705078125,213.8347233648863,210.1971094678613,212.8507852105428,42432400
2025-03-19,213.9241943359375,217.42266485537363,212.44329758558237,212.91042558181826,54385400
2025-03-20,212.7911834716797,216.16045933121794,210.92267131595005,212.6818553101102,48862900
2025-03-21,216.93568420410156,217.5021918152461,209.9884097524224,210.26669685360034,94127800
2025-03-24,219.38064575195312,220.1260609084734,217.24379503613238,219.64899945464327,44299500
2025-03-25,222.38217163085938,222.7300380772677,218.73460889257407,219.42039321145907,34493600
2025-03-26,220.1757354736328,223.64440576884627,219.12221792138408,222.1436270366165,34466100
2025-03-27,222.48155212402344,223.61458239748316,219.21165626689742,220.0365840783956,37094800
2025-03-28,216.56793212890625,222.44180687800483,216.34927581514728,220.31488968867507,39818600
2025-03-31,220.7720947265625,224.24075018814546,214.90815310911736,215.6833836525119,65299300
2025-04-01,221.8256072998047,222.31260214779184,217.5618242432653,218.46626491168394,36412700
2025-04-02,222.52133178710938,223.81338775742097,219.66888130946384,219.96705040499884,35905900
2025-04-03,201.94789123535156,206.22160814156834,200.01974813123203,204.28351646204925,103419000
2025-04-04,187.22837829589844,198.65807515646625,186.19472765234562,192.7046884625531,125910900
2025-04-07,180.3507080078125,192.96311894309866,173.55251067175698,176.11674047268428,160466300
2025-04-08,171.36595153808594,189.17640027021665,168.17558356470508,185.55865310846366,120859500
2025-04-09,197.6343994140625,199.38363475051753,170.83920418374143,170.89883496621582,184395900
2025-04-10,189.2559356689453,193.5892830219747,181.88129692496375,187.9141974958541,121880000
2025-04-11,196.9386749267578,198.32017705332044,184.92258644836306,184.96235041538483,87435900
2025-04-14,201.28195190429688,211.63825017625834,199.93026529720834,210.14742002868311,101352900
2025-04-15,200.90428161621094,202.26590170954893,198.57859009217825,200.6259945192588,51343900
2025-04-16,193.0823974609375,199.47308245703653,191.19400339685228,197.1473909296092,59732400
2025-04-17,195.7758331298828,197.61452992177487,193.2314851467638,195.9944894564487,52164700
2025-04-21,191.97918701171875,192.6152739871965,188.64966000796989,192.08851517151226,46742500
2025-04-22,198.5189666748047,200.3576482646354,194.77200897005906,194.92108593270402,52976400
2025-04-23,203.34925842285156,206.72846769395255,201.56025903470575,204.7406939661261,52929200
2025-04-24,207.09620666503906,207.5534013078127,201.69940812530302,203.6374845300284,47311000
2025-04-25,208.0006103515625,208.46773832051537,204.93943745171498,205.1083963732819,38222300
2025-04-28,208.85536193847656,210.2070485309222,206.19175271644127,208.71621839949725,38743100
2025-04-29,209.91885375976562,210.94255602883885,207.096203506044,207.41425458581946,36827600
2025-04-30,211.20095825195312,212.2743578831654,205.4065960245207,208.0205233254963,52286500
2025-05-01,212.01597595214844,213.24838609037135,207.62298219428487,207.80188973514694,57365700
2025-05-02,204.09466552734375,205.72463931330321,200.92416412992952,204.83013207172814,101010600
2025-05-05,197.6741485595703,202.85230555244996,196.99831280299983,201.85841873478097,69018500
2025-05-06,197.2964630126953,199.42338015596502,195.81558138809015,196.9983091053983,51216500
2025-05-07,195.05029296875,198.2207944248892,192.0686324392914,197.9524407308952,68536700
2025-05-08,196.28273010253906,198.82707814993435,193.48989516366862,196.51131984408346,50478900
2025-05-09,197.31634521484375,199.31405222350435,196.3323918231404,197.7834732241415,36453900
2025-05-12,209.776123046875,210.2538252478288,205.75556156059073,209.95526516858178,63775800
2025-05-13,211.9058380126953,212.3735786127325,207.99474788922345,209.4178625594749,51909300
2025-05-14,211.30870056152344,212.91095711473224,209.5671180117484,211.4082104531309,49325800
2025-05-15,210.43295288085938,211.93569971673273,208.53213606160298,209.93535780893234,45029500
2025-05-16,210.24388122558594,211.54759317457453,208.76105751069144,211.33859654598928,54737900
2025-05-19,207.77581787109375,208.47244800462508,203.27755371752323,206.9100072183761,46140500
2025-05-20,205.86502075195312,207.46727738969238,204.04382108157407,206.6711222878563,42496600
2025-05-21,201.1179656982422,206.04415370597744,199.74461367242378,204.18315305948536,59211800
2025-05-22,200.39149475097656,201.77480849030061,198.7394754118135,199.7446272097534,46742400
2025-05-23,194.33078002929688,196.74908474491085,192.52948833207407,192.73846975457602,78432900
2025-05-27,199.2470245361328,199.77447409530296,196.48038197740732,197.34620772495165,56288500
2025-05-28,199.4560089111328,201.75489573800118,198.9385057789635,199.6251894151235,45339700
2025-05-29,198.98826599121094,202.8297005493605,197.55518975609246,202.60081106845576,51396800
2025-05-30,199.8839569091797,200.98861863398105,195.8335255231089,198.41106448584634,70819900
2025-06-02,200.7298583984375,201.15779807678393,199.15745607510846,199.31669015009302,35423300
2025-06-03,202.2923126220703,202.78990771325485,199.99342573046133,200.38154929416936,46381600
2025-06-04,201.84446716308594,205.24801554678163,201.1279290627925,201.9340306292736,43604000
2025-06-05,199.66500854492188,203.76518718349973,199.18730633012683,202.52119947175674,55126100
2025-06-06,202.93917846679688,204.7106157617459,201.07817770068002,202.0236053289331,46607700
2025-06-09,200.48106384277344,205.0091823144686,199.05794913802782,203.40692547634254,72862600
2025-06-10,201.6951904296875,203.36711781582227,199.60530017876516,199.63515466910712,54672600
2025-06-11,197.8238983154297,203.51638723180633,197.45568281643992,202.5211970741936,60989900
2025-06-12,198.2418670654297,198.71955406677787,196.410720905765,198.12244911144163,43904600
2025-06-13,195.50509643554688,199.4062398916536,194.758703844025,198.7693188209708,51447300
2025-06-16,197.4656219482422,197.73432753277095,195.61456771612566,196.35101387226533,43020700
2025-06-17,194.69900512695312,197.4357781067605,194.27108064091922,196.25149936947125,38856200
2025-06-18,195.63446044921875,196.61970405840015,194.1317289512304,194.9975394291991,45394700
2025-06-20,200.03321838378906,200.72984844555882,195.9131318065836,197.28649906078425,96813500
2025-06-23,200.53082275390625,201.3269779408771,198.00304635957568,200.6602023375907,55814300
2025-06-24,199.33660888671875,202.4615056450935,199.2370837881713,201.61558786363426,54064000
2025-06-25,200.5905303955078,202.690382284235,199.65504919597097,200.48105886821313,39525700
2025-06-26,200.03321838378906,201.66532960796235,198.50063224789568,200.4611428555203,50799100
2025-06-27,200.1128387451172,202.24254507531293,199.03803155248616,200.91894034324127,73188600
2025-06-30,204.1831512451172,206.39247448465787,198.30157410241034,201.03834688076608,91912800
2025-07-01,206.82041931152344,209.17901505124104,205.1484920031366,205.6759415551798,78788900
2025-07-02,211.41819763183594,212.3138626915596,207.13887695509675,207.90517762155153,67941800
2025-07-03,212.5228729248047,213.61757304735917,210.79123648824356,211.12959751601144,34955800
2025-07-07,208.940185546875,215.18997897032483,207.7957228576545,211.65705062020388,50229000
2025-07-08,208.99986267089844,210.41303075844314,207.447368579945,209.08944131875765,42848900
2025-07-09,210.12445068359375,210.31353924447487,206.22330706177223,208.52219391164948,48749400
2025-07-10,211.38836669921875,212.45321238064957,209.01980902189666,209.49749609462273,44443600
2025-07-11,210.14434814453125,211.1096837700706,208.85059795908091,209.55718962168862,39765800
2025-07-14,207.6165771484375,209.89557123752414,206.54176989733165,208.92027389637033,38840100
2025-07-15,208.10423278808594,210.8708604550018,207.915144211828,208.2137043224775,42296300
2025-07-16,209.149169921875,211.37838618562168,207.63647661047767,209.28849593835915,47490500
2025-07-17,209.0098419189453,210.78127919114968,208.58190225319882,209.5571995447156,48068100
2025-07-18,210.1642608642578,210.77132749863404,208.6913836081342,209.85575432940058,48974600
2025-07-21,211.45799255371094,214.74212298846783,210.61209006251647,211.07983063398711,51377400
2025-07-22,213.36875915527344,213.91611676733493,211.20919838168209,212.1148250502387,46404100
2025-07-23,213.11997985839844,214.11517007989065,211.38835859165647,213.96589762082587,46989300
2025-07-24,212.7318572998047,214.65258233290422,212.50296779967493,212.87118332406595,46022600
2025-07-25,212.85128784179688,214.20474714033003,212.37358560556336,213.66733592091674,40268800
2025-07-28,213.02044677734375,213.8166019050196,212.03520309848784,213.00053872316795,37858000
2025-07-29,210.25381469726562,213.77678093648746,209.8059821935656,213.14980632007004,51411700
2025-07-30,208.04449462890625,211.36842593737322,206.72088996610802,210.88077731884883,45512500
2025-07-31,206.5716552734375,208.8307262926637,206.16362361105087,207.48722851572543,80698400
2025-08-01,201.40658569335938,212.5527122409286,200.53081350952442,209.85574027592583,104434500
2025-08-04,202.37193298339844,206.88014336875773,200.70995198839026,203.52634207300898,75109300
2025-08-05,201.94398498535156,204.35234334482283,201.18764593221573,202.42167200915333,44155100
2025-08-06,212.22430419921875,214.3440641251077,204.60114383647723,204.6409599471833,108483100
2025-08-07,218.9716796875,219.78774287041324,215.5382768294147,217.8272171299369,90224800
2025-08-08,228.24688720703125,229.88894502591432,218.19545972697713,219.76786212559261,113854000
2025-08-11,226.3438720703125,228.71511750604432,223.9327805410339,227.08115402328403,61806100
2025-08-12,228.80479431152344,229.95057099439725,226.23430307406312,227.17083074525974,55626200
2025-08-13,232.4712677001953,234.13511970527446,229.5819315694875,230.21959074533873,69878500
2025-08-14,231.9232940673828,234.2546784716922,230.00040438081015,233.1985820425246,51916300
2025-08-15,230.7376708984375,233.41777326838445,228.4959516198378,233.13880497436926,56038700
2025-08-18,230.04022216796875,232.26201052585682,229.26309412883964,230.8472385776313,37476200
2025-08-19,229.71145629882812,232.0129522601839,228.50591803460907,230.42880766374827,39402600
2025-08-20,225.1781768798828,229.6217687789582,224.93906991665554,229.1335667246527,42263900
2025-08-21,224.07228088378906,225.68632903786573,222.9564077521854,225.43724912794482,30621200
2025-08-22,226.92176818847656,228.24687520672327,224.58042602754637,225.3376235225593,42477800
2025-08-25,226.323974609375,228.45609804536198,225.3973894325087,225.6464693442017,30983100
2025-08-26,228.46603393554688,228.64537936019502,223.8630424721864,226.03501179732243,54575100
2025-08-27,229.6417236328125,230.05020313892598,227.41991984776428,227.7686378094015,31259500
2025-08-28,231.70408630371094,232.55096405412047,228.4959359400532,229.9704999102399,38074700
2025-08-29,231.28562927246094,232.52107103838586,230.51845893056873,231.65426265633033,39418400
2025-09-02,228.87454223632812,230.00038826150748,226.1346633063032,228.4062708029861,44075600
2025-09-03,237.5923309326172,237.9709372370204,233.49745685978084,236.33697373754433,66427800
2025-09-04,238.8975067138672,239.0170601981439,235.8687018920251,237.57239985348932,47549400
2025-09-05,238.80784606933594,240.43185187342493,237.61226559630578,239.1167027112504,54870400
2025-09-08,237.0045166015625,239.2661511981365,235.47017586985078,238.41928864081726,48999500
2025-09-09,233.4875030517578,237.90119155812317,232.5011411802574,236.12774389612645,66313900
2025-09-10,225.95530700683594,231.56459101144756,225.11840222253522,231.3354417686907,83440800
2025-09-11,229.18341064453125,229.60186307827533,225.81584532196928,226.04500979013486,50208600
2025-09-12,233.2085418701172,233.6469097348115,228.17712472443904,228.37638560886936,55824200
2025-09-15,235.828857421875,237.31337916896246,234.16500543557729,236.12775635652346,42699500
2025-09-16,237.2735137939453,240.33222235518573,235.45026224943368,236.30708253667353,63421100
2025-09-17,238.11044311523438,239.21635855568803,236.85507060288438,238.09051246512186,46508000
2025-09-18,237.0045166015625,240.31228984200703,235.77903252032195,239.08682096339746,44249600
2025-09-19,244.59646606445312,245.3935247988757,239.32594197772087,240.34217704154452,163741300
2025-09-22,255.13751220703125,255.69547916115815,247.2068166293636,247.38616206443075,105517400
2025-09-23,253.49359130859375,256.3928850249964,252.64672876089196,254.9382669065294,60275200
2025-09-24,251.38140869140625,254.79879299943292,250.11607847800005,254.2807025242173,42303700
2025-09-25,255.9246063232422,256.22352044118514,250.7836088309123,252.27808820484515,55202100
2025-09-26,254.51980590820312,256.6519291955366,252.84598111295833,253.16481067495934,46076300
2025-09-29,253.49359130859375,254.06150078407975,252.07881928540593,253.62311772285494,40127700
2025-09-30,253.69287109375,254.97811672142575,252.17846100632588,253.92202035086734,37704300
2025-10-01,254.5098419189453,257.83756097799323,253.9917514638179,254.10134722927504,48713900
2025-10-02,256.18365478515625,257.229778167004,253.21461153357077,255.63566078088252,42630200
2025-10-03,257.07037353515625,258.2858846694617,253.01536064819075,253.73271197999827,49155600
2025-10-06,255.7452850341797,258.1165305885388,254.1113214696764,257.0404883747525,44664100
2025-10-07,255.5360870361328,256.4526841311554,254.48993311029045,255.86485915808862,31955800
2025-10-08,257.1102294921875,257.56852798749276,255.16739414069707,255.5758888188916,36496900
2025-10-09,253.10501098632812,257.0504430809132,252.20832947523735,256.86113993459566,38322000
2025-10-10,244.3673095703125,255.436420799504,243.10197943699816,254.00171816056968,61999100
2025-10-13,246.74851989746094,248.7710475029622,244.6562426215344,248.46219085423505,38142900
2025-10-14,246.8581085205078,247.93413549962378,243.79940008876653,245.69241642712313,35478000
2025-10-15,248.42233276367188,250.89321639065437,246.559219921403,248.57178982967116,33893600
2025-10-16,246.53929138183594,248.1234359576197,244.22783772705108,247.33635013275978,39777000
2025-10-17,251.36148071289062,252.4474806979352,246.3599669580113,247.1072067041429,49147000
2025-10-20,261.27484130859375,263.4069798400544,254.68918336894043,254.94822099113512,90483000
2025-10-21,261.8028869628906,264.3136317818121,260.86634411857244,260.9161783410852,46695900
2025-10-22,257.49884033203125,261.882640960004,254.48993535873984,261.68336485657886,45015300
2025-10-23,258.6246643066406,259.66084534801524,257.06046542540827,258.9833552231903,32754900
2025-10-24,261.85272216796875,263.15789839957887,258.22610426270086,260.2287163700197,38253700
2025-10-27,267.8206787109375,268.1295353654346,263.67598537979285,263.90514984178776,44888200
2025-10-28,268.0099792480469,268.89671830922975,267.1631014853557,268.00000632210845,41534800
2025-10-29,268.7073974609375,270.4110953948544,266.1269030442272,268.28892986747474,51086700
2025-10-30,270.4011535644531,273.131090148023,267.49191714200913,270.98897852374654,69886500
2025-10-31,269.3749084472656,276.29934139392066,268.1693703205502,275.97053891965146,86167100
2025-11-03,268.0597839355469,269.8531775103368,265.2701011373342,269.42476736726525,50194600
2025-11-04,269.0461730957031,270.49081837885313,266.6350661079627,267.3424445625432,49274800
2025-11-05,269.1457824707031,270.70003856307255,265.94757476828966,267.6213843438783,43683100
2025-11-06,268.7771301269531,272.3937751745226,266.90407480138714,266.90407480138714,51204000
2025-11-07,267.4819030761719,271.28785094446636,265.78814772800683,268.8069946610708,48227400
2025-11-10,268.6985778808594,272.98692304032335,266.733924572705,268.2298525605972,41312400
2025-11-11,274.5028076171875,275.16101963639426,269.0675899882029,269.07757258136417,46208300
2025-11-12,272.7276916503906,274.9815668240292,270.96250711171905,274.2535373864602,48398000
2025-11-13,272.20904541015625,275.9488654308047,271.3513641926929,273.3658696206449,49602800
2025-11-14,271.6705322265625,275.21088338895913,268.8681625557137,270.31420819279356,47431300
2025-11-17,266.73394775390625,269.7557213346742,265.00866346949266,268.09027174019775,45018300
2025-11-18,266.7139892578125,269.97510130800674,264.59974924229334,269.25705465795,45677300
2025-11-19,267.83099365234375,271.47107967039307,264.77930243197466,264.80921977983166,40424500
2025-11-20,265.5272521972656,274.68232536305425,265.1981613886433,270.09480618650156,45823600
2025-11-21,270.75299072265625,272.5879921198442,264.9488130991126,265.2280517805383,59030800
2025-11-24,275.1710205078125,276.24807542504453,270.164627965921,270.164627965921,65585800
2025-11-25,276.2181396484375,279.6188865292943,274.5028075356392,274.52274228722064,46914200
2025-11-26,276.7966003417969,278.7712367451818,275.8791146523587,276.2082055022192,33431400
2025-11-28,278.0930480957031,278.242634823177,275.2407959413455,276.50736791500816,20135600
2025-12-01,282.3315124511719,282.65065109438723,275.3904143522869,277.2553332443013,46587700
2025-12-02,285.4131164550781,286.619823290159,281.86278279875575,282.231773534172,53669500
2025-12-03,283.378662109375,287.8365294074879,282.5309633672564,285.4231155973949,43538700
2025-12-04,279.9380187988281,283.95707766942763,277.83373081751637,283.3287830094401,43989100
2025-12-05,278.0232238769531,280.37683325787106,277.2951945750906,279.77845592816414,47265800
2025-12-08,277.1356506347656,278.9108174051644,275.4003533668138,277.374989388386,38211800
2025-12-09,276.4275817871094,279.2698514894354,276.16830825817004,277.40493251311347,32193300
2025-12-10,278.0232238769531,278.9905919368044,275.68957968235776,276.9960211276047,33038300
2025-12-11,277.2752685546875,278.8310314000742,273.0667227973629,278.34237127554803,33248000
2025-12-12,277.5245666503906,278.4620173164318,276.06853855760204,277.14559334691864,39532900
2025-12-15,273.3658752441406,279.3894873363706,272.0993337942639,279.3894873363706,50409100
2025-12-16,273.8645324707031,274.752131096348,271.0522107383373,272.07941349564567,37648600
2025-12-17,271.10205078125,275.41033087528734,270.9026119684932,274.2634587890498,50138700
2025-12-18,271.4511413574219,272.88723490520505,266.22537510199504,272.8672697170699,51630700
2025-12-19,272.9271240234375,273.8545921928022,269.1673383776201,271.4112306527045,144632000
2025-12-22,270.23443603515625,273.13654030849926,269.7756932559407,272.1192896847017,36571800
2025-12-23,271.62066650390625,271.7603010837797,268.8282792538215,270.1048034873943,29642000
2025-12-24,273.06671142578125,274.6823088952694,271.46109654935304,271.60070067851706,17910600
2025-12-26,272.6578674316406,274.6225212124231,272.1193247047194,273.4158142002898,21521800
2025-12-29,273.0168762207031,273.61522314661676,271.6107000753325,271.9497734782625,23715200
2025-12-30,272.33868408203125,273.3359694836473,271.54086793463244,272.06942798009953,22139600
