Price,Close,High,Low,Open,Volume
Ticker,GOOGL,GOOGL,GOOGL,GOOGL,GOOGL
Date,,,,,
2020-01-02,67.83251953125,67.83251953125,66.73277402795259,66.82793093236997,27278000
2020-01-03,67.47766876220703,68.08379778892568,66.77390994004057,66.80761528460377,23408000
2020-01-06,69.2762222290039,69.30149556378939,66.95629344220531,66.98751077493854,46768000
2020-01-07,69.14239501953125,69.55821012407621,68.96645724727993,69.40754568235849,34330000
2020-01-08,69.634521484375,69.97202855087728,69.01947667777338,69.12801132752558,35314000
2020-01-09,70.36554718017578,70.80613648268411,69.8907534284605,70.47160139102655,33200000
2020-01-10,70.82003784179688,71.1164134845268,70.35615638175,70.84531874235175,26258000
2020-01-13,71.36865997314453,71.44051730380278,70.64210083819175,71.1317546271615,30730000
2020-01-14,70.90080261230469,71.49750880179123,70.76103550256398,71.36716436377095,26076000
2020-01-15,71.32752990722656,71.40583792168397,70.95384451597616,71.02124763841545,21550000
2020-01-16,71.87071228027344,71.89747539401914,71.3671740127522,71.63727803469492,26080000
2020-01-17,73.3258056640625,73.3768514456116,72.18740154979925,72.48426869061286,52424000
2020-01-21,73.46110534667969,73.83925246721381,72.86439154992613,73.30002755955512,48930000
2020-01-22,73.5413818359375,74.36954091002987,73.48142006681404,73.83181338382326,28458000
2020-01-23,73.58203887939453,74.01867318733109,73.36546106331161,73.72378735471344,26650000
2020-01-24,72.66416931152344,74.05334797496889,72.51597775102503,73.98495419699645,29786000
2020-01-27,70.95731353759766,71.19768245755475,70.35118456784836,70.94789842652807,34132000
2020-01-28,71.8875503540039,72.10065700330917,70.88939752782218,71.45339660181743,29724000
2020-01-29,72.19483184814453,72.56356386926777,71.63430381972567,72.2820558505161,21566000
2020-01-30,72.07341766357422,72.1229736667599,71.11937574477422,71.27301221062503,27110000
2020-01-31,71.00934600830078,72.83763191582841,70.72585665176216,72.74792746502517,43822000
2020-02-03,73.47843933105469,73.66181843513121,72.19036163551479,72.44014561867483,71636000
2020-02-04,71.63529968261719,72.7221589274787,70.47657553792322,72.08531174137013,95880000
2020-02-05,71.6670150756836,72.58537028746804,70.85571232176258,72.53729650429216,36376000
2020-02-06,73.14986419677734,73.42691043576079,71.88656813376596,71.96090591264428,37822000
2020-02-07,73.30548095703125,73.60978185657574,72.6265040449633,72.72463293664772,28360000
2020-02-10,74.76998901367188,74.78089390340634,73.11169710268464,73.21230643210724,38302000
2020-02-11,74.83938598632812,75.82168077098233,74.61091262722508,74.99847489323436,34852000
2020-02-12,75.26412200927734,75.34688423463207,74.7704979689078,75.12683532807398,31042000
2020-02-13,75.00442504882812,75.62690377435739,74.5390463323393,74.8364125860934,22914000
2020-02-14,75.26908111572266,75.3345029054228,74.6158690097316,75.06092775062079,23198000
2020-02-18,75.30426788330078,75.85538085243427,74.8864713768279,75.0515118488402,25642000
2020-02-19,75.57337951660156,75.8643026659883,75.38059282964247,75.68885642045224,22746000
2020-02-20,75.1828384399414,75.68240645418584,74.55192774826135,75.2829486635649,25962000
2020-02-21,73.52107238769531,74.8834956332235,73.27475947782071,74.56779071017739,42520000
2020-02-24,70.3690185546875,71.1877625983734,69.72126652670165,70.52711678476247,49560000
2020-02-25,68.70677185058594,71.21106293016649,68.4143664703446,70.92113799695146,51580000
2020-02-26,68.91242980957031,70.06223775405306,68.22254806781541,69.13594979993545,49776000
2020-02-27,65.16961669921875,67.86819119574264,65.13442914630396,67.35969967242637,62290000
2020-02-28,66.37395477294922,66.53254456868979,62.85317207191718,63.15549166870897,80198000
2020-03-02,68.70677185058594,68.76376163348303,65.67763179244827,66.97562400936349,55430000
2020-03-03,66.29813385009766,69.79066400531799,65.87785685894856,69.26978521815887,56602000
2020-03-04,68.47283935546875,68.53131891334556,66.26243609006487,67.35078505307477,47598000
2020-03-05,65.16021728515625,67.08663985146644,64.50998472744404,66.68618377455482,54380000
2020-03-06,64.21756744384766,64.56498121361302,62.307997902917315,62.93940012057122,64640000
2020-03-09,60.25519943237305,62.08596557665804,59.375499246974364,59.718458788506304,69252000
2020-03-10,63.1981086730957,63.23181023125932,60.19176558217221,62.16824305070715,54872000
2020-03-11,60.012847900390625,62.29412145420184,59.03353279180073,61.864928567207265,54732000
2020-03-12,55.08901596069336,58.91509013760297,54.93637016761017,55.637652241074605,94326000
2020-03-13,60.179874420166016,60.18631753199108,55.125688027826726,58.23313582495067,79400000
2020-03-16,53.178462982177734,56.770112489977635,52.885063152349346,54.00166134485496,96520000
2020-03-17,55.41165542602539,55.80516546556795,51.99396263493645,54.05270706671724,83194000
2020-03-18,54.079959869384766,54.76389386649369,51.39427142867843,52.531193206500674,93044000
2020-03-19,55.0949592590332,57.12396841730102,52.313622306797946,53.932764120819286,74064000
2020-03-20,52.94105529785156,56.423674082292194,52.638240418033874,56.048003647697364,82878000
2020-03-23,52.243247985839844,52.8766315654061,50.00013767795823,52.35426310073486,83672000
2020-03-24,56.00389862060547,56.1684399560884,53.84404970701331,54.71383949660357,72468000
2020-03-25,54.59688186645508,56.80480098996258,53.67456021178784,55.734790654308775,90324000
2020-03-26,57.63493728637695,58.05917685755691,54.121592502034,55.246119650005106,76562000
2020-03-27,55.025081634521484,57.04665709426184,54.71483294886179,55.878018798817905,62794000
2020-03-30,56.811729431152344,57.04416919375739,54.441746039351614,56.13423859021797,58736000
2020-03-31,57.58686447143555,58.154330943122716,56.33645085139658,56.93167488332719,65228000
2020-04-01,54.62066650390625,55.974661472404435,54.19395025688407,55.706043456891315,51970000
2020-04-02,55.3606071472168,55.64508338449243,54.17611063573357,54.516589764619354,56410000
2020-04-03,54.15479278564453,55.4478276673134,53.28153946046502,55.24562211424247,51374000
2020-04-06,58.639530181884766,59.0142061972001,55.755602497061574,56.152088293952644,63320000
2020-04-07,58.60831069946289,60.502517628561925,58.34514510861822,60.31567115560126,61620000
2020-04-08,59.81956481933594,60.21109350341691,58.67719432513304,59.62627903343339,40334000
2020-04-09,59.798255920410156,60.56247930945825,59.09697386880248,60.373655297137006,54028000
2020-04-13,59.988563537597656,60.192258866216356,58.59690446874591,59.54697977355513,38702000
2020-04-14,62.705474853515625,63.226848850689024,60.88709574064294,61.45357529825555,63358000
2020-04-15,62.31246566772461,63.195137966275986,61.15770423269023,61.77770628661338,42236000
2020-04-16,62.318904876708984,63.10840538961774,61.36585746351938,62.80013802922198,57896000
2020-04-17,63.3879280090332,63.9330931634959,62.743639511197074,63.5217397961262,51050000
2020-04-20,62.503265380859375,63.27987960151955,62.26983493676543,62.93642471323275,35292000
2020-04-21,60.07530212402344,61.95067114702243,59.72044698572963,61.58937667810342,49648000
2020-04-22,62.367469787597656,63.431532184707,61.31628983142684,61.51007093376277,46296000
2020-04-23,62.99985885620117,63.84139948935235,62.47253710306715,62.73074553471791,34202000
2020-04-24,63.268985748291016,63.323997976696404,61.65331112209811,62.198476293536736,37402000
2020-04-27,62.98450469970703,64.13629414565634,62.697052671356346,64.03221368825741,44186000
2020-04-28,61.08782958984375,63.6734006978613,60.978300459648246,63.59609091100118,80700000
2020-04-29,66.51915740966797,67.40975873675693,65.75344808139765,66.65891696341713,108358000
2020-04-30,66.74317169189453,66.90672236515653,65.49424409029045,65.98291477764961,55842000
2020-05-01,65.2870864868164,66.97760179374693,64.90745711448741,65.62261230338001,48872000
2020-05-04,65.56364440917969,65.64146088096436,64.23096359705865,64.83164021065014,30806000
2020-05-05,66.8581314086914,67.94796982172751,66.16478624402454,66.28719776817775,39666000
2020-05-06,66.68023681640625,67.83301697062188,66.66536925942738,67.30321467823855,31732000
2020-05-07,67.86224365234375,68.1952965450196,67.03260232501718,67.46724765565328,30652000
2020-05-08,68.60863494873047,69.21822742140198,67.99755269554913,68.48374294304661,33326000
2020-05-11,69.56268310546875,70.15443614189311,68.17053209619897,68.23446411115016,32718000
2020-05-12,68.1546630859375,70.09495481486462,68.12145686010034,69.79214367959435,33918000
2020-05-13,66.82394409179688,68.65768970686308,65.81687529627737,68.20321596744674,40368000
2020-05-14,67.2467041015625,67.2719774313183,65.58345129690645,66.08996149450783,36660000
2020-05-15,68.0495834350586,68.1249118737089,66.36154882389845,66.82048436815816,41544000
2020-05-18,68.65026092529297,69.02592758289641,67.11487206226282,67.48063205826992,47094000
2020-05-19,68.11601257324219,69.01255809121812,68.0842961241777,68.66514424524233,31586000
2020-05-20,69.8387222290039,69.9809622319671,68.76127821697874,68.84751154962743,38262000
2020-05-21,69.71928405761719,70.20051340358503,69.10671203417986,69.92941872936086,30894000
2020-05-22,70.04092407226562,70.22726760663576,69.18402059567988,69.57802589109073,28544000
2020-05-26,70.44385528564453,71.62042645531723,70.34622550732381,71.46430955805518,44590000
2020-05-27,70.38983917236328,70.64111296949386,69.11712797478641,70.37596228255275,31684000
2020-05-28,70.28874206542969,71.58821644638739,69.33916194732967,69.38475528420979,35170000
2020-05-29,71.0460205078125,71.20510940143461,70.17672981418404,70.39727026219002,37044000
2020-06-01,71.11293029785156,71.44548411572828,70.48896178135337,70.6584640274907,25162000
2020-06-02,71.48167419433594,71.51587109288742,70.45576723779165,71.11938520298132,23442000
2020-06-03,71.33000946044922,71.81371930747741,70.95186229426255,71.50099393024125,27732000
2020-06-04,70.09346771240234,71.43259900133093,69.68261343947218,71.20758919005584,26982000
2020-06-05,71.36815643310547,71.67939953713636,69.7623924809076,70.15986891378326,42642000
2020-06-08,71.76563262939453,71.81320729132332,70.59798511297558,70.68719800230541,33878000
2020-06-09,71.96585845947266,72.74495316037958,71.48412999551343,71.62686911667684,33624000
2020-06-10,72.59131622314453,72.99126556620439,72.07886198518231,72.43321799548916,31762000
2020-06-11,69.47891998291016,71.94207934602183,69.30595418790874,71.41822106728198,47144000
2020-06-12,70.02508544921875,71.0950958685893,68.68100075272422,70.66639445321813,36676000
2020-06-15,70.41263580322266,70.62376113767836,68.75037355248693,68.8638691116069,30468000
2020-06-16,71.68783569335938,72.21812953766074,70.82151691176658,71.81321926135442,30648000
2020-06-17,71.98866271972656,72.46741921038576,71.12581508481102,72.00849116981989,30610000
2020-06-18,71.07575988769531,72.00997330472221,70.68521806962335,71.85534618092774,34862000
2020-06-19,70.60592651367188,71.59019503933153,70.32639981826522,71.36717413263463,52784000
2020-06-22,71.89547729492188,71.90985329738507,70.3358133685618,70.62425602292842,29442000
2020-06-23,72.55563354492188,73.11170737614935,71.61497701926105,71.96189927090062,37752000
2020-06-24,71.00538635253906,73.14094525944436,70.87157077976596,72.52094696988216,31592000
2020-06-25,71.42169189453125,71.48215278669201,70.35316378712089,70.93203051023997,23958000
2020-06-26,67.52820587158203,71.21947330997806,67.15452055099803,71.00190487444962,97640000
2020-06-29,69.2444839477539,69.285623059931,66.9884876343953,67.41917027733605,45074000
2020-06-30,70.279296875,70.57418259546536,68.7369736222568,69.23010597456293,40286000
2020-07-01,71.46629333496094,71.78745069882932,70.08752033557674,70.33483147032733,42182000
2020-07-02,72.85051727294922,73.77185199898827,71.91580477152797,71.95397188987388,57218000
2020-07-06,74.32344818115234,74.83640148976822,73.19991179517179,73.75350510202594,44712000
2020-07-07,73.84123992919922,75.39744054043872,73.83033503772904,74.14901196321672,42364000
2020-07-08,74.51921081542969,74.89438589093099,73.95917442448163,74.3804419408767,31766000
2020-07-09,75.26559448242188,75.78499090291139,74.1222372096251,74.83293050342496,41836000
2020-07-10,76.274169921875,76.38964683125434,74.37649937774104,74.99748836861167,35918000
2020-07-13,74.94693756103516,78.12525214839029,74.6659286390458,76.81586355325133,42954000
2020-07-14,75.3746337890625,75.4707813470095,73.643486194084,73.98347375977394,38108000
2020-07-15,75.17740631103516,76.14135504371099,74.23327847026346,75.49211307051254,31026000
2020-07-16,75.08023071289062,75.1292951473454,73.75943852188189,74.41512328220357,26484000
2020-07-17,75.1759033203125,75.50201403049498,74.24664320234244,75.17887531922496,34264000
2020-07-20,77.50475311279297,77.76098024738981,74.47462260455251,75.08421510478026,30166000
2020-07-21,77.11222839355469,78.65505117777408,76.94867771392333,78.55494094995885,27486000
2020-07-22,77.55480194091797,77.6603646078769,76.48330192524752,77.10181793412379,24482000
2020-07-23,75.17095184326172,77.82739713519356,74.76653311104509,77.60833887916083,33910000
2020-07-24,74.7477035522461,75.10553072084302,73.7257669453533,74.3006710392535,29902000
2020-07-27,75.79936981201172,76.20229873811029,74.95188885196664,74.99798130151846,27124000
2020-07-28,74.52171325683594,75.6298832481758,74.3665870026742,75.57982812818864,30910000
2020-07-29,75.5059585571289,75.99264027738987,74.4899662264163,74.5885942175227,22676000
2020-07-30,76.24243927001953,76.36733126760335,74.10142063314761,74.24018951935184,36042000
2020-07-31,73.74359130859375,74.58958993707091,72.06100916107408,74.19459395635562,91468000
2020-08-03,73.48638153076172,74.22829979718547,72.93923127224508,73.89476289216728,45482000
2020-08-04,73.01753234863281,73.99932787425692,72.55810525124386,73.68214077349012,37212000
2020-08-05,73.30448913574219,73.84519626003934,72.91444645952018,73.19199180453877,29134000
2020-08-06,74.58611297607422,74.65153474742569,72.94814118233471,73.15877493536351,33306000
2020-08-07,74.260009765625,75.3364629621504,73.66032406035278,74.78882125520961,27718000
2020-08-10,74.1832046508789,74.6951597832656,73.22519259615039,73.88484774464752,20546000
2020-08-11,73.3763656616211,74.85822859764728,73.25989808481575,74.04344711201892,31098000
2020-08-12,74.69963073730469,74.91918811247346,73.59740476873101,73.70247590056702,22512000
2020-08-13,75.1659927368164,76.1730693636547,74.74770466605213,74.74770466605213,22388000
2020-08-14,74.57026672363281,75.32160764285088,74.29123915630834,75.01531784878155,21942000
2020-08-17,75.1456527709961,75.51934563196673,74.58859593552471,75.13227499762654,19990000
2020-08-18,77.10530090332031,77.18410047054229,75.41479306689972,75.6353335447207,28378000
2020-08-19,76.55169677734375,77.75354125629191,76.32322343836007,76.94223100784141,30472000
2020-08-20,78.11978149414062,78.31405791501433,76.04864662583448,76.3217225914923,26382000
2020-08-21,78.08609008789062,78.89442072406565,77.42891544303244,77.89923986608471,34838000
2020-08-24,78.56088256835938,79.73200128949749,78.0598247678244,78.92366302638288,25638000
2020-08-25,79.58680725097656,79.73697262205323,78.2005926493142,78.31061712349431,25150000
2020-08-26,81.48396301269531,81.91316349499694,79.34543219094165,79.60909309862284,52188000
2020-08-27,80.7103271484375,81.67526631440305,80.22909022649999,81.60687253223567,31350000
2020-08-28,81.25102233886719,81.34617922901354,80.5661014503227,80.75740589680068,22418000
2020-08-31,80.76036834716797,81.50228648416696,80.5522150378129,81.45619404382111,26422000
2020-09-01,82.02664947509766,82.23183081944713,80.76038141438515,80.89072586563118,22652000
2020-09-02,85.11476135253906,85.54643467567958,82.27989831423639,82.66746052539978,49522000
2020-09-03,80.75939178466797,84.25291200419659,79.67896815713972,84.22912088973366,63726000
2020-09-04,78.36560821533203,81.03096897134081,76.2226083165763,79.74289125622084,55850000
2020-09-08,75.51045227050781,77.09390786839975,75.15856904745428,75.57983673616546,54032000
2020-09-09,76.68156433105469,77.25100844974789,75.58825431018042,76.76432656790699,39242000
2020-09-10,75.63184356689453,77.99142115166845,75.33200448229753,76.82774391744775,33024000
2020-09-11,75.12187194824219,76.25878610515645,73.99486445257723,75.73592613662498,30706000
2020-09-14,74.7784194946289,77.16575111984385,74.59405726973172,75.9093897485379,42660000
2020-09-15,76.08135986328125,76.86788828127027,75.43608833739093,75.72304121338455,23042000
2020-09-16,74.93999481201172,77.03541281613771,74.91521303018398,76.44614030970467,22128000
2020-09-17,73.69849395751953,74.27438863369424,72.48029972090434,73.63753395614539,40008000
2020-09-18,71.91679382324219,74.10291435499147,70.9518546797174,73.76094545210748,63056000
2020-09-21,70.87850952148438,71.3701446598767,69.51757609828891,70.95185663516155,56908000
2020-09-22,72.3494644165039,72.55514489120695,70.84679000199299,71.87864080173308,33950000
2020-09-23,69.8501205444336,72.01542196505994,69.51757431347869,71.9663575191047,37726000
2020-09-24,70.51769256591797,71.26754361712104,69.49129442637486,69.51756598383865,34552000
2020-09-25,71.32058715820312,71.6615578347478,69.76537731139764,70.62624357149211,30326000
2020-09-28,72.29197692871094,73.00217881108502,71.67842173057377,72.95262280781392,30784000
2020-09-29,72.65673065185547,72.95309862826339,72.06100757603167,72.55215865956741,31816000
2020-09-30,72.63592529296875,73.65687119404856,72.14825279198409,72.40497148553358,40924000
2020-10-01,73.74111938476562,74.09647363654604,73.19099712373635,73.5309847051695,32884000
2020-10-02,72.14031219482422,73.3015166577609,71.73143930114331,72.34004108666224,31222000
2020-10-05,73.4898452758789,73.582521715312,72.3628377612094,72.4897110883713,21602000
2020-10-06,71.91333770751953,73.57361127111236,71.61547988862486,73.12657876677537,26096000
2020-10-07,72.3157730102539,72.80295400551113,71.03165761925928,72.32419745576502,36108000
2020-10-08,73.51958465576172,73.74755887897275,72.62848419076307,72.62848419076307,26076000
2020-10-09,74.85871124267578,74.92809569109109,73.69651605996611,73.98694007707145,32966000
2020-10-12,77.54190826416016,78.72293349802754,75.79291373880893,76.2240954855972,55344000
2020-10-13,77.66483306884766,78.5613860495805,77.24654502979156,78.15746645271066,39072000
2020-10-14,77.48492431640625,78.49645507443054,76.61563357234498,78.0380261496372,33174000
2020-10-15,77.08992767333984,77.87942818375831,76.37923428577766,76.5462485174522,31210000
2020-10-16,77.69605255126953,78.1921494513825,77.19846587067573,77.40512942894904,34194000
2020-10-19,75.82514190673828,78.50042480212294,75.4767374385808,78.10393898976746,29734000
2020-10-20,76.87235260009766,78.00035081850514,75.35679216195857,75.48614593995441,41670000
2020-10-21,78.60250854492188,80.04720230384581,77.66829522867764,77.80260233594682,60322000
2020-10-22,79.62693786621094,79.96196457771984,78.18076166313445,78.55345638173165,30512000
2020-10-23,80.9313735961914,80.98787182595748,79.88712810599611,80.04275346677193,30548000
2020-10-26,78.51824951171875,80.76284171616221,77.70000470854104,80.04025290665729,35826000
2020-10-27,79.2413558959961,79.39598302527754,78.15647798175637,78.74823094631225,25902000
2020-10-28,74.87605285644531,77.00764880260952,74.76107508383566,76.81932392288722,45174000
2020-10-29,77.15979766845703,78.73879084927967,75.16101918675622,75.18431118327405,55406000
2020-10-30,80.09529113769531,83.32714000475032,79.37468339226977,82.63923937660972,99878000
2020-11-02,80.5021743774414,82.18326693567796,80.00259878301561,80.46351570683841,44228000
2020-11-03,81.5597915649414,82.22092895585259,79.89703764384542,80.82134439367809,31432000
2020-11-04,86.52526092529297,87.7236342649192,84.40159024527001,84.52945424402306,71342000
2020-11-05,87.35044860839844,88.80356697686386,86.28638227990174,87.74445397974725,39758000
2020-11-06,87.21317291259766,87.64781830534946,86.0707985293966,86.79735774216776,28622000
2020-11-09,87.29692077636719,90.04604232881928,87.10512476391894,89.00973736210345,53440000
2020-11-10,86.1223373413086,87.19581874690427,85.05182793444769,85.72833198232598,43022000
2020-11-11,86.59366607666016,87.37027284342858,86.38699493395451,86.65164652421126,31838000
2020-11-12,86.37509155273438,87.473354716202,86.1347226524478,86.33445155052767,26474000
2020-11-13,87.83416748046875,88.07552708445508,86.03611556662607,86.6318312404078,29744000
2020-11-16,87.92188262939453,88.92846007684724,87.2924616688754,87.4317296869086,25468000
2020-11-17,87.3088150024414,88.07601416521123,87.20127099757448,87.61608790911133,21314000
2020-11-18,86.26703643798828,87.47433321691827,86.1644457805151,87.06000792267966,20108000
2020-11-19,87.1556625366211,87.39950253324328,85.74071145834314,85.89980034337418,20106000
2020-11-20,86.05592346191406,87.64086843006233,85.9875296804616,87.32566263564391,27694000
2020-11-23,85.6187973022461,86.53219912341163,84.7574394883768,86.24623688977317,22530000
2020-11-24,87.41983032226562,87.54769432891005,85.28030128891842,85.61582709012495,27984000
2020-11-25,87.43122863769531,87.74098199849014,86.64966101469372,87.61361710340941,19600000
2020-11-27,88.56565856933594,89.06077233033807,87.451537281443,87.451537281443,14790000
2020-11-30,86.94901275634766,88.23461026252885,86.62389270937271,88.0021742334113,32418000
2020-12-01,88.97899627685547,90.28541271304861,87.37670339819209,87.55661139988837,37350000
2020-12-02,90.44650268554688,90.83159210392103,88.4739951590792,88.9790157091056,29424000
2020-12-03,90.29136657714844,91.3811977041033,90.05148923543042,90.22693546266429,24728000
2020-12-04,90.38652038574219,90.67099282129256,89.88248305416691,90.211074164492,20544000
2020-12-07,90.052978515625,90.66058963378225,89.3596256167209,89.97962384343904,22288000
2020-12-08,89.77049255371094,90.00045570240857,88.77680884902743,89.63123209189808,19936000
2020-12-09,88.11168670654297,90.61499424253762,87.32565738141666,89.7224040243927,31728000
2020-12-10,87.60567474365234,87.96944584482684,85.91466810867063,87.35539163522937,28688000
2020-12-11,87.96004486083984,88.08444532599398,86.86674248708519,87.22655098140548,18628000
2020-12-14,86.84294128417969,88.70344266311149,86.68781505650074,87.7578328663275,33050000
2020-12-15,87.28006744384766,87.42478033349926,86.31810030713507,87.21959899351037,21352000
2020-12-16,87.08728790283203,87.67805024259137,86.68436649494947,87.67805024259137,24676000
2020-12-17,86.2605972290039,87.5590882829779,85.79671592245012,87.42131006736186,34880000
2020-12-18,85.55237579345703,86.64964817459027,84.99630960699481,86.54111351698864,85256000
2020-12-21,85.96572875976562,86.08665811314235,83.95555333993705,84.70540456646583,33974000
2020-12-22,85.2550277709961,85.86908203246823,84.53937350209927,85.70652202058871,20370000
2020-12-23,85.65199279785156,86.43901273462653,85.30358082403468,85.43888615125147,22974000
2020-12-24,85.9458999633789,86.35477287610888,85.45970970994662,85.69016438918781,9312000
2020-12-28,87.91840362548828,88.56467341724073,86.32553337453282,86.47867070685578,27650000
2020-12-29,87.11552429199219,88.63752786002674,86.98418918004275,88.5760763070987,19726000
2020-12-30,86.04947662353516,87.61112952417417,85.64060373303981,87.4743419671934,21026000
2020-12-31,86.86177062988281,87.10263105359851,86.04153690500131,86.10002401699556,21070000
2021-01-04,85.54794311523438,87.34995767779742,84.60678737782982,87.22655543499918,37324000
2021-01-05,86.23782348632812,86.57384087549532,85.0904957295957,85.49639668938146,20360000
2021-01-06,85.3868637084961,86.43209989384242,84.05963548087263,84.26580751682431,46588000
2021-01-07,87.9372329711914,88.10969962135877,85.57913758743977,85.57913758743977,41936000
2021-01-08,89.1014175415039,89.17724509831527,87.28700106093784,88.07700063431957,35484000
2021-01-11,87.04267120361328,88.43482947963955,86.83699831013621,88.07006012945878,34796000
2021-01-12,86.10794830322266,87.61805617476314,85.0647012818562,86.50096293647032,29528000
2021-01-13,86.59465789794922,87.04764196663757,85.60691063338058,85.60691063338058,23432000
2021-01-14,85.78531646728516,87.60072359261585,85.54494757680975,86.6749271380058,29212000
2021-01-15,85.62177276611328,86.61298351886033,84.8332704806772,85.69115721631205,31444000
2021-01-19,88.43929290771484,89.39927873716123,85.87998609845495,86.38401590342727,41660000
2021-01-20,93.17729187011719,94.15115472423471,90.17590550971953,90.51588557100766,64152000
2021-01-21,93.37947082519531,95.75490670461232,93.14455439307764,93.85030191789575,58634000
2021-01-22,93.7962875366211,94.38258801925332,93.00034392716495,93.74177064385457,32744000
2021-01-25,93.88152313232422,95.24642668111035,92.14096048462264,94.79641468314033,50586000
2021-01-26,94.55902099609375,94.94559256063314,92.98200896097454,93.47067208076419,31462000
2021-01-27,90.14762878417969,93.1970881256996,89.07414752601007,92.92153170069953,82512000
2021-01-28,91.84558868408203,93.56979410024235,90.7453441830221,90.7453441830221,55278000
2021-01-29,90.56493377685547,91.56506801621617,89.28627865285289,90.89500711521993,44530000
2021-02-01,93.82156372070312,94.9351859580172,91.41886545698281,91.41886545698281,40252000
2021-02-02,95.11260986328125,96.61181293798191,94.48070854008223,94.81574275927689,66332000
2021-02-03,102.0391845703125,104.40520530845473,99.79260337887582,102.37272899522037,97882000
2021-02-04,101.77902221679688,102.55562903660386,100.86065935635185,102.12544539447559,48596000
2021-02-05,103.52352142333984,103.87589607151482,101.59908818939329,102.0728837181395,29866000
2021-02-08,103.30992126464844,104.82052838312552,102.26073015453102,104.07712038040832,28828000
2021-02-09,102.85745239257812,104.00329035138957,102.59032034935547,102.82820882981224,21892000
2021-02-10,103.40705871582031,104.02161204925905,101.7101080573944,103.24152671661228,25102000
2021-02-11,103.51956939697266,103.7797591856027,102.5338111240634,103.63108362772132,20480000
2021-02-12,103.83080291748047,104.05233401562371,102.76722828875226,103.07450872538962,18990000
2021-02-16,104.60742950439453,106.3142945266649,103.66825520694219,103.66825520694219,31004000
2021-02-17,104.99994659423828,105.18926972453114,103.49975268099251,103.77877270157512,20294000
2021-02-18,104.36505889892578,105.1669539793789,103.74654292601814,104.32491801464802,22546000
2021-02-19,103.52253723144531,104.99795680679689,103.2559043418766,104.46320124720552,37938000
2021-02-22,101.81022644042969,103.10227454350802,101.49998153147995,101.77751932937039,29466000
2021-02-23,102.10065460205078,102.71421734338914,98.63686930885748,99.81443122747064,34658000
2021-02-24,103.27473449707031,103.49825450138255,100.48547224750138,100.60986513415875,22608000
2021-02-25,99.91156005859375,103.23459480191558,99.44271782605095,101.89299077097074,41548000
2021-02-26,100.20693969726562,101.92222910849493,99.17112631812763,100.60540682700322,40042000
2021-03-01,102.5734634399414,102.89907502090055,100.82694907500807,101.49998201929594,26060000
2021-03-02,102.31672668457031,103.8164288749296,101.92966358597235,102.33456623773431,25564000
2021-03-03,99.68655395507812,102.88716945584571,98.82369885225702,101.69573836758674,33892000
2021-03-04,100.80265808105469,102.81778652007944,99.39017985813133,99.85803141312911,49216000
2021-03-05,103.93191528320312,104.38440020130358,100.49786526440951,102.15170316057323,53100000
2021-03-08,99.4927749633789,104.75808274317625,99.37828873496463,103.28713246318019,36868000
2021-03-09,101.12133026123047,102.28897784929946,100.88542314472488,101.58670894507843,33920000
2021-03-10,100.91465759277344,102.16407662280277,100.07906475488811,102.16407662280277,27100000
2021-03-11,104.10389709472656,104.63568072084324,101.91877458051778,102.00649770427991,27702000
2021-03-12,101.59910583496094,102.96747311515301,100.72783372970525,102.90800288778321,33818000
2021-03-15,101.81916046142578,101.84641512971943,100.49837533892563,101.35031815559856,26168000
2021-03-16,103.2787094116211,104.75511215690847,102.05951689510228,102.39157157977236,31900000
2021-03-17,103.19593811035156,104.02756080916568,101.30768292105009,102.51448074840832,26382000
2021-03-18,100.1786880493164,102.52835156310981,100.0716356052012,101.5088880221178,31700000
2021-03-19,100.45722198486328,100.95679000162345,99.26628238475064,100.59450866025328,46072000
2021-03-22,100.64208984375,101.51683304401001,99.81492131192749,100.49043471724453,33536000
2021-03-23,101.16940307617188,102.29839198447732,100.50876484586558,101.10100929699755,28510000
2021-03-24,100.73329162597656,102.47137415101128,100.55833692294446,101.68633534543278,25218000
2021-03-25,100.72979736328125,101.3830017702902,98.92727656545988,100.56079425955063,35616000
2021-03-26,100.3467025756836,101.07325412851259,99.31187234420693,100.69659679630594,27978000
2021-03-29,101.39044952392578,101.55995176525356,99.39117913290644,100.21933831690066,26492000
2021-03-30,101.42414855957031,102.22702679811378,100.91268499326586,101.74678812299072,27312000
2021-03-31,102.21958923339844,103.3961603316529,101.4504087988673,101.81715946283474,42570000
2021-04-01,105.55303955078125,105.84891601894121,103.65239718036233,103.69303718393783,39880000
2021-04-05,109.97283935546875,110.46993447035067,106.31775001395617,106.41389756983538,48510000
2021-04-06,109.49210357666016,110.42087204378797,109.12188934950352,109.5743742451769,35240000
2021-04-07,110.967529296875,111.23862398278051,109.68242342069358,109.68242342069358,24134000
2021-04-08,111.53250885009766,112.5911226113418,111.16476752079966,112.20504261453645,28664000
2021-04-09,112.5356216430664,112.69917231745536,110.87980246049328,111.28521181469488,26146000
2021-04-12,111.24456787109375,111.85267053734381,110.4119469730089,111.7153914284989,25024000
2021-04-13,111.73075103759766,112.17878171242072,111.16675191989482,111.56026570494154,25682000
2021-04-14,111.11024475097656,112.37503044207544,110.81833855373404,112.37503044207544,21002000
2021-04-15,113.25820922851562,113.79099102796425,111.5691914039024,112.10345542149517,29174000
2021-04-16,113.13431549072266,113.70376710281464,112.54801498961537,113.45596441194692,26282000
2021-04-19,113.48174285888672,114.19194474297205,112.51135116057078,112.51135116057078,30290000
2021-04-20,112.9489517211914,113.9396632750493,111.8640739438885,113.86482638561692,22288000
2021-04-21,112.9162368774414,112.998008424531,111.25446631680995,112.60400311842587,23204000
2021-04-22,111.63610076904297,113.43812268908319,111.03146160989212,112.77004307784593,24146000
2021-04-23,113.98576354980469,114.29254490612311,112.06876386145632,112.35373543564587,29066000
2021-04-26,114.48136138916016,115.20494850642784,113.85640227460357,114.21323872115512,32038000
2021-04-27,113.54219055175781,114.90361539393929,113.3033038884258,114.86297539492868,44386000
2021-04-28,116.915283203125,120.50048895349634,116.62684053810642,118.57357518868605,81106000
2021-04-29,118.58646392822266,119.15145371385512,117.64927102297919,118.41151681600597,41234000
2021-04-30,116.64073944091797,118.04577658157372,116.29678915602554,117.36035645885461,44856000
2021-05-03,116.12430572509766,118.03089969909728,115.74863902173213,117.20621161359489,28242000
2021-05-04,114.32772064208984,115.22773705405598,111.84226028056607,114.66076596304627,44818000
2021-05-05,114.72122955322266,115.72383658632715,114.39958068772334,115.40813927978554,26636000
2021-05-06,115.84031677246094,115.84031677246094,113.64428958784119,114.30294649647725,25190000
2021-05-07,116.56290435791016,117.52041727105686,116.2769421311953,117.15565548855925,28898000
2021-05-10,113.58036041259766,115.52561297200754,113.2230248324833,115.38386451451022,30914000
2021-05-11,112.50538635253906,113.01189659277263,110.71426940565203,111.16775253542369,34186000
2021-05-12,109.04557800292969,111.41110772177602,108.71699439695318,110.33118310303581,46376000
2021-05-13,110.47242736816406,110.98785364664872,109.3662312366163,110.32770690377507,33204000
2021-05-14,112.91773223876953,113.23194736658283,111.51120550382073,111.93445441533588,31996000
2021-05-17,113.44010162353516,113.48272295866457,111.78428241583579,112.18374021644,21598000
2021-05-18,112.12921905517578,114.36985643689593,112.11534216607272,114.10569642967033,22204000
2021-05-19,112.57675170898438,112.74971749134802,110.29399964826719,110.44218365077748,23684000
2021-05-20,114.33368682861328,114.58396240325392,113.17248227319268,113.54319564211424,32352000
2021-05-21,113.69831085205078,114.92543627002019,113.45893261370185,114.85208159408714,40632000
2021-05-24,117.01439666748047,117.23790909377317,114.58196347525299,114.72717546637737,31832000
2021-05-25,117.10511016845703,118.15232004522714,116.71506746234576,117.55759509928788,22440000
2021-05-26,117.96943664550781,118.3996202017259,117.28301841520451,117.28599041375585,21572000
2021-05-27,117.09568786621094,118.40259591136595,116.77751007748608,118.40259591136595,35224000
2021-05-28,116.80674743652344,117.75929948137693,116.60850831851938,117.6775279248431,21482000
2021-06-01,118.0125503540039,118.23706102476314,116.67937078079298,117.67851435164249,23354000
2021-06-02,117.48770904541016,118.6300757232831,116.58421391694786,118.40754638485407,21158000
2021-06-03,116.34732055664062,116.81517213599709,115.45225740031125,116.25563477530487,18696000
2021-06-04,118.6266098022461,118.89721293095893,117.08230482741318,117.4222924042142,24458000
2021-06-07,119.05927276611328,119.16880566389568,118.00363849834592,118.42192651561601,24120000
2021-06-08,118.86796569824219,119.9127026145582,118.68657547258344,119.54050705313709,24240000
2021-06-09,119.33880615234375,119.5836292835186,118.79165587166284,119.5117719476187,17942000
2021-06-10,120.68636322021484,120.72948367481612,119.1326429466084,119.28826074997299,25904000
2021-06-11,120.4420166015625,121.01295040637044,119.88495212398634,120.92770773649222,21958000
2021-06-14,121.36929321289062,121.3697847648287,119.83737537905269,120.54410606860253,22098000
2021-06-15,120.35231018066406,121.6963871144153,119.99200260970889,121.37374754662788,21562000
2021-06-16,119.71098327636719,120.8146987783104,118.4199335658022,120.50345568028659,26472000
2021-06-17,120.67346954345703,121.44562207681038,119.44089917857585,119.6366654253896,25842000
2021-06-18,119.05531311035156,120.53419632623287,118.96015621393956,120.30027053137374,46116000
2021-06-21,120.7418441772461,120.92769616930957,118.84466559029332,119.44137934703816,27414000
2021-06-22,121.25531005859375,121.32420295984515,119.99994678817278,120.67991442988735,22390000
2021-06-23,121.0535888671875,122.01357468199771,120.76366397043704,121.0203826430331,19148000
2021-06-24,121.42330932617188,121.9739231126459,121.22507021343145,121.6215484389123,21362000
2021-06-25,121.43174743652344,121.55515723452831,120.49654331371744,120.92771759173975,34594000
2021-06-28,121.45899963378906,121.70581164707463,120.33843513053769,121.6002414137362,28526000
2021-06-29,121.19779968261719,121.93972542993173,120.62141348976014,121.59230411100384,23108000
2021-06-30,121.01641845703125,121.18244957571629,120.28787799190353,120.92225223112071,24474000
2021-07-01,121.3683090209961,121.5095508061829,120.4633316053769,120.65512761950698,18110000
2021-07-02,124.15657806396484,124.30179007333106,121.97789880918043,122.06760325950343,25982000
2021-07-06,125.08088684082031,125.31679397061296,123.48750981436791,124.54414234830024,26404000
2021-07-07,125.36238098144531,126.16525922771358,125.04420319403772,126.0443374513042,24060000
2021-07-08,123.94496154785156,124.49161272907018,122.93194853039118,122.93591119562316,23790000
2021-07-09,124.41529083251953,124.6293881853372,123.45678717042422,123.9261285574442,18632000
2021-07-12,125.85948181152344,125.95265737591463,124.50697281548125,125.06899063825736,17668000
2021-07-13,126.2222671508789,126.93196989649446,125.56112974067463,125.92192889241436,19240000
2021-07-14,127.10989379882812,128.18982590812473,126.79022621114098,126.83334666215922,23742000
2021-07-15,125.88871002197266,127.56881182649684,125.41788646020213,127.51826516357463,24218000
2021-07-16,125.85401916503906,126.68812227295803,125.0446978361771,126.54092894138478,20424000
2021-07-19,123.48304748535156,125.09574617911319,122.41947279512615,124.98125995365034,27968000
2021-07-20,125.10021209716797,125.92638235763302,123.25755022531956,124.42419961251387,26312000
2021-07-21,126.42794036865234,126.474524368803,124.91584338583961,125.02487717060785,20746000
2021-07-22,127.29275512695312,127.35372269021474,126.37837023776311,126.72033913018305,14302000
2021-07-23,131.8458709716797,132.22649848559698,128.65963179106353,129.28408415405738,41506000
2021-07-26,132.85691833496094,133.0571387651644,131.13864953195989,132.15663081880655,30572000
2021-07-27,130.7406768798828,133.21772036685556,128.9604724988499,133.0705270393317,54710000
2021-07-28,134.89784240722656,137.08148279421212,134.0885209333833,135.11392866954762,95130000
2021-07-29,134.5841064453125,135.45984024693942,134.35167044138507,134.95333000907334,31716000
2021-07-30,133.54234313964844,134.11526579950234,133.07499070592388,133.84813380324206,25576000
2021-08-02,133.66921997070312,134.1469781657833,132.6180400189408,133.92940973358665,21634000
2021-08-03,134.43792724609375,134.53902058511594,132.1477335764231,133.94726760946617,20762000
2021-08-04,133.93785095214844,134.45724743917305,133.30495889893086,134.1598811909161,19676000
2021-08-05,135.05393981933594,135.15158472085915,133.66079088435984,134.48795935776522,17870000
2021-08-06,134.54542541503906,135.27298265571096,134.0215823867946,134.84627027355822,20488000
2021-08-09,135.70962524414062,135.9782545970757,134.14995363195558,134.74766566385927,17760000
2021-08-10,135.6045684814453,136.56158228756237,135.16595290851137,136.13485470912244,19414000
2021-08-11,135.08120727539062,136.47235972924676,135.07376593544024,135.97577128495558,15352000
2021-08-12,135.9881591796875,136.0932302954075,134.23520937229634,134.7803631501877,16506000
2021-08-13,136.5169677734375,136.6448469030297,135.82858330220628,136.04367130953105,15948000
2021-08-16,137.09384155273438,137.14638467025773,134.10980386854092,136.31623668767153,22384000
2021-08-17,135.46035766601562,137.05026370678758,134.88595268488515,136.5392916207769,21716000
2021-08-18,134.2584991455078,135.89945070892185,134.13211736511343,135.30025647796398,19258000
2021-08-19,134.4874725341797,135.15406239448427,133.0700483663603,133.2539190566179,21782000
2021-08-20,136.22158813476562,136.34499035154397,134.06124017107493,134.80464815723616,31194000
2021-08-23,138.8106231689453,139.63629421824447,136.39801088067517,136.7568286340333,28454000
2021-08-24,140.01991271972656,140.83121539533298,139.10502114709683,139.37561670216243,19268000
2021-08-25,140.83021545410156,140.9397483469501,140.13340657445173,140.38021101321203,15848000
2021-08-26,140.1973419189453,141.1657446019955,140.1145645733413,140.50411569948363,20610000
2021-08-27,142.73831176757812,143.2423415908645,140.25334264721428,140.40747821898057,28780000
2021-08-30,143.3196563720703,144.68753203308154,142.89590833586342,143.13082479723923,24434000
2021-08-31,143.42572021484375,143.89555316910022,143.01289216673564,143.87127806313893,22448000
2021-09-01,143.9391632080078,144.96853350536102,143.61008051608152,143.72555741436526,21936000
2021-09-02,142.02760314941406,144.24047911372418,141.92649470207718,143.93964934296415,32342000
2021-09-03,142.47613525390625,142.88798016222196,141.14889962263817,141.82293077721366,19850000
2021-09-07,143.0123748779297,143.29437443751178,142.35668998079893,142.57029576143597,20124000
2021-09-08,142.42803955078125,143.1308075175627,141.7431186990499,142.8334564312198,18344000
2021-09-09,142.2793731689453,143.04211051634226,141.9190731671668,142.57624028484273,15314000
2021-09-10,139.6378173828125,143.44654360921768,139.50102981067184,142.94497909491773,36840000
2021-09-13,141.08151245117188,141.6935778474216,140.00852254788668,140.7018679540071,22094000
2021-09-14,141.29164123535156,142.1029591253105,140.5041295860025,141.73868129488542,19674000
2021-09-15,143.16006469726562,143.18087624925593,140.10515271027106,141.51663270038054,27408000
2021-09-16,142.34774780273438,143.03168550272133,141.149873724031,142.68525487427812,26190000
2021-09-17,139.56248474121094,142.18918733159688,139.23538335972722,141.7733797216764,53384000
2021-09-20,137.500244140625,137.77828102826925,135.1238250653687,136.9471499261735,46518000
2021-09-21,137.8109893798828,138.78088932420297,137.06262052986705,138.5211835537175,25332000
2021-09-22,139.0504913330078,139.64868731901853,137.33371982330885,138.07960825207437,25056000
2021-09-23,139.97482299804688,140.45109904539308,139.16748291766282,139.74833097489636,20952000
2021-09-24,140.96505737304688,141.0795511881288,139.00840798473573,139.3032938384546,22984000
2021-09-27,139.83206176757812,140.69094656158367,138.83638943281525,139.56691112881026,21882000
2021-09-28,134.6361541748047,137.87393879510293,134.17028392552325,137.4363214393238,45772000
2021-09-29,133.17262268066406,135.94553512593572,132.68842135183831,135.7760328990303,30848000
2021-09-30,132.50106811523438,134.35116361737062,132.3821276786133,133.08143210735338,37996000
2021-10-01,135.34288024902344,135.70715804170354,132.8945886396275,133.26579353336834,35360000
2021-10-04,132.48472595214844,134.7654966784679,129.89816454860028,134.7654966784679,51202000
2021-10-05,134.8274688720703,136.01841621357198,132.86289428566997,132.86289428566997,32404000
2021-10-06,136.35589599609375,136.53926754708024,133.3673964801773,133.5656355859823,24364000
2021-10-07,138.00131225585938,138.81113270818318,137.4323522466048,137.67123135730094,25110000
2021-10-08,138.556884765625,139.097576749606,137.99386876227683,138.3502060903865,26526000
2021-10-11,137.6930389404297,139.47523981927662,137.6385144893524,138.0677224984153,17954000
2021-10-12,135.2497100830078,138.28083098740217,134.5667554031385,138.25406031342655,36332000
2021-10-13,136.3727569580078,136.7870823219551,135.31909643090742,136.19483027400855,19654000
2021-10-14,139.91036987304688,140.09522363408612,137.6048099997412,138.24810774301423,31894000
2021-10-15,140.12547302246094,140.47240282360914,139.51786944318084,140.3698121513104,30274000
2021-10-18,141.5230712890625,141.5409184042978,139.8295917986677,139.83653402400074,20396000
2021-10-19,141.97802734375,142.39979397339894,141.34663274713077,142.12720199297283,20164000
2021-10-20,140.52294921875,142.28433864697428,140.1338971977449,142.0781590742051,23288000
2021-10-21,140.638916015625,140.9065471263321,139.26509648022758,140.52294001353957,26292000
2021-10-22,136.35739135742188,139.34737337961698,134.86016945665278,137.926969706927,50588000
2021-10-25,136.23895263671875,136.787086020702,134.23372308873442,136.34104419991752,34412000
2021-10-26,138.08409118652344,138.85177438830706,137.08891772648917,138.03948851571823,49236000
2021-10-27,144.93235778808594,147.34347311686153,138.17973449966777,138.17973449966777,85782000
2021-10-28,144.5670928955078,145.86459342888665,143.3558332615814,145.84130142868378,36206000
2021-10-29,146.74478149414062,146.93905794038585,143.37813478343114,143.80286589775253,43320000
2021-11-01,142.2357635498047,146.74479239872048,141.96665019325252,146.74479239872048,46924000
2021-11-02,144.1542510986328,145.3204089612238,143.0668927959046,143.3087514833836,33482000
2021-11-03,145.30953979492188,145.37991492045376,143.32017580688574,144.61816052599588,27494000
2021-11-04,146.96435546875,148.41747395240975,145.02207467610023,145.83139615139723,38412000
2021-11-05,147.54368591308594,149.00621159465294,146.8944441768872,147.8583849953458,38354000
2021-11-08,147.7211456298828,149.29122320690345,147.12591397324758,148.50815818871942,23052000
2021-11-09,147.60958862304688,148.5175378347686,145.95079017232007,147.92132324687117,19530000
2021-11-10,144.61119079589844,146.76857441866247,143.2671214393326,146.20357706440018,29970000
2021-11-11,144.48529052734375,146.23875436957107,144.32074920952851,145.2019429091839,16518000
2021-11-12,147.37120056152344,147.5417010021572,144.13291728800866,145.32682873862055,22360000
2021-11-15,147.147216796875,148.2350742445268,146.2779260424359,147.59177639922783,23508000
2021-11-16,146.57627868652344,147.45497691847146,146.01772444610071,146.84737335766715,18904000
2021-11-17,146.74575805664062,147.2537504824228,145.9458594225756,146.72642872326313,19594000
2021-11-18,148.52151489257812,149.25699753565374,146.58469452521086,146.9385513960959,35608000
2021-11-19,147.6175537109375,149.63963221382073,147.59029904384553,148.65732984777023,33682000
2021-11-22,145.01611328125,148.51260548030166,144.86297594328792,148.0199796793374,30594000
2021-11-23,144.50067138671875,145.3709602825968,142.84833094604366,144.86841272271184,27218000
2021-11-24,144.83572387695312,144.9640870123925,143.1040844590682,144.1949064284518,18040000
2021-11-26,140.9333038330078,143.28693003446975,140.59579672453097,143.07976736967893,30470000
2021-11-29,144.25140380859375,145.0116607886392,142.62878315864714,142.73435339938078,32596000
2021-11-30,140.6503448486328,144.71678060777072,140.3569412412241,143.7339942267299,42068000
2021-12-01,139.811767578125,144.66771130937158,139.67349778643103,142.73435417388086,34020000
2021-12-02,141.7094268798828,142.60002820764856,138.98210021683846,140.00850599610223,29194000
2021-12-03,140.75340270996094,143.13082014038355,139.06784841754663,142.4181454494306,41230000
2021-12-06,141.8967742919922,142.5881383480877,138.91818113605103,141.7832787246902,30618000
2021-12-07,145.97512817382812,146.23433489507894,143.9510682210104,144.31682829453172,32240000
2021-12-08,146.88406372070312,147.0887611086995,145.11922557856164,146.2992529327419,24270000
2021-12-09,146.3408660888672,147.78952259539568,145.82196873525865,146.29378297525568,23270000
2021-12-10,146.70068359375,147.66810329721565,145.41458694967773,147.39304592455917,24458000
2021-12-13,144.5447998046875,146.66945372410888,144.23851000057718,146.48260348264037,27070000
2021-12-14,142.6421661376953,143.2101279735769,139.9738254109234,142.70263459263393,38446000
2021-12-15,145.1538543701172,145.4313921063126,140.4327181696858,142.14850636626417,36370000
2021-12-16,143.17544555664062,146.37903341060957,142.34479835563232,145.8769849184342,33650000
2021-12-17,140.4793243408203,142.57028013813382,140.0580568228629,141.2475064841103,50416000
2021-12-20,140.36236572265625,140.52840440165772,138.0964625804988,138.7694954805613,27192000
2021-12-21,142.21145629882812,142.60447091071424,139.26755981675234,140.80492226584903,28756000
2021-12-22,145.12808227539062,145.21234182482056,141.81001653970753,141.81001653970753,26322000
2021-12-23,145.62521362304688,146.94054613463166,145.16478825775857,145.2123704862323,26384000
2021-12-27,146.6064910888672,147.0401457449663,145.87596932932522,145.9617111068582,15976000
2021-12-28,145.39772033691406,146.9955515001699,144.77078743444807,146.93310171719043,18200000
2021-12-29,145.36599731445312,146.12130842393856,144.36736044495242,145.35559153853998,17788000
2021-12-30,144.9154815673828,146.00532013112664,144.71129848162374,145.40464374216947,15688000
2021-12-31,143.57884216308594,145.40910914004084,143.57884216308594,144.76631052072554,18136000
2022-01-03,143.71714782714844,144.56909064299023,142.44988137611608,143.78008160886833,28646000
2022-01-04,143.13034057617188,145.19750561007717,142.45334497286012,144.11807263912576,28400000
2022-01-05,136.56407165527344,143.22947169597063,136.47784586832228,143.15067212571708,54618000
2022-01-06,136.5367889404297,138.71002316784708,135.35824405520043,135.79437916865325,37348000
2022-01-07,135.81271362304688,137.23163499485634,134.57320114440378,136.93128920152486,29760000
2022-01-10,137.45066833496094,137.59935899474792,131.99406445085538,133.8907438130021,44408000
2022-01-11,138.50779724121094,138.98358922014876,135.49106011440765,136.79400536234317,28730000
2022-01-12,140.1874237060547,141.35457977142337,139.45790011942026,139.9093868006954,26108000
2022-01-13,137.36892700195312,141.59445882785775,137.1924825382084,140.29596006685344,31436000
2022-01-14,138.2545623779297,139.50497974939202,135.79438276109653,135.87416542111617,29662000
2022-01-18,134.80267333984375,135.92620981691346,134.24809688423744,134.9781195690153,34872000
2022-01-19,133.9289093017578,136.74692336638395,133.82879908705206,135.32354033179294,28648000
2022-01-20,132.1358184814453,136.41637384209355,131.79583090485298,135.05246087078947,29908000
2022-01-21,129.20582580566406,133.68014407192317,128.94315552881451,131.4281249429967,55652000
2022-01-24,129.6543426513672,130.04983783070446,123.40574871292903,124.87075517822278,76622000
2022-01-25,125.81932830810547,128.26167595997225,125.38865318603597,127.60847149388137,46960000
2022-01-26,128.09710693359375,131.8309951550367,126.02448241131252,129.96653149048743,49130000
2022-01-27,127.87113952636719,131.48657203766555,127.79926707176217,130.1499289030449,31950000
2022-01-28,132.17892456054688,132.18438456774498,127.35569637367115,128.51937364185733,34362000
2022-01-31,134.11428833007812,134.28230836211273,131.0474879109952,132.9828264004286,39986000
2022-02-01,136.43418884277344,136.5818812789118,133.1874810681943,136.38512440213515,68644000
2022-02-02,146.69918823242188,150.21451067811546,144.24347030048295,149.92062310914736,123200000
2022-02-03,141.8323211669922,148.3594496248234,141.41155275115443,144.4248414458833,71518000
2022-02-04,142.03355407714844,143.6016501301799,139.27997087416557,142.18372697506842,57998000
2022-02-07,137.97752380371094,142.9821426046324,137.67915934204296,142.9821426046324,54974000
2022-02-08,138.17381286621094,138.76952857119244,135.80978027079303,137.80458921906825,54284000
2022-02-09,140.3474884033203,141.27180258476253,138.95483870196645,139.72451821989904,40144000
2022-02-10,137.401611328125,140.24093608556134,136.74444425283198,138.47559928783693,39330000
2022-02-11,133.10223388671875,137.93338716203198,132.22748330338067,137.3817903404271,39958000
2022-02-14,134.3348388671875,135.10203810058192,132.08528518005716,132.08528518005716,34302000
2022-02-15,135.40780639648438,136.8946223837062,134.6277210675767,136.36134149082847,26680000
2022-02-16,136.5273895263672,136.87232287322377,133.7381120163284,135.44547612196956,25022000
2022-02-17,131.37405395507812,135.90833999303229,131.31408462900592,135.0454925571955,38950000
2022-02-18,129.25686645507812,132.89164396954067,129.05218420049687,132.293931857016,45620000
2022-02-22,128.6725311279297,131.01871597493778,127.09649469482315,128.69680623013534,44990000
2022-02-23,126.46659088134766,130.89036178652327,126.40662154377361,130.49140310139634,32786000
2022-02-24,131.5247344970703,131.8310242930199,123.85524617381691,123.85524617381691,54456000
2022-02-25,133.27769470214844,134.0825542601225,130.59348845442182,132.3781698059547,36406000
2022-02-28,133.86993408203125,134.55831845610308,131.42708762173694,131.88057069700596,38864000
2022-03-01,132.8831787109375,135.0578951055112,132.04760096390638,133.69299913792386,26496000
2022-03-02,133.3887176513672,134.07363858013736,131.90190155372292,133.4447243246417,23520000
2022-03-03,132.72262573242188,135.24029431326773,131.8562994539406,134.81456495195397,24604000
2022-03-04,130.7471466064453,132.67505894637247,129.19193655948962,131.75918412489344,30430000
2022-03-07,125.2677230834961,130.57714191731998,125.18495329978524,130.3323188037654,45112000
2022-03-08,125.9873275756836,130.09639130109346,124.56989611463345,125.14033829914703,40428000
2022-03-09,132.24732971191406,132.56006261647792,128.75876292905036,130.0964043089668,37026000
2022-03-10,131.26553344726562,132.10062719921083,129.76186860445603,130.1122619277312,27102000
2022-03-11,128.72903442382812,132.61953964393146,128.49213662745805,132.31523116771578,31526000
2022-03-14,124.84397888183594,129.26279649048794,124.17392551133625,129.10519737260148,38812000
2022-03-15,128.06243896484375,128.71317811067638,124.61550282436785,125.85996865327388,30920000
2022-03-16,132.1090545654297,132.16108344524727,127.6030057057171,129.58394480607387,35576000
2022-03-17,132.6626739501953,132.9020522183908,131.02320430101446,131.97873604106536,28264000
2022-03-18,134.92906188964844,135.0465201210338,131.09604557963877,132.25179767226226,44566000
2022-03-21,134.9052734375,135.84543842143734,132.9139283478914,134.96672499602926,26832000
2022-03-22,138.63864135742188,139.8102590701451,134.90525181097044,134.90525181097044,35496000
2022-03-23,137.06015014648438,138.3616132811459,136.6235310367747,137.48339904374487,25154000
2022-03-24,140.3277130126953,140.37429702016314,136.53979796909434,137.97655160721126,26396000
2022-03-25,140.42779541015625,140.78661319393285,138.50930604145182,140.6686558555551,24126000
2022-03-28,140.21221923828125,140.75440862104264,138.5826564041628,139.66208940065627,35050000
2022-03-29,141.25299072265625,142.52967985366587,140.79009997554334,141.3937560937845,34318000
2022-03-30,140.69094848632812,141.4660728529996,140.35542274045525,141.2078644355121,19884000
2022-03-31,137.84521484375,140.85898818058075,137.80259350469294,140.80446372092825,37524000
2022-04-01,138.91867065429688,139.23634932313234,137.0918670617453,138.27389064424523,25942000
2022-04-04,141.71487426757812,142.4488747295106,139.07726712649293,139.12484935301754,25942000
2022-04-05,139.3553009033203,141.73370131663094,139.14863735319742,141.61327865957014,21418000
2022-04-06,135.34783935546875,138.13561937873442,134.3258953417317,137.53048114777272,32468000
2022-04-07,134.6941375732422,135.9589233791473,133.04772597265375,134.81456023404073,26234000
2022-04-08,132.11599731445312,134.4775488545769,131.7968213100517,134.39180707525873,25142000
2022-04-11,127.69124603271484,130.93151135411028,127.53760956872993,130.66487843192186,36884000
2022-04-12,126.59197998046875,130.4433348003117,125.67461550166297,130.4433348003117,32710000
2022-04-13,128.75230407714844,129.18843915155622,126.61822782302634,126.87495402475328,27928000
2022-04-14,125.61612701416016,129.33267534093665,125.48825545794959,129.33267534093665,31598000
2022-04-18,126.55431365966797,127.0855981275949,125.07295002814799,125.88376118192888,20808000
2022-04-19,128.8663330078125,129.1874752778057,125.88327780821626,126.56919704178952,26490000
2022-04-20,126.91461181640625,130.24409728114765,126.37936469139383,129.74154970357304,31696000
2022-04-21,123.71746826171875,128.95502227336507,123.43199758034922,128.11398446155997,36446000
2022-04-22,118.583984375,124.2998031690539,117.8797341417918,123.90133604882998,56884000
2022-04-25,121.99225616455078,122.19396638087383,117.46936605512546,118.05417670442226,46128000
2022-04-26,117.60716247558594,121.43323675370941,117.46938423541988,121.21963094813664,73054000
2022-04-27,113.28993225097656,116.2115203098223,111.74562732959535,113.46338958402451,91820000
2022-04-28,117.48078155517578,118.59787504178948,113.11201872859588,115.39180660167489,48884000
2022-04-29,113.10655212402344,116.88356150708636,112.8141467885434,115.7084801576087,42676000
2022-05-02,115.55831146240234,115.71938168066022,111.61031774703048,112.40824262327081,35534000
2022-05-03,116.302734375,117.4009976989236,115.01465634984467,115.40717197744355,24968000
2022-05-04,121.18641662597656,121.7746984397327,114.10421172565688,116.0028802952593,49916000
2022-05-05,115.48150634765625,119.97516100768799,113.99469020299561,119.14750092797412,45840000
2022-05-06,114.72917175292969,116.5381358862753,113.01339074570949,114.17211482737774,39710000
2022-05-09,111.5221176147461,114.06556635107472,111.01610644763626,112.25462080802374,40802000
2022-05-10,113.38955688476562,115.22825625829458,111.90819312090024,114.49228193195775,39900000
2022-05-11,112.60399627685547,115.3417208167895,112.24121588116098,112.24121588116098,37534000
2022-05-12,111.85218048095703,113.29042361789074,108.85921908657511,110.3985706744424,53836000
2022-05-13,115.03050231933594,116.83896736441086,112.60650078179894,113.52633818857002,35038000
2022-05-16,113.4391098022461,115.14894677053942,112.88849600182488,113.94512093552153,25990000
2022-05-17,115.44929504394531,115.87254399135374,113.86038727804181,115.8135653153096,23054000
2022-05-18,110.91598510742188,114.38572183997256,110.57500685562273,113.9892360282762,35126000
2022-05-19,109.41381072998047,112.01672963021842,109.03318313781098,110.4521046016662,34144000
2022-05-20,107.95076751708984,111.19748304933411,104.86661954709218,110.96702082393216,48962000
2022-05-23,110.50809478759766,111.1617983492407,107.78523742789535,108.6243014393132,37184000
2022-05-24,105.03860473632812,105.5228136697581,100.98901060230938,104.8423469431348,76780000
2022-05-25,104.87504577636719,105.56393689303482,102.94367020306227,104.0627448772428,40258000
2022-05-26,106.84508514404297,107.69454740943145,104.3001467738534,104.74817746889774,37948000
2022-05-27,111.32931518554688,111.33080496604357,108.17924616749293,108.52072351941294,37914000
2022-05-31,112.76211547851562,114.71777381462744,111.0934100457265,111.75553808376368,50012000
2022-06-01,112.89097595214844,116.0722700821291,112.25462032822502,113.84551695037166,36606000
2022-06-02,116.58868408203125,116.86324988341372,111.95378769453289,112.9980255582533,37992000
2022-06-03,113.5342788696289,115.29913203317034,112.5207667139004,115.04240576890824,26136000
2022-06-06,115.79374694824219,118.29803800265245,115.14301528964043,115.67876159258391,33542000
2022-06-07,116.11984252929688,116.65658702589174,114.0407818998257,114.46551304706918,31590000
2022-06-08,116.16395568847656,117.52836028330441,115.57517473426661,115.73525430628604,26108000
2022-06-09,113.82617950439453,117.25923874880715,113.76720083398786,115.3050626696795,25798000
2022-06-10,110.18446350097656,112.28335238911357,109.39595372206405,111.45668305650874,41452000
2022-06-13,105.45738983154297,107.83529887701552,105.18629514776413,105.84792407779678,47252000
2022-06-14,105.77754211425781,106.97591545107889,104.87009189196922,105.59863233927445,33706000
2022-06-15,108.79975891113281,110.44417420422363,106.72317112084933,107.59097210374202,39698000
2022-06-16,105.1015396118164,107.69355345483342,104.21391025532901,106.27860230897124,51684000
2022-06-17,106.20178985595703,107.7441135350495,104.12272168588028,105.10154532268795,51376000
2022-06-21,110.56361389160156,111.50080688982577,107.64548911545747,107.97209137326078,47416000
2022-06-22,110.50759887695312,112.3502530375987,109.41230779604143,109.58478201623927,30774000
2022-06-23,111.2554702758789,111.7515747494861,109.529283524712,111.24506449929154,28362000
2022-06-24,116.93807983398438,117.0411696178319,111.95972504269348,112.00185482451673,41164000
2022-06-27,114.8154067993164,117.53726596134602,114.16714811318771,117.233464181198,36420000
2022-06-28,111.02303314208984,116.27843425509606,110.86493491306922,114.78467596630205,35792000
2022-06-29,110.71971130371094,112.16588721301933,109.89799535294098,110.57152731476076,24716000
2022-06-30,108.00530242919922,109.91338628953312,105.81175541755432,109.03319059420119,43170000
2022-07-01,107.78177642822266,108.28976888662308,105.79241280402681,106.98434306481707,35476000
2022-07-05,112.26749420166016,112.38049064467288,104.80218931259407,106.15915998193664,39342000
2022-07-06,113.56499481201172,114.57355354870796,110.49620571439615,112.30616050739741,37432000
2022-07-07,117.73898315429688,118.14191207685637,113.82420284830546,114.06853442164258,40936000
2022-07-08,118.3044662475586,118.63304981056329,115.87401417090683,116.21945418412874,38238000
2022-07-11,114.6597900390625,116.9608884830124,114.31683045021927,116.9608884830124,31196000
2022-07-12,113.01834106445312,115.94588075015933,112.69074816289236,115.19354915850505,29960000
2022-07-13,110.3747787475586,113.19229389367698,110.22411430080437,110.71922052622219,43722000
2022-07-14,109.39744567871094,110.11657102778943,107.42047675216378,109.241827899975,37004000
2022-07-15,110.7950439453125,112.14607058469424,109.9252617490399,111.01609105740265,46770000
2022-07-18,108.07170104980469,112.68083230186653,107.41750592240679,111.6499722698316,43164600
2022-07-19,112.80968475341797,113.01783808815178,108.59703937527189,109.87570205635436,36530900
2022-07-20,112.89889526367188,114.38571124810389,111.4913779467038,112.17530815715327,35600400
2022-07-21,113.33503723144531,113.54319815061008,110.13343063915318,113.27556700444859,32676200
2022-07-22,106.95164489746094,111.35261562744701,105.56394829009997,110.02439680939997,48901200
2022-07-25,106.5650634765625,108.90432131164432,105.36569944827403,107.45715461067633,34690900
2022-07-26,104.0969467163086,106.25778639316266,103.1552995551691,105.66306147231995,47991000
2022-07-27,112.0662841796875,112.9088193610781,107.06067446511638,108.29968789382276,59858500
2022-07-28,113.21610260009766,113.33504306020814,110.48035858247879,111.38236407078871,32816600
2022-07-29,115.2976303100586,115.68420188473884,112.06628125487264,112.08610970412361,37223400
2022-08-01,113.8504638671875,115.69411641077537,113.33503005804593,114.28659900379381,26034300
2022-08-02,114.11809539794922,115.32737377032129,112.72049211808546,112.99802992898957,20236000
2022-08-03,117.04216766357422,117.57742237828928,114.46502121528304,114.69299545382555,28499000
2022-08-04,117.15121459960938,117.73602538026296,115.86263744967549,116.44745579266782,21602900
2022-08-05,116.43751525878906,117.07188946431748,114.98043440591263,115.20841618086989,19159500
2022-08-08,116.26902770996094,119.0939769251346,115.85271343429999,117.34944383201373,19138300
2022-08-09,115.60489654541016,116.28883432071103,114.69298455323379,116.11041609942981,19086500
2022-08-10,118.6479263305664,119.85720468184134,117.36927109011395,117.7360142356941,30930400
2022-08-11,117.79547882080078,120.42218875210386,117.51794102802992,120.21403540752571,24293700
2022-08-12,120.61052703857422,120.61052703857422,118.41003791477617,119.2030095573056,19096300
2022-08-15,121.00699615478516,121.22506370449337,119.54991531113217,120.06534151398492,19494800
2022-08-16,120.6303482055664,121.3539353982233,119.57966720477233,120.45192996370155,19041200
2022-08-17,118.49923706054688,120.22394148614529,118.33072550149306,119.06422683250173,22847000
2022-08-18,119.11380004882812,119.75808858144609,117.67654741342811,118.38030617411171,17987700
2022-08-19,116.1797866821289,118.10273755292407,115.73374496331012,118.01352467175855,21809500
2022-08-22,113.23591613769531,114.61369850167412,112.84934454275668,114.18747756849332,21456600
2022-08-23,112.8592529296875,113.99914676758455,112.43303201855512,112.48259557937843,15870400
2022-08-24,112.69074249267578,113.77115848347056,111.87795005297879,112.50241004709838,17734600
2022-08-25,115.6247329711914,115.69411741968042,113.10705681377382,113.23591148601406,16956800
2022-08-26,109.37019348144531,114.10818734688105,109.22151791479679,113.71170152369614,37245700
2022-08-29,108.4582748413086,109.97482602837435,107.8437290366526,109.02326464751619,21191200
2022-08-30,107.98249053955078,109.52877673229412,106.85251100449418,109.20167540311007,27513300
2022-08-31,107.2688217163086,109.87570309968547,107.1796088220971,109.67746398729584,28627000
2022-09-01,108.77546691894531,109.47922565257869,106.41638802751207,107.32830011371269,28360900
2022-09-02,106.9020767211914,109.76667515278551,106.3172660149257,109.61799202942274,24160700
2022-09-06,105.87120819091797,107.08048640627771,104.85026242093507,106.35690685927537,25068300
2022-09-07,108.4880142211914,109.01336227424459,105.96043133074927,106.11902111929638,23167000
2022-09-08,107.42741394042969,108.63669221562516,106.21814322757177,107.09040592922442,24238300
2022-09-09,109.67747497558594,110.01448301287972,108.06179655462415,108.1113601188559,23197700
2022-09-12,109.8856201171875,110.6389423756241,108.96379385270278,110.01447478728238,22966800
2022-09-13,103.40310668945312,107.34812886109147,103.17512488610275,106.85252347865307,38172900
2022-09-14,104.07713317871094,104.35467099054672,102.74891434711448,103.65091223558079,26395100
2022-09-15,102.0054931640625,104.3447433760891,101.45041004927867,103.11564426895569,34188300
2022-09-16,101.8964614868164,102.22355526563086,100.05280900693545,101.17287435902635,42797200
2022-09-19,102.1640853881836,102.42180228471612,100.65744846869414,100.85568758151153,23036800
2022-09-20,100.25106048583984,101.47025310674029,99.63650706262375,101.18280106502655,26517100
2022-09-21,98.40739440917969,101.97575131964689,98.39748018499488,100.7763873127521,31487300
2022-09-22,99.25983428955078,100.35016449651606,97.92170141907806,97.95143652872501,34298600
2022-09-23,97.87215423583984,98.7840739374912,96.61331982204246,98.75433126053103,31625400
2022-09-26,97.3071517944336,99.00212116985077,96.94040867838093,97.23776734850438,27072700
2022-09-27,96.64303588867188,99.12106244991988,96.01857591767867,98.55607269644881,30072800
2022-09-28,99.17063903808594,99.81491997880579,96.25647699916067,96.79173171420844,32466300
2022-09-29,96.56375122070312,97.77302956785141,95.11658440664736,97.77302956785141,31047200
2022-09-30,94.8093032836914,98.03073800147999,94.72009038986029,96.19699975151396,32941500
2022-10-03,97.77303314208984,98.4173216774245,95.67166351429726,95.90955955223941,27982000
2022-10-04,100.74665069580078,100.94488980250854,99.49772314899776,99.55720093087983,28850800
2022-10-05,100.53850555419922,101.03411092367425,97.93162403320214,98.95256988434666,22176900
2022-10-06,100.52859497070312,102.0253253581869,99.7058882126134,99.79510111476603,22324000
2022-10-07,97.81267547607422,99.64641382042795,97.43601811981739,98.97239021921095,27502800
2022-10-10,96.9998779296875,98.22897705771258,96.15735036259238,98.12985750199623,18225100
2022-10-11,96.32586669921875,98.37767277088885,95.46351057314297,96.57366940141243,26507100
2022-10-12,96.7025146484375,97.88205781573463,95.88972216704339,96.44480530818547,21876400
2022-10-13,98.18932342529297,98.90299629495368,93.55045733483536,94.31369376135358,34574500
2022-10-14,95.71131134033203,99.80501673770523,95.52298643286228,99.11116464818762,25410700
2022-10-17,99.0913314819336,100.04289281373572,97.96135192777248,97.99108703777611,28419200
2022-10-18,99.8843002319336,102.56057369471353,99.09133619885397,102.22355811984305,24060700
2022-10-19,98.75432586669922,100.13210822606936,98.05056713051532,99.13099079757089,23811100
2022-10-20,99.0913314819336,101.42067503437667,98.51642748073942,99.12106659193721,25323200
2022-10-21,100.24113464355469,100.41955287075776,96.86111011341654,96.98996478104308,32458700
2022-10-24,101.6189193725586,101.84690116488177,99.10125080640549,100.90525400873032,27176400
2022-10-25,103.56170654296875,103.89871458124401,101.81717343719716,101.99559168167764,40611400
2022-10-26,94.09562683105469,97.44591608866746,93.85773839371232,95.58244279853433,88114100
2022-10-27,91.40945434570312,94.59123986812598,90.993147655817,93.68923447770169,60710900
2022-10-28,95.44368743896484,95.70140436063788,91.32024694154877,91.45901584652545,43697300
2022-10-31,93.67931365966797,95.18595040783151,93.15397326433684,94.58131135145585,31675000
2022-11-01,89.67483520507812,95.18596439796062,89.57571564537245,94.61106036439496,47161400
2022-11-02,86.2055892944336,90.37858511956873,86.1163764057392,90.14069668694522,57038300
2022-11-03,82.69670104980469,85.75953818830197,82.6074881629696,85.56129909230341,61288000
2022-11-04,85.81903076171875,85.87850098830332,82.97425311346052,84.64940174408115,51124900
2022-11-07,87.71223449707031,88.11863452220038,86.08664952122535,86.51287043332725,34078900
2022-11-08,88.1186294555664,89.5261467821038,86.82013834461175,88.1186294555664,30429000
2022-11-09,86.5525131225586,88.65388241006076,86.51286378932228,87.67257842772042,31769100
2022-11-10,93.11434173583984,93.56038355540274,90.80481883714413,91.43919312210994,51620100
2022-11-11,95.5626449584961,96.07807129075849,93.09452441239699,93.85776102800381,33090500
2022-11-14,94.85885620117188,95.93927974232757,93.67932066979866,94.25421709955037,30179500
2022-11-15,97.57479095458984,99.25984624445441,95.85999298915897,97.39637271288223,41640800
2022-11-16,97.9811782836914,98.76423566096419,96.78181421845211,97.03953112343324,29105200
2022-11-17,97.49549102783203,98.4074031127186,95.93929043602027,96.11770867544051,26052600
2022-11-18,96.57366180419922,98.03074278844717,95.5229808495008,97.9018805535472,28342300
2022-11-21,94.7597427368164,97.53513576068444,94.52185428293382,96.43489126326328,21647400
2022-11-22,96.19700622558594,96.36551023797273,93.22337397827062,95.10666835170002,23438500
2022-11-23,97.5946044921875,97.89197072674976,96.23664311244816,96.23664311244816,18868100
2022-11-25,96.60340118408203,97.77303020059202,96.5439309575548,97.37654437828832,9701400
2022-11-28,95.20580291748047,96.72235427216631,94.76966773383909,96.18709951833512,26237500
2022-11-29,94.35334777832031,95.27517402033777,93.28283842068635,94.8886024571373,20061700
2022-11-30,100.10236358642578,100.15192714493028,93.59010977787369,93.98659555889795,43647500
2022-12-01,100.10236358642578,101.35129114983415,99.36886980705012,100.13209869659357,28687100
2022-12-02,99.55719757080078,99.88429132959538,98.03073230119058,98.1794154073719,21480700
2022-12-05,98.60564422607422,100.48893851504042,98.1298597604134,98.52634555474117,24405100
2022-12-06,96.12760925292969,98.90299445146697,95.57252616335273,98.42721758878601,24910700
2022-12-07,94.10554504394531,96.02848863434032,93.88747748283083,95.56262596381266,31045400
2022-12-08,92.88636779785156,94.73993480883227,92.62865085953038,94.54168810153189,32213300
2022-12-09,92.01408386230469,93.43151535436729,91.93478519757772,92.94581670466732,28225400
2022-12-12,92.48986053466797,92.73766318967445,90.80480550555872,91.89513567511982,29420000
2022-12-13,94.78947448730469,98.65519764693319,94.19474959251662,96.90075807295776,40593700
2022-12-14,94.23440551757812,96.01858788905928,92.77732450792483,94.36326019238705,28733600
2022-12-15,90.0614013671875,92.81696579796765,89.21887381683445,92.31144624282094,40107000
2022-12-16,89.4666748046875,90.52726989079738,88.73317348357445,89.96228012646478,58011800
2022-12-19,87.66267395019531,89.7640357277138,87.43469216899084,89.46667706453866,29493000
2022-12-20,88.23756408691406,88.39616141248042,86.67145708979815,87.33556637534969,23453800
2022-12-21,88.79265594482422,89.42703018514993,87.54372835066033,88.29705059692365,24745600
2022-12-22,86.98865509033203,87.76179824360828,85.56130923053732,87.38514089164586,27658300
2022-12-23,88.44573211669922,88.76291923113465,86.30471342250716,86.34436275710375,23003000
2022-12-27,86.62190246582031,88.15828207571641,86.24524512227134,88.01951318270693,20097300
2022-12-28,85.26394653320312,87.26619651001516,85.18465541951453,86.21551552084601,19523200
2022-12-29,87.67259216308594,88.06907799522807,85.84876792250566,85.85868214795222,23333500
2022-12-30,87.45452117919922,87.52390562395297,85.80910782884277,86.21550783549851,23986300
2023-01-03,88.33670043945312,90.24973739582715,87.74196796868762,88.80256311679109,28131200
2023-01-04,87.30583953857422,89.85325071371112,86.50295373591993,89.55588448127065,34854800
2023-01-05,85.44236755371094,86.80032906609173,85.14500885244108,86.70120949900179,27194400
2023-01-06,86.57232666015625,86.91925640594395,84.1141287068417,86.02716538968608,41381500
2023-01-09,87.24636840820312,89.2585326181373,87.08777861785474,87.58338400149272,29003900
2023-01-10,87.6428451538086,87.89064781997227,85.07561316227476,85.2242962744404,30467800
2023-01-11,90.71559143066406,90.79489009418965,88.22765825182702,88.39616224006632,26862000
2023-01-12,90.32903289794922,91.06253429761234,88.96116478580137,90.6759627102154,30258100
2023-01-13,91.31033325195312,91.37971769910212,89.33781849580512,90.05149141638756,26329200
2023-01-17,90.48763275146484,91.43919419002684,89.2585335052812,91.25086172242439,32602400
2023-01-18,90.31912231445312,91.98435660415667,89.84333784782173,91.3301539078307,29116700
2023-01-19,92.2321548461914,92.78723039529136,89.83341930400117,89.92263219572776,37000400
2023-01-20,97.15848541259766,97.43603080645585,94.1848528251657,94.26415150912518,63191100
2023-01-23,98.91291809082031,99.1607207694037,96.64304464751609,97.08908644403112,40005100
2023-01-24,96.8412857055664,98.73450183779414,96.3456803384707,97.23777151171052,33078500
2023-01-25,94.38308715820312,95.31482766669704,92.9359203962401,94.73000940210903,42330000
2023-01-26,96.66287231445312,96.7124358785813,94.54168184198296,95.65184064234623,30114000
2023-01-27,98.4966049194336,99.4382520111048,96.45470583998284,96.45470583998284,33879800
2023-01-30,96.08796691894531,97.42609984090785,95.5527122376928,96.62322160019781,27226200
2023-01-31,97.97126007080078,98.0109094055175,95.96901782279963,96.01858138177985,29870700
2023-02-01,99.54727935791016,100.30060151999366,96.72233070301775,97.84239594167008,35531100
2023-02-02,106.79302978515625,106.90206355804081,104.68175389285314,104.8700863300786,69883800
2023-02-03,103.85906982421875,106.86243743685964,101.67840901755247,102.02533129647594,65309300
2023-02-06,101.9955825805664,103.44274929562647,100.98454343127975,101.49997723038128,31999600
2023-02-07,106.69392395019531,107.22917865979215,102.2136547117616,102.31277427376001,49010200
2023-02-08,98.4966049194336,102.23346573895768,97.17829294122423,101.15304976140519,94743500
2023-02-09,94.1749267578125,99.15080093480049,92.80705120953134,99.12106582502693,119455000
2023-02-10,93.73880004882812,95.89963977995525,93.42161291225615,94.61106278381658,54980700
2023-02-13,93.77845764160156,94.36326840393785,93.01522106425257,93.90731232762349,50076100
2023-02-14,93.84782409667969,94.01632809123518,91.44909615264258,93.60002143562618,54726100
2023-02-15,96.08796691894531,96.26638514602948,93.32248818030943,93.6594961857254,50169000
2023-02-16,94.67053985595703,96.8214653459122,93.90730335156145,94.53177095740106,42462600
2023-02-17,93.52073669433594,94.72010084493942,92.39075699666527,94.01634209023845,34284100
2023-02-21,90.98323822021484,92.28172191944829,90.91385376824827,92.18260235411577,33629300
2023-02-22,90.84446716308594,91.30042320267887,89.81360707091751,90.89402316340856,30884000
2023-02-23,90.09114074707031,91.13191501658295,88.97107536820448,91.11208656749149,41206400
2023-02-24,88.34660339355469,89.09992561252551,87.8014420680175,88.65388384050988,36585100
2023-02-27,89.08011627197266,89.3675683080764,88.55476820178005,89.08011627197266,27502300
2023-02-28,89.26844024658203,90.42816260421704,88.53494638831793,88.54486061355257,30142000
2023-03-01,89.56580352783203,90.22991291205538,88.88186569379845,89.18914616715412,31111200
2023-03-02,91.1913833618164,91.46892114468274,88.80256197209034,88.87195398014434,32204400
2023-03-03,92.82689666748047,92.90619534963233,91.63743912221811,91.66718179977899,35160100
2023-03-06,94.29386901855469,95.1264899199855,93.1738036755349,93.19362456165446,32639300
2023-03-07,93.03502655029297,94.82911529762634,92.70792524074501,94.1451851331512,27835500
2023-03-08,93.42162322998047,95.11659288720291,93.17382051584258,93.2927685410707,34103300
2023-03-09,91.50857543945312,94.69036101520102,91.09226874258992,93.22337335130082,28813500
2023-03-10,89.83342742919922,91.97444627624094,89.60545319191515,91.35989288962611,35941000
2023-03-13,90.3092041015625,91.75637076191212,88.6340556613181,89.29816499049838,37335600
2023-03-14,93.14407348632812,93.53064506595086,91.62752227975622,91.74646272743232,36050200
2023-03-15,95.2652587890625,96.07805124185921,91.82575652926289,92.40066053699009,50622100
2023-03-16,99.43826293945312,100.30061902134946,94.66062738841612,95.35447189407667,65492000
2023-03-17,100.72683715820312,101.93610789707766,99.22019261289883,99.37878995970463,61028500
2023-03-20,100.33035278320312,100.85569326789229,98.99221979039645,99.24002247655834,32960400
2023-03-21,103.9978256225586,104.17624385241345,100.33034902951017,100.36008414076306,42110300
2023-03-22,102.46146392822266,105.65315637708333,102.4218145884287,103.35354760540243,43427400
2023-03-23,104.6718521118164,105.36570416377398,103.541872478814,104.13659740739351,40797800
2023-03-24,104.51325988769531,104.56281588589015,102.9273166987092,104.06721052991638,30393300
2023-03-27,101.5594482421875,103.83923589570183,101.03410777688019,103.70046700155793,31120900
2023-03-28,100.14200592041016,101.54952316043445,98.86334333621792,101.53961649929587,32057900
2023-03-29,100.49884033203125,101.58917046006812,99.76534661860086,101.38101714527045,28779600
2023-03-30,100.00325775146484,100.27088890436659,98.90301315028726,100.02308620252188,33086200
2023-03-31,102.81829833984375,102.97688813346652,100.15193890087117,100.40965582313862,36863400
2023-04-03,103.44276428222656,103.61126831074107,101.03412162887356,101.49007770962147,25035400
2023-04-04,103.79959106445312,104.6520329153803,103.12556745121624,103.41301947651381,24420100
2023-04-05,103.5517807006836,105.16745138275883,102.7489024717613,104.85026426841469,28290500
2023-04-06,107.4670639038086,108.21047194004801,103.41301570943838,104.33484197686876,48711500
2023-04-10,105.50446319580078,106.64434938467814,104.19606545034118,106.03971785017113,27067400
2023-04-11,104.42404174804688,105.79191730174914,103.75993241934815,105.6134990800635,26311800
2023-04-12,103.72029876708984,105.81175418548557,103.4229324985419,105.64325016239964,24370300
2023-04-13,106.48576354980469,106.54523377059805,104.90973463774462,104.90973463774462,24843600
2023-04-14,107.91312408447266,107.98250853898602,105.90095977890807,105.95052334456264,26578000
2023-04-17,105.03860473632812,105.22693719940173,103.60134460665196,103.74012106946371,37571200
2023-04-18,103.58152770996094,105.6035986320666,103.15530676712977,105.55403506755718,26596400
2023-04-19,103.26433563232422,104.05730725261225,102.16409110128505,102.66961069827711,20905700
2023-04-20,104.36457061767578,105.31613193758433,102.95705330462381,102.99670263824548,27820800
2023-04-21,104.4835205078125,105.06833117404804,103.85905294490108,104.54299072815176,25800100
2023-04-24,105.03860473632812,105.69279990108514,103.77976284473804,104.56282024731928,23542800
2023-04-25,102.9372329711914,105.75227538154243,102.92731874642017,104.89983354732145,46664100
2023-04-26,102.79846954345703,105.4152654093067,101.72796008133541,103.99783368510995,53347600
2023-04-27,106.64435577392578,107.41750647367289,102.62995696914422,103.53195477534291,50089200
2023-04-28,106.39656066894531,106.40647489412298,104.16633643126642,106.09920197465762,36139800
2023-05-01,106.2577896118164,107.04084701354168,105.88113224841882,105.90095313603432,26681700
2023-05-02,104.39431762695312,106.2577911455612,102.79846768787561,106.19832091951841,30997200
2023-05-03,104.4835205078125,106.545232957059,104.03747116825616,104.60246094849104,21795400
2023-05-04,103.76985168457031,104.67184949855658,103.05617876315749,104.5628157154331,23419500
2023-05-05,104.64212036132812,104.94939327912539,103.19495354910443,103.89871228613758,26639300
2023-05-08,106.8227767944336,107.0111092526405,104.2357237525446,104.25554463966958,26511400
2023-05-09,106.4064712524414,109.18186434483572,106.24788146671654,107.43733132783537,36360100
2023-05-10,110.76779174804688,111.94733485864512,106.98136731248631,107.02101664654327,63153400
2023-05-11,115.5454330444336,116.88356600068316,113.40442182690181,114.38571831983981,78900000
2023-05-12,116.47716522216797,116.99259143107231,115.08946880418954,115.65445857036839,41102300
2023-05-15,115.48595428466797,117.43864046390988,114.99034896251874,115.08946851448118,36266800
2023-05-16,118.4595947265625,119.68869389632489,115.40666390786913,115.46613413085095,45035600
2023-05-17,119.77790069580078,120.60060741468727,117.8450428018749,118.55871573573606,33323600
2023-05-18,121.75041961669922,122.2261965471798,119.76799809424153,119.8869385456927,35234200
2023-05-19,121.6810302734375,124.8628157815704,121.07639112841179,122.46408765080419,41353400
2023-05-22,123.9509048461914,125.31877293153339,121.66120291685972,121.85944960031794,35253000
2023-05-23,121.48277282714844,123.5345785360901,121.1358506178756,123.0687158906877,34046300
2023-05-24,119.83738708496094,120.83851210918337,118.80652694674922,120.05545467066663,34182600
2023-05-25,122.39469909667969,124.21852313290142,120.88805461582595,123.4255515574692,42317000
2023-05-26,123.5147705078125,124.15905899914881,121.37375168657263,122.08742462698592,35635900
2023-05-30,122.5830307006836,124.5555455229917,120.92771057579567,124.53571707323403,35076700
2023-05-31,121.79006958007812,122.96960524960811,121.42331887409836,121.67112156567815,37325800
2023-06-01,122.6325912475586,123.32643572526102,121.54226097016722,121.74050008884288,30772700
2023-06-02,123.5742416381836,125.04123686671639,122.67224379356901,122.90021802977736,26980100
2023-06-05,124.90245819091797,126.30997552224953,122.75152529744679,122.92003685811163,32305500
2023-06-06,126.1910400390625,127.16242235359813,124.25818207275529,124.90247058230369,26638300
2023-06-07,121.42330932617188,127.90582057329998,121.04665198703012,125.85402231319067,52539000
2023-06-08,121.06646728515625,122.1468908180321,120.1743761943269,121.15568017540772,29389200
2023-06-09,121.15568542480469,122.67223656375475,120.83849830791537,121.17550631108766,23778300
2023-06-12,122.55329132080078,122.95969134096524,120.59069835405128,121.7107637315462,28306400
2023-06-13,122.74162292480469,124.05993497214953,122.09733445666087,123.88151674346875,22278300
2023-06-14,122.5830307006836,122.95969562270113,120.38254164252703,122.01804087999511,30592300
2023-06-15,123.99056243896484,124.35731317839844,121.32421037674003,122.05770429326853,35246300
2023-06-16,122.44425964355469,125.00158512889624,122.19645696231628,124.82316689591107,45535600
2023-06-20,122.01803588867188,123.47511683040602,121.06647452234982,121.84953188431368,26097500
2023-06-21,119.4904556274414,121.58191085699323,119.04440626489465,121.32419395167761,30306300
2023-06-22,122.06759643554688,122.1568017665919,117.78556661162784,118.94528128923695,26952200
2023-06-23,121.26470947265625,121.71075881058304,119.99596102780514,120.31314813901791,34913600
2023-06-26,117.29986572265625,120.92770036348257,117.23048127903954,119.69860126412782,33969900
2023-06-27,117.28997802734375,118.03338614159446,115.07957457354273,116.05096450359255,39535900
2023-06-28,119.12371063232422,119.33186398652833,115.82297695350607,116.06086542083392,27091400
2023-06-29,118.05319213867188,119.00475349739705,117.26022812090297,118.19196103083988,24090900
2023-06-30,118.6479263305664,120.0158020352129,118.63801966773421,119.11379660317279,29532200
2023-07-03,118.84616088867188,119.13361289055685,117.77565154972177,118.19195821631217,14467900
2023-07-05,120.6799087524414,121.5323506020042,118.18206099111318,118.19196765372497,27584800
2023-07-06,119.0543212890625,119.24265374755836,117.35935184961298,118.74704838295892,24745200
2023-07-07,118.42985534667969,119.98605581142945,118.35055667733691,119.04440112824291,21709500
2023-07-10,115.4264907836914,117.27014341516231,115.11921786589225,117.2602367523764,35315200
2023-07-11,116.11042022705078,116.67541002080333,114.33615217521867,115.26789264862505,23078800
2023-07-12,117.88468933105469,119.27238582914387,117.36926309239514,117.75583466197419,30404400
2023-07-13,123.44538879394531,123.73284082144414,119.39133285851337,119.86711735011022,44297900
2023-07-14,124.31764221191406,125.6656893475704,122.40460528869126,123.70309642753425,33283100
2023-07-17,123.5544204711914,125.98288376353565,123.10837110000271,124.83308323552517,25716200
2023-07-18,122.6722412109375,123.58415326124799,121.87926960750545,123.50485458843724,26193600
2023-07-19,120.95744323730469,124.07975852514653,120.72946900607533,123.50485449122769,37224000
2023-07-20,118.15231323242188,122.9993329839657,117.18093097461103,120.35280221161847,37906800
2023-07-21,118.96509552001953,119.9265710332931,117.68644047254966,119.55982794306409,72937900
2023-07-24,120.46183776855469,121.9189187390688,119.91667640915657,120.59070000224004,29686100
2023-07-25,121.1358642578125,122.06760477820553,119.95632105113091,120.29333663689901,52509600
2023-07-26,128.13381958007812,129.82878151515044,127.19217238007396,128.92679121548855,61682100
2023-07-27,128.26266479492188,132.0689255635858,127.6580256334022,130.5127174287312,44952100
2023-07-28,131.4147186279297,132.56452668916148,129.4223905323537,129.63053631303129,36591200
2023-07-31,131.5535125732422,132.35639098665902,130.62177190222775,131.56341923741195,28055500
2023-08-01,130.39378356933594,131.4642930466913,129.5314198898495,129.63054701957142,23166800
2023-08-02,127.25166320800781,128.9466254174952,126.43886299083354,128.31225103139656,26273300
2023-08-03,127.32101440429688,128.25275490430315,126.30006856910073,126.8452374919422,20089500
2023-08-04,126.98400115966797,130.35411143081842,126.78576204807231,128.14371584341106,26147200
2023-08-07,130.37393188476562,130.4532305494762,127.88599866875109,128.0247675508261,22746300
2023-08-08,130.2450714111328,130.35410518598817,128.4014190247344,129.47192832567612,23535200
2023-08-09,128.52040100097656,130.87947251276492,127.86619821738373,130.50282267876545,24912900
2023-08-10,128.5500946044922,130.88935203387206,128.31219863509565,130.16577259004856,20857800
2023-08-11,128.42123413085938,128.78797718787527,127.04345209609927,127.52915070175547,19591100
2023-08-14,130.1757049560547,130.21534672977936,127.82654040248093,128.25275374989084,24695600
2023-08-15,128.6393280029297,130.26491300365356,128.14372263533488,129.9477334332242,19770700
2023-08-16,127.56880950927734,129.13492417430865,126.7461104050344,127.56880950927734,25216100
2023-08-17,128.77809143066406,130.82990482519432,128.15362385412445,128.6591509873898,33446300
2023-08-18,126.3397216796875,128.11398983517552,125.26921225140346,127.38048843301539,30504800
2023-08-21,127.24171447753906,127.59855093945741,125.4476255056934,126.0621788706278,25248700
2023-08-22,127.94548797607422,129.13493787485558,127.19217323593709,127.38049057746434,22054900
2023-08-23,131.2065887451172,132.23745660398632,128.72856136759557,129.03583434245965,27819700
2023-08-24,128.6393280029297,133.07004119920114,128.43118221835817,132.77267495370916,28500700
2023-08-25,128.7384490966797,129.61070421801392,126.13156014533209,128.40142596774677,26762900
2023-08-28,129.85850524902344,131.3750563736932,128.99615680059247,130.15587147682967,20543300
2023-08-29,133.38722229003906,135.36964355822954,131.0776996976363,131.0776996976363,43075600
2023-08-30,134.68569946289062,135.08217764800216,132.89161071955,133.59536176682397,28315800
2023-08-31,134.97315979003906,136.78707719387538,134.59649488250773,134.8145624474285,30053800
2023-09-01,134.46763610839844,136.25181824627185,133.66475792752385,136.25181824627185,21543700
2023-09-05,134.5767059326172,135.22098695723608,133.3971625609101,134.24960452599169,19403100
2023-09-06,133.2781982421875,135.32999653967815,132.4951333142853,134.824484524279,18684500
2023-09-07,134.07115173339844,134.38834641226532,131.78145747227418,132.41583170533318,18844300
2023-09-08,135.1813201904297,135.45885797662925,133.66476902845534,133.7242392505445,23558300
2023-09-11,135.71658325195312,136.27165888953823,134.59651018881954,135.33991830158746,20763400
2023-09-12,134.1504669189453,135.66701824288407,134.00179134784412,135.0623790459448,18405500
2023-09-13,135.50840759277344,135.69672490178635,132.97089575556973,133.90263613822427,20749500
2023-09-14,136.88619995117188,137.48091727999335,135.04254749494362,136.3905946148167,24751000
2023-09-15,136.19235229492188,137.30251863025583,135.28044021121335,136.76725635034862,38919600
2023-09-18,136.9952392578125,137.9368864099472,135.40929606761446,135.40929606761446,21861300
2023-09-19,136.8267364501953,137.1934947424291,135.4192188852002,136.21219057489975,20353700
2023-09-20,132.56451416015625,136.8663646339005,132.44555860062232,136.8663646339005,29927500
2023-09-21,129.29351806640625,131.06777845392287,128.92677497016894,130.28472870460357,31503900
2023-09-22,129.10519409179688,130.86954793351885,128.4609131845869,129.61070610554586,26397300
2023-09-25,129.95767211914062,130.01714235795825,127.82657456322,128.68892327543395,20094600
2023-09-26,127.43995666503906,129.21421701986839,126.10181627825571,128.62940638402773,25718700
2023-09-27,129.39266967773438,129.749506221742,127.43999803724336,127.43999803724336,22746500
2023-09-28,131.14707946777344,132.12838346203904,128.64922437989011,128.6987879376221,22513100
2023-09-29,129.7098388671875,132.87180356786632,129.21423349403221,132.10856705829798,30859800
2023-10-02,132.99075317382812,133.23855587746678,130.01712073016435,130.0567776325655,22288000
2023-10-03,131.26600646972656,133.07992359938268,130.68119587250578,132.76274408677946,22989400
2023-10-04,134.05136108398438,134.37846248014134,131.36517301991339,131.62288239657767,26752300
2023-10-05,133.8828125,134.29911910438386,132.27704116917965,133.8828125,19832600
2023-10-06,136.3707733154297,136.9456773507009,132.832143768504,132.832143768504,27597600
2023-10-09,137.20338439941406,137.718818202532,134.41808472961787,135.73639678634393,19278100
2023-10-10,136.8465576171875,138.4919711389079,136.12297798401696,137.28269277954,27786600
2023-10-11,139.31466674804688,139.86974231945385,137.36198046134194,137.36198046134194,25884300
2023-10-12,137.74855041503906,139.9787744613181,137.04478417224522,139.8102704594491,24765500
2023-10-13,136.1527099609375,138.7695057500951,135.4192085570894,138.15495992166953,23420500
2023-10-16,137.8773956298828,138.40273601931523,136.77715129783755,136.95556193967968,28501900
2023-10-17,138.49195861816406,138.6703692822643,135.97427499935674,137.41154259753543,23515800
2023-10-18,136.7474365234375,139.48317264449588,136.17253249534386,138.22433080496884,23375000
2023-10-19,136.5392608642578,138.43247675008314,136.17251778023484,137.2826688181467,26066000
2023-10-20,134.40817260742188,136.65820993362706,133.89273882524216,136.1229628278564,26335700
2023-10-23,135.30026245117188,136.4500705092504,132.77267210572043,133.8530881539799,26317900
2023-10-24,137.58995056152344,138.135119454478,136.21216833642438,136.61856834068817,44814300
2023-10-25,124.5059814453125,127.18224741384032,123.97072673913938,127.03357185296261,84366200
2023-10-26,121.20524597167969,123.23723097831568,120.20412102421639,122.18654246977827,57061100
2023-10-27,121.09620666503906,122.22618623249376,119.15343464446192,121.79996533864069,44566500
2023-10-30,123.36608123779297,124.29782170383251,121.67111186993667,122.12706787862865,28940100
2023-10-31,122.98942565917969,124.268088371617,121.61164338905817,123.96080791175726,26292300
2023-11-01,125.33858489990234,125.37823423377263,122.63258403370556,122.9795062521491,30082400
2023-11-02,126.36945343017578,127.8463552955118,125.81437784316901,127.29127970850502,27124600
2023-11-03,127.9653091430664,128.39152248996186,126.73620241363211,126.8947997576898,26393100
2023-11-06,129.10519409179688,129.19439942516289,127.53907936577991,127.91574427289191,19052700
2023-11-07,129.8188934326172,130.75063410322832,128.73847717613327,129.56118404221164,29757300
2023-11-08,130.6811981201172,131.0479563163596,129.63051733424692,129.8188497627846,26425800
2023-11-09,129.09527587890625,131.38496997848083,128.92677188940007,130.80015934584054,23747800
2023-11-10,131.4246063232422,131.6327671985536,128.27256395904828,128.9565016747776,26913300
2023-11-13,130.9290313720703,131.42463677369796,130.09641792725824,130.6217584430094,18324800
2023-11-14,132.44557189941406,134.50729201715737,132.1482207824069,133.01056927107837,32395200
2023-11-15,133.43679809570312,133.84319816897428,132.39603881613726,133.68460080506208,23861500
2023-11-16,135.72647094726562,136.01393051384863,133.1394255960663,134.00177404646607,28013200
2023-11-17,134.12071228027344,134.86412027691202,132.47529895112487,134.80465005712884,37240600
2023-11-20,135.05247497558594,135.45887504396703,132.44558566460094,132.5149776822315,27815500
2023-11-21,135.7661590576172,135.9743048781384,134.7650414870518,135.0921277764423,22635300
2023-11-22,137.2727813720703,138.19460010408307,136.26174217835015,136.26174217835015,17813900
2023-11-24,135.4886016845703,136.91594760397751,134.79475717504624,136.8168204777558,12514300
2023-11-27,135.21104431152344,137.20337221294994,134.8046443273795,134.83437943600723,23436500
2023-11-28,135.99412536621094,136.04368893356298,134.22977126615422,134.88397405597584,18730000
2023-11-29,133.80352783203125,137.07451079768657,133.65483716334538,136.360853061755,23967200
2023-11-30,131.36517333984375,134.35863435541023,130.12615977169108,133.86302892814916,38988300
2023-12-01,130.7010498046875,130.94885249162763,129.52150659490437,130.7010498046875,31442300
2023-12-04,128.13381958007812,128.88713431514626,126.7758581121976,128.73845875055255,36669900
2023-12-05,129.83871459960938,130.97860102647664,127.12279142754068,127.8166359971415,27384800
2023-12-06,128.87721252441406,130.68120803665548,128.73844363885704,130.28472982782802,23576200
2023-12-07,135.72647094726562,137.34214919311776,133.51607536911783,133.85308336988615,56767100
2023-12-08,133.80352783203125,135.20112331976583,132.85195897633275,133.02046296777098,32260100
2023-12-11,132.1184844970703,132.1680480633636,130.20545486049974,131.21649413911075,31138000
2023-12-12,131.35523986816406,131.8310167463247,130.10630476656524,130.6514736502255,29032800
2023-12-13,131.4048309326172,132.32664977230945,130.4136200728995,132.20770930904013,30104800
2023-12-14,130.7803497314453,132.54470366937534,128.55012552763398,132.20769564183271,38722400
2023-12-15,131.43455505371094,132.33654536584615,130.0270224409382,130.4631576026789,50847100
2023-12-18,134.60641479492188,135.94454015229283,131.26602448315583,131.46427872099582,32258000
2023-12-19,135.4489288330078,136.26172882321336,134.88394662917216,135.63726127584442,25476800
2023-12-20,137.12408447265625,140.45455302635412,136.85646847368653,137.74855205293554,49107200
2023-12-21,139.18580627441406,139.4534374013907,137.9566995474428,138.26398757269197,27488300
2023-12-22,140.2464141845703,140.74201955858857,139.4732710110759,139.53274123600997,26532200
2023-12-26,140.27615356445312,141.42594657240042,139.94905219268907,140.34553045409487,16780300
2023-12-27,139.13626098632812,140.8312381802104,138.66048401730106,140.3455394229746,19628600
2023-12-28,138.99746704101562,139.8994723742898,138.5216901576727,139.54263593061398,16045700
2023-12-29,138.4622039794922,139.1263132322163,137.5601987501779,138.4027337665128,18733000
2024-01-02,136.95559692382812,138.22434556103968,135.28044822126745,137.33226187460795,23711200
2024-01-03,137.698974609375,138.40274078957884,135.87515073698754,136.0436547238705,24212100
2024-01-04,135.19122314453125,137.93688094484938,135.15158137245075,137.20337960162615,27137700
2024-01-05,134.5370330810547,135.9544723417591,133.96212902161366,135.54807229763554,22513900
2024-01-08,137.61968994140625,137.78819394542484,135.06236452075504,135.09209963177744,21404000
2024-01-09,139.71115112304688,140.24641339378692,136.9357580192586,137.2826878289855,24759600
2024-01-10,141.02947998046875,141.74315300979296,139.6715259418801,139.76073128937628,21320200
2024-01-11,140.8312225341797,143.9436236258308,139.40387666099627,142.2288332953947,24008700
2024-01-12,141.3961944580078,141.94136334539857,140.57350292074238,141.41602290609686,18785500
2024-01-16,141.23760986328125,143.08126226290798,140.20674232549314,140.75191120368166,22670500
2024-01-17,140.2266082763672,140.59335147219906,137.679188984567,140.10766780737916,20968600
2024-01-18,142.21893310546875,142.94252793905105,140.74203857117578,140.8015088041436,25746400
2024-01-19,145.09339904785156,145.16277591860452,143.11097803121055,143.46781441919282,34271900
2024-01-22,144.7068634033203,147.0857631627537,144.55817271543333,145.80710794511032,32200400
2024-01-23,145.7476348876953,145.88640379995493,144.22117685283933,144.6077484744681,21636100
2024-01-24,147.3930206298828,148.53292195218594,146.79830331468807,147.2344232959612,25233500
2024-01-25,150.53517150878906,151.70480805664835,148.225648650222,148.7510042615379,29149100
2024-01-26,150.8523406982422,151.19925532668688,149.682704348174,149.77192479518956,26115500
2024-01-29,152.16075134277344,152.42838247060587,150.0990312415879,150.7234988316385,27784300
2024-01-30,150.1287841796875,152.26978786685433,149.86115304703833,151.4570029311418,36331800
2024-01-31,138.86862182617188,142.7343374146145,138.64063248081334,142.35767251765228,71910000
2024-02-01,139.9193115234375,141.80260587734793,139.5525532652903,140.87086536289783,40466500
2024-02-02,141.12857055664062,141.36645142167342,135.30024736856095,138.03598318915266,62499600
2024-02-05,142.41714477539062,144.19142038150497,141.52506120365902,141.56471810110367,38505400
2024-02-06,142.83348083496094,144.08240098500607,141.93147538647906,143.3786346695141,29128200
2024-02-07,144.26080322265625,144.34010189614554,142.66495333978824,143.48766006197988,25208900
2024-02-08,144.6275634765625,145.0438701746272,143.82468519281807,144.54826480197747,22563800
2024-02-09,147.69039916992188,148.12653431225093,144.89517764390865,145.3907830102507,26829500
2024-02-12,146.23330688476562,148.0273957523625,146.07470954986746,147.1154837637095,21564100
2024-02-13,143.86431884765625,145.3808699923918,142.42706637302987,143.6462512860247,27837700
2024-02-14,144.65728759765625,145.23219160120888,142.82354180831294,144.79605648646725,22704200
2024-02-15,141.51515197753906,142.25855998207064,139.22545774352974,141.88189508654546,37590700
2024-02-16,139.28494262695312,141.93147358673406,138.9082776917751,141.73323445625792,31468900
2024-02-20,139.879638671875,140.83120752749184,138.26397563661223,138.432479628036,25144700
2024-02-21,141.29708862304688,141.43585751636738,139.44351432516038,140.20675080076072,23223300
2024-02-22,142.8235321044922,143.72553738281633,141.5448770819428,143.65614538078825,27191900
2024-02-23,142.6947021484375,143.40835995334845,142.16934655124388,142.40724256933106,19493800
2024-02-26,136.36085510253906,141.18804608290887,136.18242932238044,140.89067986576057,53641800
2024-02-27,137.6593475341797,138.02609065509074,135.8850719026194,136.8069057229925,33099200
2024-02-28,135.1813201904297,136.796983347661,134.21984460085443,136.68794956560583,37328600
2024-02-29,137.2430419921875,137.63952022756177,135.20113521845195,136.0734054858856,42133000
2024-03-01,135.93463134765625,137.6494215802847,135.71656378920932,137.21328646339086,31151100
2024-03-04,132.17794799804688,134.46764221027212,130.75060222297805,134.46764221027212,55999400
2024-03-05,131.50390625,132.06890354223196,129.52148508372335,130.72085654417694,40194800
2024-03-06,130.2450714111328,132.40591846062833,129.69991766152992,131.94995491359472,35318600
2024-03-07,133.19891357421875,133.75398920823105,130.45325539382577,131.62287689054074,37738200
2024-03-08,134.21986389160156,136.8763016912152,132.822252972934,133.03041390483907,39370400
2024-03-11,136.45997619628906,137.8774153719074,134.93351836260592,134.93351836260592,32437800
2024-03-12,137.28268432617188,138.15495459716567,135.82560336197784,135.82560336197784,27563400
2024-03-13,138.56134033203125,139.84991729704038,137.7683838532644,137.7782905156126,23347200
2024-03-14,141.84225463867188,142.32793819304158,139.22545904327845,139.94903860620198,42753400
2024-03-15,139.93911743164062,141.9215388042357,138.7992311922684,141.24752279739727,49475400
2024-03-18,146.3820037841797,150.81271727318136,145.8764917207178,147.30383769364138,69273700
2024-03-19,145.7377166748047,147.4822421656298,144.79606947876087,146.8577896722865,24070400
2024-03-20,147.4326934814453,147.55163393242162,145.45027196690233,146.6991920761811,21311500
2024-03-21,146.30270385742188,149.04834657827197,145.60884427485487,148.15626300736415,24755600
2024-03-22,149.4448699951172,150.24774839539668,147.67059403368273,147.80936295317946,29211800
2024-03-25,148.75100708007812,149.05827999793414,146.5207828540801,148.62214484045748,19229300
2024-03-26,149.34571838378906,150.92173980939236,148.66178056238658,148.89967658168865,22149100
2024-03-27,149.54396057128906,150.3071970814459,147.59127418957752,149.85123348293416,22879200
2024-03-28,149.60342407226562,150.09902942352818,148.85010938322958,149.52414052577765,24485400
2024-04-01,154.12338256835938,154.37118528416661,149.28626871590512,149.36556739992474,31730800
2024-04-02,153.20152282714844,153.34029171966787,150.81270141872292,152.15084190883346,24586000
2024-04-03,153.558349609375,153.716946940742,151.3875959008957,152.2499594372824,24705000
2024-04-04,149.20692443847656,153.40966265921364,149.12762577868838,152.15082101266947,34724700
2024-04-05,151.1596221923828,152.07153416376286,148.28511739400383,148.71133070821097,23459200
2024-04-08,153.48899841308594,153.9053051340792,151.2686807764452,151.4371847974656,20702000
2024-04-09,155.22360229492188,157.16636680492698,153.825991572372,154.71807515609422,31079500
2024-04-10,154.7676544189453,155.23352470706243,153.32047998943062,154.83704643510924,22838600
2024-04-11,158.00889587402344,158.27651186403895,155.0848274346832,155.5308692093835,27166400
2024-04-12,156.34365844726562,158.81177851890706,155.758847768036,156.57164779653132,25353700
2024-04-15,153.4989013671875,157.8404094057048,153.23127022277416,157.4637444709509,27136500
2024-04-16,153.04293823242188,154.28195170620987,152.0814625667883,152.83479243864417,20779500
2024-04-17,154.10354614257812,155.69939615479163,153.22136912493693,154.25222171449875,21763100
2024-04-18,154.63880920410156,155.56064321869104,153.2610266390221,153.97469970687257,19883000
2024-04-19,152.73565673828125,154.98570931530094,150.96139619825826,154.82711196963538,32615600
2024-04-22,154.9064178466797,156.2544650981797,152.70592872842704,152.95373142080075,26446200
2024-04-23,156.86900329589844,157.57276956282405,154.90641030278562,155.58044145804854,21151600
2024-04-24,157.7313690185547,158.16750416167633,155.7885893241061,156.10578401898567,22779100
2024-04-25,154.62887573242188,155.11457444082362,149.5439597867095,149.99992338282905,57109700
2024-04-26,170.4386749267578,173.17442610783888,168.1588873174152,172.83740297886922,64665300
2024-04-29,164.6896209716797,168.05974579654776,163.75789579256286,167.57404719945058,45610000
2024-04-30,161.3492889404297,166.62253752967678,161.1708782605576,164.1544172520467,33562900
2024-05-01,162.4197998046875,165.65114151829926,161.656563265471,162.8559349699541,33493200
2024-05-02,165.15550231933594,165.26453608833387,162.4495016656074,163.34158513946463,24294500
2024-05-03,165.77008056640625,166.4837534702782,161.61690537224646,166.08726012108556,34662400
2024-05-06,166.62254333496094,166.66218511253274,164.57072969688807,165.98816902107558,21871300
2024-05-07,169.74484252929688,170.2503545716541,166.90997915272567,167.01901294123516,28039700
2024-05-08,167.8912811279297,168.65450251317668,167.2569068549834,167.51461620426056,19569100
2024-05-09,168.46617126464844,169.18975081513116,166.70180236639047,167.90117392580035,15346700
2024-05-10,167.16766357421875,168.35712840771933,164.72929393982457,166.55311783500412,29799900
2024-05-13,167.6533660888672,167.79213497268913,162.55854403329832,162.81625335334653,31327600
2024-05-14,168.84283447265625,169.7448398794561,167.3163765820282,168.27785221350925,25127100
2024-05-15,170.99375915527344,171.13252805375882,169.01133767709646,169.13029325056647,26948400
2024-05-16,172.64907836914062,173.58081887894542,171.17218405543662,171.7669014209654,27867900
2024-05-17,174.51254272460938,174.72070361370632,172.16337834950676,172.64906188294287,24479300
2024-05-20,175.364990234375,177.1987360270171,174.53237690001112,174.64141067889267,22554400
2024-05-21,176.28680419921875,176.58415526757045,174.26472618639002,175.3451420671955,16989400
2024-05-22,174.82974243164062,175.5929637561036,173.6700277652412,175.08745176039344,17880000
2024-05-23,172.024658203125,176.68334650251944,171.42992560121152,175.51372487668218,21024900
2024-05-24,173.45196533203125,174.22510846580246,172.12373150315187,173.44204354526818,16579400
2024-05-28,174.8495635986328,175.7119272031069,172.83740706265183,172.9167057345963,20572200
2024-05-29,174.3539581298828,175.2856986187846,173.1843367499764,173.88808788543193,23388700
2024-05-30,170.5972900390625,173.67995620758435,170.28009532573515,173.6601277568323,22931500
2024-05-31,170.9838409423828,171.53891649882755,167.9507387056137,170.34946671720675,37638900
2024-06-03,171.64793395996094,172.9959809508917,169.65560614326452,171.02346645598863,27459100
2024-06-04,172.26251220703125,172.3219975576634,170.37921780326457,171.7570001617278,26879600
2024-06-05,173.8682861328125,175.09737781727256,172.40128329216327,173.6601252146541,22068500
2024-06-06,175.17665100097656,175.59295765203206,174.20526881518043,174.3539443603167,23251000
2024-06-07,172.9266357421875,176.30665293703487,172.76803839075907,175.493867979147,19661400
2024-06-10,173.6708526611328,175.70516949520822,171.4380692158863,173.63116539571132,23726700
2024-06-11,175.26853942871094,175.48685725053846,172.44035606018014,174.87160619376945,21540600
2024-06-12,176.42959594726562,179.0295587655737,174.76245808700693,176.8860828234983,27864700
2024-06-13,173.81973266601562,175.38764480431132,173.5418763520932,174.76246052696914,20913300
2024-06-14,175.437255859375,175.7051941501706,172.81745685502335,172.886928506799,18063600
2024-06-17,175.88385009765625,176.995275550129,173.4724354166938,174.1174710141037,19618500
2024-06-18,173.75025939941406,176.03266350713454,172.7678442779151,175.78457643329608,21869900
2024-06-20,174.95101928710938,175.93343447480135,173.65104535533175,174.02812743639052,20160100
2024-06-21,178.25552368164062,179.46618977626414,175.25862768166826,175.64564289932446,57759000
2024-06-24,177.84866333007812,179.5058831721026,177.30286873730756,178.78147315371626,18298000
2024-06-25,182.62185668945312,182.87986179667686,178.04713041446374,178.24559704633074,23130200
2024-06-26,182.47299194335938,183.09816101305836,181.08369537751665,181.23255669280258,19839000
2024-06-27,183.99131774902344,184.62642010992184,182.61195409916436,182.77071833286294,18848900
2024-06-28,180.7562255859375,183.71343423893046,180.5676921399298,182.90963458847077,29156600
2024-07-01,181.58981323242188,182.4730025766031,179.91274225321607,181.62950050025836,16006100
2024-07-02,183.82261657714844,184.15009335463083,180.17076672022137,180.65702287018632,17372500
2024-07-03,184.39817810058594,184.666101253454,182.59209683114494,183.43559898745033,10242100
2024-07-05,189.1416015625,189.39960668236182,184.3783264542018,184.43786493247498,20967500
2024-07-08,187.5836181640625,188.71489474236242,186.3431826553111,188.44695643270228,21035900
2024-07-09,187.53399658203125,189.89579062187278,187.2759914489027,188.8538217724112,15121400
2024-07-10,189.71714782714844,190.28279364749721,187.5836049591009,187.7026819141074,15952500
2024-07-11,184.15008544921875,189.39960141202818,183.66382932012837,188.39733505757295,25625800
2024-07-12,183.65391540527344,185.67829936578423,183.07835154835516,183.66383343758727,22898400
2024-07-15,185.1027374267578,186.79965977611926,183.50505596969933,183.50505596969933,16474000
2024-07-16,182.51271057128906,187.2362833659617,181.96691593885006,185.9263913901426,18290700
2024-07-17,179.63490295410156,182.14554307379208,178.52346250305996,181.56997921247492,20734100
2024-07-18,176.3303680419922,181.10356083919302,175.119701930773,180.53791505223174,25315700
2024-07-19,176.3006134033203,178.9104792954856,175.77466998349036,177.511279614787,18881900
2024-07-22,180.2799072265625,181.30202472668176,178.85092330428975,179.20816928485795,24100300
2024-07-23,180.39898681640625,182.20506795075516,180.15089974687697,180.65700705961783,36352700
2024-07-24,171.3091278076172,174.8418860739101,170.50532793874044,172.2717070718869,49585200
2024-07-25,166.00003051757812,172.09304877138803,165.9107228003057,171.19994131459546,44852000
2024-07-26,165.72216796875,166.80382399385917,162.8046615111257,165.8710141586151,41336900
2024-07-29,168.2328338623047,169.12594142294034,166.70462389049712,167.5381929660285,20293800
2024-07-30,168.9869842529297,169.91979407162952,167.15114899500833,168.9373789518768,18959700
2024-07-31,170.22743225097656,172.91670298864665,168.7091404604878,171.91443658888358,25729100
2024-08-01,169.45338439941406,172.71821867309802,167.58777995648467,168.94729223504007,24531400
2024-08-02,165.38478088378906,167.22061625981866,163.41000220136607,165.1664630337912,29130100
2024-08-05,158.0314483642578,163.17180469122772,153.74449693951377,154.31014267279176,53630700
2024-08-06,157.0788116455078,159.34137978517677,155.2132070680051,158.11086239581772,49004600
2024-08-07,157.72384643554688,161.7329270375027,157.2574415077753,160.01616866155442,25138600
2024-08-08,160.79017639160156,162.43747802495426,158.98411055542044,159.28180289949356,25578800
2024-08-09,162.41766357421875,162.53674053879345,157.8429367667061,158.785664734338,28602300
2024-08-12,161.04820251464844,163.638232240746,160.60164879815585,163.09245277727376,15895300
2024-08-13,162.90390014648438,163.46953080218395,161.72300324977175,162.15963892338314,18551700
2024-08-14,159.1428985595703,161.97109738750262,156.50326348113867,161.1573644799167,40591100
2024-08-15,160.06578063964844,160.40317542086007,158.38870962322818,159.27189898700752,31524300
2024-08-16,161.71310424804688,163.7970268327427,159.89710483293223,160.2344996596875,24208600
2024-08-19,165.39471435546875,165.41456556424006,163.00315095672093,164.01535061555833,22416200
2024-08-20,165.90078735351562,167.34962258490438,165.54355648931903,165.62293103111787,18341500
2024-08-21,164.58096313476562,165.57331138365288,163.40998432722168,163.88630724691845,22902000
2024-08-22,162.54664611816406,166.30763931714822,162.06039002531082,165.9801625781286,22493300
2024-08-23,164.35272216796875,164.9084347985432,162.57642535652303,163.4596147462646,13955700
2024-08-26,164.88861083984375,166.26797448558267,163.20162161831215,165.1069286953162,14190400
2024-08-27,163.41993713378906,165.16648011438994,163.20163440324978,164.57106498154224,11821900
2024-08-28,161.60394287109375,164.33290096897073,160.29403571593602,163.77717314609376,16407400
2024-08-29,160.54212951660156,164.70007190564058,159.02383761377362,163.0527698600771,19699800
2024-08-30,162.1298828125,162.40773914692483,160.45281163127092,161.37568835446018,22123800
2024-09-03,156.15594482421875,160.61159459119546,155.28267338679814,160.48258445374879,38945300
2024-09-04,155.25289916992188,157.78339053713182,154.76665816042646,155.4612989897302,19353800
2024-09-05,156.036865234375,158.22994668183233,154.78649658056972,155.1040553313884,18688700
2024-09-06,149.7652130126953,156.62234382988387,149.39804896411633,156.09640040925774,37912100
2024-09-09,147.76795959472656,152.4282366790671,146.28739297802653,151.54387525137955,39260500
2024-09-10,147.71824645996094,150.3117127852872,147.40026637370062,149.49690018583888,31118800
2024-09-11,150.20242309570312,150.54026559740743,146.5854826673726,148.97027288921362,29607700
2024-09-12,153.71005249023438,153.839233801539,151.68296725155358,152.8256911821986,29621500
2024-09-13,156.46250915527344,157.37667920350046,154.2267627397466,154.44535510677574,29591200
2024-09-16,157.0587158203125,157.2475146303272,155.60797314926953,156.31346693580858,18379800
2024-09-17,158.31072998046875,159.53293380012653,157.3766823666018,158.0126274199818,20715600
2024-09-18,158.79762268066406,159.48325404924594,157.59529635899653,158.84730896980255,23677300
2024-09-19,161.1128692626953,162.7524107202581,160.31793409819053,162.67293084972206,26587700
2024-09-20,162.5536651611328,162.6927776644467,161.03335881701463,162.46423894374368,40896400
2024-09-23,160.82472229003906,164.44166309263446,160.64585466572302,163.30888534572622,24150900
2024-09-24,161.26190185546875,162.18601827960998,159.67204679818846,161.9972194853163,23332100
2024-09-25,160.46697998046875,161.77861000791742,160.27818118844277,160.44710243338025,18869200
2024-09-26,161.69911193847656,163.0405658423745,161.25196569121914,162.60335078741144,20319300
2024-09-27,162.911376953125,164.6502907376612,161.5997470113798,161.77859943711212,21101300
2024-09-30,164.7993621826172,165.09744958161895,162.22575806160205,162.2853907035285,20413900
2024-10-01,165.93214416503906,168.08839566011457,163.53740758234116,166.62770671794624,28338100
2024-10-02,164.80929565429688,166.4587833748385,163.68644922877587,165.36574568962988,17760200
2024-10-03,164.80929565429688,165.5843532266716,162.88158291608877,163.3684842780683,15073100
2024-10-04,166.00167846679688,167.16426473931182,164.43168589066445,166.99534350266865,19047400
2024-10-07,161.94754028320312,167.4126985535878,161.71900154638254,166.65751850550026,22463100
2024-10-08,163.3386688232422,163.68644249996592,161.83822486594266,162.90145376713176,23072700
2024-10-09,160.8346405029297,163.7957583809211,158.72807525360884,162.41456443992033,31181800
2024-10-10,161.05323791503906,162.03697180217182,159.38387269706766,159.85089649743236,14144100
2024-10-11,162.20590209960938,162.86170956550862,160.21857182956228,161.10293319324816,15344300
2024-10-14,163.91500854492188,165.17695235890986,162.36487818674945,162.60336327926677,19016100
2024-10-15,164.41183471679688,166.61775729768382,163.58709086133464,164.7397308583214,20247200
2024-10-16,164.11375427246094,164.749699418007,162.70275145459712,163.4877403209242,16406000
2024-10-17,161.89784240722656,165.31605267037628,161.72892116495908,164.6801076327293,21453400
2024-10-18,162.38475036621094,163.66658684818702,162.0469078679096,162.1562116364337,19757700
2024-10-21,163.03062438964844,163.45789306330104,161.58979800498344,161.91770927556843,20946500
2024-10-22,164.0938720703125,164.719886004102,161.94755157914383,161.94755157914383,16568100
2024-10-23,161.7488250732422,164.76957586597575,160.9042035621243,163.71627798503206,18280500
2024-10-24,161.68919372558594,162.29533007096418,159.9900196550578,161.79849749810091,22412500
2024-10-25,164.2230224609375,164.54098738372983,162.38473610505613,162.63315236060092,19828900
2024-10-28,165.66384887695312,167.68098784367282,162.91139226813863,167.68098784367282,32138600
2024-10-29,168.60508728027344,169.30066498158368,166.03149830422933,166.66744336321563,42169000
2024-10-30,173.35482788085938,180.86693395167478,172.95735272555387,179.53541113405987,68890800
2024-10-31,170.02603149414062,175.69986574053596,169.91672772946706,172.03323918990733,44769000
2024-11-01,170.20489501953125,171.22838406204764,167.8101735573136,168.9926374988831,31796500
2024-11-04,168.1678924560547,169.64844379948434,166.9456734265419,168.8535086611848,21492700
2024-11-05,168.66473388671875,169.4497227111904,167.77042612333224,168.35668494331603,18242100
2024-11-06,175.39181518554688,175.81909904785277,172.40088879790804,172.69899134986846,33695500
2024-11-07,179.60496520996094,179.93287650946746,176.06751991171046,176.2861274447148,25352900
2024-11-08,177.2201690673828,179.75400283427035,176.9518752564666,179.50558656989898,22006200
2024-11-11,179.20750427246094,179.40623425717754,177.3394090594478,177.44871282536081,17450400
2024-11-12,180.46945190429688,181.33395085774214,178.25358296080182,178.68086684117154,25134900
2024-11-13,177.746826171875,179.8136514950511,177.4089684990119,179.31681892204128,23184000
2024-11-14,174.4677276611328,177.68720818344102,173.21571503907634,177.15062051532624,31007500
2024-11-15,171.39730834960938,173.03684979342893,170.135349355116,172.62944344024277,32504600
2024-11-18,174.1894989013672,174.32861141194803,171.80469351153303,172.32140362031606,20135300
2024-11-19,176.99163818359375,177.7368870735365,172.4605273586821,172.61951742744716,23434900
2024-11-20,174.86517333984375,176.5544009125721,172.67911323618793,176.21655843045156,18997100
2024-11-21,166.56809997558594,173.02692368437366,162.662987910428,172.79836977486937,59734400
2024-11-22,163.71624755859375,165.4054902668861,162.8616950123504,164.7993539822004,38604600
2024-11-25,166.58795166015625,167.56175439657423,164.56088148234778,165.0378364955745,33135300
2024-11-26,168.0486297607422,168.74420743105776,166.51839224272408,166.56807852805025,20486700
2024-11-27,168.157958984375,168.40637528649307,166.95563257291508,167.92942023182215,19266500
2024-11-29,167.8797149658203,168.35666996658753,166.10106111500806,167.43256870496816,14257200
2024-12-02,170.4036407470703,170.98989954223964,167.50214035040204,167.7008703464783,23789100
2024-12-03,170.25457763671875,171.5860852555961,169.7676914327812,170.40363650165742,22248700
2024-12-04,173.26536560058594,173.8019532050098,169.9763367929556,170.0657630063179,31615100
2024-12-05,171.54635620117188,174.94468929994056,171.23832242107443,174.24912670582898,21356200
2024-12-06,173.60324096679688,173.97089221181594,170.77128929069295,170.9402105427862,21462400
2024-12-09,174.45877075195312,175.34414569527965,172.74770667593938,173.05610866341627,25389600
2024-12-10,184.20785522460938,185.39167441568316,180.109267593904,181.89991783336416,54813000
2024-12-11,194.38467407226562,194.59358956818772,183.88950517431252,184.3471064632806,67894100
2024-12-12,190.96255493164062,194.16580938373951,190.71385396756912,193.9867519757691,34817500
2024-12-13,188.83367919921875,191.7285469445743,188.65460660803555,190.01748306194702,25143500
2024-12-16,195.63812255859375,197.9659598504381,191.61910663196343,191.86780758654942,44934900
2024-12-17,194.4045867919922,200.37341051362353,193.9668706236853,196.2250798486302,43504000
2024-12-18,187.4210662841797,195.976386699195,186.764507184961,194.2056368053088,34166100
2024-12-19,187.53048706054688,192.02700516266594,187.40117286917095,190.63428570513082,32265200
2024-12-20,190.41542053222656,191.88772607244653,184.25758188521124,184.8146696474835,63462900
2024-12-23,193.6186981201172,194.08625719212253,189.16196548395996,191.6191324608379,25675000
2024-12-24,195.0910186767578,195.0910186767578,192.77312346833173,193.82761331003957,10403300
2024-12-26,194.5836639404297,195.7276824419866,193.37000187433253,194.1359900072514,12046600
2024-12-27,191.7583770751953,194.30508758122627,189.65934042755555,193.9369998492268,18891400
2024-12-30,190.24630737304688,191.5494980812226,188.13731273783964,188.8137872976618,14264700
2024-12-31,188.3163604736328,190.96254219798286,187.53045697905083,190.08711000538557,17466900
2025-01-02,188.44570922851562,191.00236272405684,186.52574484771176,189.65937128935172,20370800
2025-01-03,190.79344177246094,192.20607673113864,188.9928490622425,190.37562593745199,18596200
2025-01-06,195.8470458984375,197.19003728298551,192.8427489428689,192.9720631324044,29563600
2025-01-07,194.47421264648438,199.95557646710608,193.58883781557628,196.08579004713673,26487200
2025-01-08,192.9422149658203,195.27005246800397,191.3803807232366,191.5693958945213,24864800
2025-01-10,191.0421142578125,195.49884619203587,189.32110794141667,193.29038055109964,26665200
2025-01-13,190.01748657226562,190.1866014129224,186.38645842630518,189.08238366148746,21823700
2025-01-14,188.6745147705078,190.98245196740993,187.33152340912505,190.24630678281764,17174900
2025-01-15,194.53392028808594,195.33970907887064,190.86309119272985,192.0866958313472,21776000
2025-01-16,191.9076385498047,194.4642768734046,191.8081520804567,193.13124318936406,17815400
2025-01-17,194.9815673828125,196.2051719482703,192.74325857357104,195.50881224351804,27735100
2025-01-21,197.02093505859375,201.23889429991502,196.8418624454126,198.03563938794179,29971300
2025-01-22,197.33926391601562,199.43830095568052,196.50363220208854,198.02568110227872,26200600
2025-01-23,196.95127868652344,199.25923110054313,194.18572496319172,197.11045095911172,26951400
2025-01-24,199.1697235107422,199.85612554750062,196.97119990354366,197.07068637933736,23877500
2025-01-27,190.8133544921875,195.85701810278013,189.73896434118248,191.41024296924735,41728900
2025-01-28,194.28521728515625,194.46427471258818,189.68921264751984,191.7484641400102,24157900
2025-01-29,194.39463806152344,195.7674571519655,192.4249153665142,194.54385257803781,18218300
2025-01-30,199.82626342773438,200.3535083038363,196.6428938419765,196.97118096512546,24354700
2025-01-31,202.95989990234375,204.41230512426117,200.75143398674038,200.95039173473552,32001100
2025-02-03,200.18438720703125,202.6912973186069,199.06026910715457,199.6471997728737,27838300
2025-02-04,205.30763244628906,205.9741492335506,201.75617525949693,202.33316333940303,43856400
2025-02-05,190.33584594726562,191.74846576717462,187.05298980095407,190.0772023789456,70373900
2025-02-06,190.6044464111328,191.10184839531686,187.73940612479137,188.5153520057582,29297400
2025-02-07,184.37696838378906,190.18662005870158,182.2878891065967,190.05730586169955,49315000
2025-02-10,185.50108337402344,187.22208986080463,184.89425239135454,186.37651565839897,23105600
2025-02-11,184.35707092285156,185.96864842614565,183.3224663388948,184.0685692836796,21239500
2025-02-12,182.6559600830078,184.14816605879201,180.88521020610418,182.26798713648407,22072600
2025-02-13,185.1728057861328,185.3120777313061,182.18839394998832,183.36227049888035,21402500
2025-02-14,184.2675323486328,185.43145115453234,183.36227228593566,184.0984174978102,20448400
2025-02-18,182.81512451171875,184.99374757151398,180.79567372558517,184.63561754552705,29916700
2025-02-19,184.3073272705078,184.4963424448096,182.63604878465782,183.11356559747395,19549400
2025-02-20,183.60101318359375,184.34711614040583,181.77057757262898,183.83977159439488,20441500
2025-02-21,178.72650146484375,184.37698125219566,178.1495132872048,184.1879660516495,35199200
2025-02-24,178.318603515625,182.16848984705686,177.96047349552646,181.04437173412518,29854200
2025-02-25,174.5084991455078,177.81125539535978,173.7822965453186,177.11488051844918,41913400
2025-02-26,171.83248901367188,175.16508845335508,170.68847049649932,174.1603418876601,35431300
2025-02-27,167.62445068359375,173.65295965631302,167.06736294980485,173.0859293485287,39991000
2025-02-28,169.39520263671875,169.7234897370402,165.90344649975822,167.80351036476668,48130600
2025-03-03,166.14219665527344,172.46915017235435,165.06780660374991,171.0366301036563,40770500
2025-03-04,170.03187561035156,172.3895559244155,164.9384846542463,165.3762007856933,45388000
2025-03-05,172.1209716796875,172.87701716435777,168.18154163334694,169.63396197807168,30954900
2025-03-06,171.4544677734375,173.9016770030345,169.61407438427003,169.64391728856972,28302000
2025-03-07,172.9565887451172,174.0608215669131,169.38524675714265,170.37009280124354,27385800
2025-03-10,165.1981658935547,167.77768707285077,163.02700292073365,167.57848498247546,43604000
2025-03-11,163.37557983398438,166.074610170201,160.71639599552714,164.24206639490993,39587400
2025-03-12,166.43313598632812,166.96098805134596,162.86763464348198,165.9052839213103,28372400
2025-03-13,162.1007843017578,165.4571454684321,161.45342300925637,165.36749843654172,31756200
2025-03-14,164.81971740722656,165.81566708355933,161.79202188086273,162.60870791000892,31995900
2025-03-17,163.6245574951172,165.6264259709924,163.00707358955603,164.36156568984055,31184300
2025-03-18,160.01922607421875,163.5847275921019,156.08522805432327,163.01702900544848,42074800
2025-03-19,163.22618103027344,165.19815700358515,160.3478872642785,161.10480349722013,34275600
2025-03-20,162.14060974121094,164.22214090970084,160.30806599087495,160.91559589904986,28138500
2025-03-21,163.32579040527344,163.57477782056455,160.2383403768693,160.55705156299513,36625800
2025-03-24,167.00082397460938,167.6382463166508,164.47111864181912,166.39330929919817,30879100
2025-03-25,169.86917114257812,169.93889491315255,167.63825363596857,168.29556886017417,24174400
2025-03-26,164.39144897460938,168.92302298152063,164.17233883294872,168.31549307909538,28901600
2025-03-27,161.5828857421875,164.7499985121227,161.34385234187698,163.96320493120362,24508300
2025-03-28,153.70489501953125,161.16456257842086,153.00773337780885,159.8399478606563,48669300
2025-03-31,154.01364135742188,154.9099898943082,150.0497663121255,152.48983972652445,54603500
2025-04-01,156.43380737304688,157.45963422172338,152.99776917438965,152.99776917438965,30672900
2025-04-02,156.40390014648438,157.7683612723421,154.07338200320004,154.52155623121885,25041700
2025-04-03,150.1095428466797,152.16119683607278,149.78087761580798,150.49796262916686,46883400
2025-04-04,145.01026916503906,150.45811474262314,144.79115903527634,147.41049617328275,62259500
2025-04-07,146.15560913085938,152.23090799124293,139.96080117715204,140.9766740613606,76794100
2025-04-08,144.11390686035156,151.62337549950988,142.45067281990836,150.60750263275938,52200200
2025-04-09,158.06716918945312,158.90376321404577,143.32711193141117,143.8350407612742,70406200
2025-04-10,152.20101928710938,157.081166059798,149.32271046519142,155.9059376747643,48022000
2025-04-11,156.50352478027344,157.03137687020202,152.2010302665367,152.28069286385934,33636200
2025-04-14,158.42572021484375,161.06498074344722,156.92182649738766,159.35194610703772,30333000
2025-04-15,155.67689514160156,159.00336349160088,154.58135959003184,158.48548058954378,27551500
2025-04-16,152.70896911621094,155.2585979132132,150.8963333701315,152.47990494067977,28187400
2025-04-17,150.54774475097656,154.0534763910807,147.8985151753075,153.66505665607545,33046600
2025-04-21,147.07188415527344,148.346698501599,145.50825109483685,148.2769899279801,26049100
2025-04-22,150.85647583007812,151.57356070413425,147.93833581818626,148.28692423087432,26971800
2025-04-23,154.72079467773438,156.8919577671247,153.18702360261742,154.9797361333446,31128800
2025-04-24,158.63487243652344,158.94361442258594,155.1590023934932,155.51754490565963,45894000
2025-04-25,161.30401611328125,165.42724716152773,160.38772903857225,164.4014202116321,56034000
2025-04-28,159.95947265625,162.48917806099573,157.9576193461597,161.7720931027873,29745800
2025-04-29,159.51129150390625,160.088944095257,156.88198516909392,159.6706470871033,26809000
2025-04-30,158.1568145751953,158.62491214751483,154.7705764946502,157.34012853089786,34981100
2025-05-01,160.6466827392578,161.29404393761732,158.26636366652554,159.80011945187778,30203200
2025-05-02,163.36561584472656,164.3018109241553,161.21436100650547,162.7481319399907,25715000
2025-05-05,163.54489135742188,164.72010459701127,162.06092097475153,162.3397856484502,21341800
2025-05-06,162.56883239746094,164.1324804047778,160.53710210703787,161.51312836048734,21277200
2025-05-07,150.76687622070312,164.3317067909572,147.2412056374208,163.4154348555188,127490100
2025-05-08,153.6551055908203,155.29841637896206,152.28069025725696,154.37219053033292,57498700
2025-05-09,152.13131713867188,154.4220044950508,151.58354176260508,153.5455638933439,32435300
2025-05-12,157.8181915283203,158.45559870977985,155.61713606908535,156.85211913184455,44138800
2025-05-13,158.8838348388672,159.919630909492,155.52748962665564,158.1468266808066,42382100
2025-05-14,164.7001953125,166.32359816964652,158.9635305710967,159.3121190412647,48755900
2025-05-15,163.29592895507812,165.53681590984704,161.71235729066444,165.1683041655559,33146700
2025-05-16,165.51686096191406,168.66406524073284,164.94916241420358,167.05061660833445,42846900
2025-05-19,165.86546325683594,165.9650643097772,163.55486775907139,163.84368649742183,30426100
2025-05-20,163.31582641601562,167.817523283891,162.24019892385144,165.75590012466307,46607700
2025-05-21,167.8772735595703,172.43872486137178,162.89752522096424,163.02700354080346,73416000
2025-05-22,170.1779022216797,176.05401394301808,170.0185618363875,171.15394376538748,74864400
2025-05-23,167.78762817382812,169.2715985296926,167.2099755896054,168.3752347830085,35211400
2025-05-27,172.19967651367188,172.4685871557562,169.31142880693562,169.4707843872067,37995700
2025-05-28,171.66189575195312,174.56011310814884,171.21372141368263,172.45865857387113,34784000
2025-05-29,171.16390991210938,173.71353862116436,169.93889608019336,173.29524158580244,29317300
2025-05-30,171.0443878173828,171.5124853397844,166.76180154699824,170.6559680857075,52639900
2025-06-02,168.34536743164062,169.18196148692468,166.7120106202351,167.16018492149544,38612300
2025-06-03,165.5069122314453,167.79759955842107,164.61056358901342,166.81161909114326,45084900
2025-06-04,167.36935424804688,167.53866387757995,165.6861967820594,166.06466254041968,26900800
2025-06-05,167.52867126464844,170.23763991021232,166.91117224371126,169.65003335535405,36379100
2025-06-06,172.9765167236328,173.79320267833577,170.13806952300837,170.13806952300837,35731800
2025-06-09,175.58908081054688,175.96800471005412,173.87397240224888,174.04348698482235,28935900
2025-06-10,178.09194946289062,180.5948038838724,174.41244383100403,175.6987675223273,61766100
2025-06-11,176.8455047607422,179.8569029175766,176.24720547354727,179.2586188457646,31646800
2025-06-12,175.20018005371094,176.21728270194464,174.25288557862032,175.6788103288989,20941900
2025-06-13,174.1731414794922,176.6261505932867,171.89962825957767,171.94948907539901,27663100
2025-06-16,176.2671661376953,176.43668073159893,174.15318632141427,174.23296058008373,27389200
2025-06-17,175.44949340820312,176.8554862045177,174.08339534937244,175.2002045527736,24973000
2025-06-18,172.8269805908203,176.0577543370001,172.70731159680278,175.50931582595604,28707500
2025-06-20,166.16595458984375,173.84404717223623,164.98931866750593,173.4551572231979,75659900
2025-06-23,164.72010803222656,166.86398612208345,161.53917977382372,165.7970377232315,57671000
2025-06-24,166.2956085205078,167.74148079179992,165.65742968002243,166.4451757427373,40524300
2025-06-25,170.1944580078125,171.86968681108624,167.0733722889804,167.15314653822034,35479000
2025-06-26,173.0463409423828,173.19592338119924,169.4565906415466,171.9394978428303,31796700
2025-06-27,178.0221405029297,178.17170771682706,171.241481190895,173.046329910377,108140200
2025-06-30,175.7286834716797,180.7144602330707,174.08338322657394,180.26574336762212,63378900
2025-07-01,175.3397979736328,175.58908681807281,173.0363714854685,175.24009156508697,35904500
2025-07-02,178.13182067871094,178.35119606008848,174.5719841997796,175.04063318866915,29128900
2025-07-03,179.01930236816406,179.15890351135596,176.54636131074304,177.9922335542414,21689700
2025-07-07,176.28709411621094,178.78996387462078,175.18025102838192,178.5506411042797,34175600
2025-07-08,173.864013671875,177.44379785510552,172.3184197808512,177.3440914457585,40442500
2025-07-09,176.11756896972656,178.92955429499338,172.27853009035698,174.75147104078385,43025600
2025-07-10,177.11471557617188,177.92240891673904,173.8839422139032,175.1303863111691,29252400
2025-07-11,179.67742919921875,180.91389212460822,175.97797606848104,176.2870917998284,34282900
2025-07-14,181.0435333251953,183.147531843333,179.1688762904421,180.4950948080724,32536600
2025-07-15,181.48226928710938,183.69595532751242,181.08341324296114,182.28996266650833,33448300
2025-07-16,182.4495086669922,183.80564050002502,181.51218023918355,182.71874486155866,33104200
2025-07-17,183.0577850341797,183.53641535247564,179.96659729454643,181.62187886390834,31992600
2025-07-18,184.5335693359375,185.88970124039062,183.1874187229756,184.87259850820493,34014500
2025-07-21,189.55923461914062,189.74868135121883,185.62045888710102,185.720180506412,45803100
2025-07-22,190.79571533203125,191.1048310792618,186.92676263021804,190.95526385169356,44660200
2025-07-23,189.68885803222656,191.9823183810532,188.64184187130752,190.95524958744798,58681900
2025-07-24,191.6233367919922,197.38689334762466,190.45666688872916,196.46951227536783,74881700
2025-07-25,192.63046264648438,193.77720042486192,190.71592620592727,191.43387927305906,39785900
2025-07-28,192.0321807861328,193.49800038051387,190.29712498462092,193.0991291078416,38139500
2025-07-29,195.1931610107422,195.36267559548023,191.53360267868564,191.88259792418754,41389200
2025-07-30,195.970947265625,197.0379108346005,194.13618500265545,195.04360005779435,32445400
2025-07-31,191.35411071777344,195.43248777249184,190.54641729704366,195.15328548422434,51329200
2025-08-01,188.5919952392578,190.2871562824159,187.28572417197353,188.49227361862017,34832200
2025-08-04,194.4851837158203,194.7145404143055,189.57918094353215,189.7486955367273,31547400
2025-08-05,194.11622619628906,197.2971541323202,193.33844625639603,194.1561209300893,31602300
2025-08-06,195.53219604492188,196.0706684741306,193.11908183595835,193.94672263242092,21562900
2025-08-07,195.9609832763672,196.97807082829456,193.77721051804474,196.49944049707085,26321800
2025-08-08,200.84701538085938,202.03363260270996,196.60910542589713,196.65896623314958,39161800
2025-08-11,200.42822265625,200.90685295750995,198.50372015999918,200.36839577051538,25832400
2025-08-12,202.76156616210938,203.9182700251912,200.01938893683175,200.7971688962253,30397900
2025-08-13,201.385498046875,203.94817934449617,196.94814463612107,203.5493232968563,28342900
2025-08-14,202.36270141601562,203.85843438375156,200.65755913802832,200.92679533252792,25230400
2025-08-15,203.31996154785156,205.85274455493158,200.70741950553764,203.270115954676,34931400
2025-08-18,202.9210968017578,204.68606588436995,201.9139754597878,203.6191024454688,18526600
2025-08-19,200.99659729003906,202.8612727965449,199.39117667904983,202.4524354796524,24240200
2025-08-20,198.7530059814453,200.70742189093835,196.04074228977996,200.15898342104597,28955500
2025-08-21,199.18179321289062,201.90402322277677,198.8626961782015,199.18179321289062,19774600
2025-08-22,205.5037384033203,207.9467659198768,200.7273710651735,202.15329588435108,42827000
2025-08-25,207.89694213867188,209.9211664546662,204.69606649727584,205.84278916147125,29928900
2025-08-26,206.55075073242188,207.258737698756,205.11484464858782,206.91969332896332,28464100
2025-08-27,206.88978576660156,208.31572581537765,205.0649896678173,205.11485047791405,23022900
2025-08-28,211.03794860839844,211.61630051242363,206.31142697470574,206.66043741838072,32339300
2025-08-29,212.30435180664062,214.03939239893296,209.60205408045064,209.91116980825524,39728400
2025-09-02,210.748779296875,211.07782715720617,205.61342035910417,207.84705371453168,47523000
2025-09-03,230.00384521484375,230.6519900738744,224.1505332557257,225.5665071716633,103336100
2025-09-04,231.63919067382812,231.70898363627637,225.46679662750995,228.996719869086,51684200
2025-09-05,234.33151245117188,235.08934505645462,231.24032471140728,231.53947436612376,46588900
2025-09-08,233.5829620361328,237.66498669397225,233.21368944217105,235.01017746372742,32474700
2025-09-09,239.1620330810547,240.00038899582756,232.77452245999913,233.71268917705035,38061000
2025-09-10,238.70294189453125,241.1880848518513,237.38552753776509,238.4334648921733,35141100
2025-09-11,239.9005889892578,241.77692250779666,235.78863959738683,239.41155563146188,30599300
2025-09-12,240.32977294921875,241.60727216892423,237.53523769524105,239.90060472674395,26771600
2025-09-15,251.11866760253906,251.91710844331666,244.18224230445617,244.18224230445617,58383800
2025-09-16,250.66954040527344,252.54585880051692,248.98283818718852,251.58774200911427,34109700
2025-09-17,249.042724609375,251.10868968975305,245.7990711050268,250.72942686827483,34108000
2025-09-18,251.537841796875,253.49402106561863,249.31220074129322,251.18851917528045,31239500
2025-09-19,254.2225799560547,255.50007913340238,251.3182589953225,252.75544937708653,55571400
2025-09-22,252.036865234375,255.28051872493555,249.81122418035432,253.93314887572123,32290500
2025-09-23,251.16856384277344,253.8632882566711,249.9908602190898,252.54585863312587,26628000
2025-09-24,246.6573944091797,251.85722723296598,245.95876438662486,251.16857220037895,28201000
2025-09-25,245.3100128173828,246.0086580355356,240.26988667693965,243.92272782855147,31020400
2025-09-26,246.0585479736328,248.93292875938775,245.4896689933639,246.58752699597628,18503200
2025-09-29,243.5734100341797,250.65953566268354,242.295910900337,247.3659922504587,32505800
2025-09-30,242.6252899169922,242.8149061000678,238.78280195485732,242.33584768941728,34724300
2025-10-01,244.4217529296875,245.81902814560354,238.1440427490887,240.2798631456683,31658200
2025-10-02,245.210205078125,246.32801300536266,241.82682587144092,244.6712510924991,25483300
2025-10-03,244.8708953857422,245.8190372139174,241.18809864914257,244.0125741538274,30249600
2025-10-06,249.94094848632812,250.82922509816828,244.10238160883648,244.30198799944458,28894700
2025-10-07,245.2800750732422,249.95094390133718,245.04055349112926,247.78518329877946,23181300
2025-10-08,244.14230346679688,245.52958847857047,243.3438778825467,244.4816510919942,21307100
2025-10-09,241.05833435058594,244.28202248032238,238.68297718710045,243.99259549865826,27892100
2025-10-10,236.10801696777344,243.61332042411627,235.37943159764913,240.9585114020794,33180300
2025-10-13,243.6732177734375,244.02254038501275,239.2419009980627,239.74092459803205,24995000
2025-10-14,244.97068786621094,246.63742490132327,240.04033214741565,240.75892736637323,22111600
2025-10-15,250.53977966308594,251.61767243328853,245.5096286311317,246.76716258187247,27007700
2025-10-16,250.96896362304688,256.4582081692579,249.61161877856424,251.27835582828322,27997200
2025-10-17,252.80535888671875,253.72356048353365,247.32607427452788,250.27031046967195,29671600
2025-10-20,256.04901123046875,256.82748687148535,253.73354951664797,254.19265795496185,22350200
2025-10-21,249.97091674804688,254.3822836916651,243.67322591369708,254.2425576881656,47312100
2025-10-22,251.19850158691406,255.85936494298178,248.8031791754094,253.87326076642051,35029400
2025-10-23,252.58578491210938,254.54194887812838,251.35819113136333,252.48597410141812,19901400
2025-10-24,259.4124450683594,261.16898745224296,254.82142179583195,256.07894057309267,28655100
2025-10-27,268.7441711425781,269.61249783187736,263.76392512831256,264.30287916974333,35235200
2025-10-28,266.9476623535156,270.2013056862688,265.9795554362353,269.1633281612099,29738600
2025-10-29,274.0338134765625,274.80229881772505,267.14729422835535,267.22712459889897,43580300
2025-10-30,280.9303283691406,291.02057063774566,279.5130879862653,291.02057063774566,74876000
2025-10-31,280.6408996582031,285.44150434001006,276.48901957648127,282.6569440736325,39267900
2025-11-03,283.1659240722656,284.972386884343,279.2535660437013,281.6289230119746,29786000
2025-11-04,276.9980163574219,280.7207127582489,275.72051721535576,276.20955057551157,30078400
2025-11-05,283.75482177734375,285.8607173914154,276.79843096748175,278.32544209852534,31010300
2025-11-06,284.19390869140625,287.78688430464956,280.59097331869594,284.772762601716,37173600
2025-11-07,278.2854919433594,283.225837847663,274.65261591386644,282.6569436244069,34479600
2025-11-10,289.5334777832031,290.2320924976737,282.30759586857965,283.8645774088431,29557300
2025-11-11,290.7411193847656,291.34994399814246,286.75892091303916,287.18807388729897,19842100
2025-11-12,286.15008544921875,291.43975353768866,283.1359940674285,291.11038092678234,24829900
2025-11-13,278.0260314941406,282.2876823136169,276.69861158680555,281.7886586854728,29494000
2025-11-14,275.8702087402344,278.01600396166356,270.1713681999226,270.8799731285475,31647200
2025-11-17,284.4634094238281,293.3759943011471,283.01625922074476,285.2219350622342,52670200
2025-11-18,283.7248229980469,288.23598483976616,277.65671014644306,287.3577289930973,49158700
2025-11-19,292.2381896972656,303.21670857801746,286.07026549054086,286.5992292728396,68198900
2025-11-20,288.884765625,305.8216273232207,288.1062900504894,303.94529376978943,62025200
2025-11-21,299.0747985839844,303.32648898994427,293.2761473513388,295.84113571634185,74137700
2025-11-24,317.9578552246094,318.85612204740676,308.9954110970811,310.52242205466104,85165100
2025-11-25,322.8083801269531,328.187838552192,317.0296784660599,325.5729598317621,88632100
2025-11-26,319.3252258300781,323.86632857763385,316.1713929045335,320.053780820363,51373400
2025-11-28,319.55474853515625,326.2117368304371,316.1713843298485,322.73852157316225,26018600
2025-12-01,314.2751159667969,319.2254218425781,313.27706870792247,317.0796263275952,41183000
2025-12-02,315.1932678222656,317.75825630619534,313.29698432996054,316.1214443613123,35854700
2025-12-03,319.0058288574219,320.9520026070636,313.4866291038915,315.2731421058358,41838300
2025-12-04,316.999755859375,321.73048997615604,314.0854750084747,321.6007694211511,31240900
2025-12-05,320.64263916015625,322.5289631420099,318.5467642354111,318.8661162174194,28851700
2025-12-08,313.3121643066406,320.02342950621124,310.8154143139121,319.63392187795114,33909400
2025-12-09,316.66778564453125,317.57660631064704,311.4945269093235,311.96391713296777,30194000
2025-12-10,319.7937316894531,320.8923078304596,314.27092168020465,315.4194206321133,33428900
2025-12-11,312.02386474609375,320.70257104825845,308.19885677560706,319.66391441105065,42353700
2025-12-12,308.887939453125,314.46067218572114,305.1627773855729,313.29221022339095,35940200
2025-12-15,307.8193359375,311.0151883437652,304.4836813703359,310.91531224146183,29151900
2025-12-16,306.1714782714844,310.3660001485481,302.1966411442108,304.55358908476643,30585000
2025-12-17,296.3342590332031,307.6894729197007,295.7350329501308,307.60959033164653,43930400
2025-12-18,302.0668029785156,303.56485302569047,298.8410213827925,301.32777470817274,33518000
2025-12-19,306.7607116699219,306.85059101726483,300.5787559089981,301.33777770154796,59943200
2025-12-22,309.3773193359375,309.7268704705607,304.90313186415943,309.4771954426739,26429900
2025-12-23,313.94134521484375,314.5305745464577,308.91788552805923,309.2274800840275,25478700
2025-12-24,313.6816711425781,314.67037436380235,311.5145092668577,314.360779810128,10097400
2025-12-26,313.10247802734375,314.6804107746781,311.8740659325972,314.0712183432231,10899000
2025-12-29,313.15240478515625,313.6117983030154,310.2162240166622,310.9652491009125,19621800
2025-12-30,313.4420166015625,316.5379928503015,312.0538089034933,312.09376543928346,17380900
