Price,Close,High,Low,Open,Volume
Ticker,KO,KO,KO,KO,KO
Date,,,,,
2021-08-30,48.45570755004883,48.47295810766718,47.98995236497559,48.033077113917756,10034700
2021-08-31,48.567840576171875,48.748966518403655,48.300461835109836,48.43846302303041,14185700
2021-09-01,48.89558410644531,48.99046052601663,48.54195590908417,48.62820869515236,9518900
2021-09-02,48.96459197998047,49.18884266919483,48.654088494754625,48.96459197998047,11653200
2021-09-03,48.930091857910156,48.964592977017276,48.516088299248175,48.69721423924883,13220400
2021-09-07,48.01581954956055,48.89557811847263,47.87781839895906,48.81795226562136,20035300
2021-09-08,48.66271209716797,48.714463774740736,47.96408254607819,47.96408254607819,12040100
2021-09-09,48.17970657348633,48.66270903965379,48.127954899165154,48.45570892278417,12545400
2021-09-10,47.96408462524414,48.41258931302686,47.8864587506239,48.30908595339462,10573700
2021-09-13,48.360836029052734,48.64546532328824,48.076210025025006,48.076210025025006,20274300
2021-09-14,48.395599365234375,48.64761531907715,48.273937405459186,48.59547305844216,13918900
2021-09-15,48.560707092285156,48.664988281820925,48.160956454826085,48.38690289969937,15746000
2021-09-16,48.100120544433594,48.65629456659269,47.63954229916947,48.42165942795656,17430400
2021-09-17,47.309326171875,47.96108949891333,47.24849519322127,47.813358069337035,33370200
2021-09-20,46.97909927368164,47.27456543194528,46.69232183402596,47.02254949680051,27542500
2021-09-21,46.97040939331055,47.63955346814335,46.874816909043055,47.265875565119316,16418200
2021-09-22,47.03993225097656,47.413610152772925,46.979101273013406,47.370156612765236,12719700
2021-09-23,46.96171188354492,47.46574036755219,46.926950383947435,47.15289350125296,13836200
2021-09-24,46.83135986328125,47.13551802483754,46.80529039501956,46.92695233362639,9682200
2021-09-27,46.58804702758789,47.144217915913,46.553285518307575,46.79660945318982,12429500
2021-09-28,45.74508285522461,46.457676974068185,45.56258996711466,46.457676974068185,19926100
2021-09-29,46.02317428588867,46.19697848017107,45.67556921236316,45.74508890105255,13941500
2021-09-30,45.597354888916016,46.34471056115892,45.562593389035165,46.20566456163551,17672000
2021-10-01,46.0753173828125,46.2317408290285,45.6842587672725,45.86675168284472,16277400
2021-10-04,46.04924774169922,46.518514763557576,45.536527184356785,46.110078713329735,18973400
2021-10-05,46.12745666503906,46.46637300499433,45.99710269657667,46.07531441464628,17173100
2021-10-06,46.6749382019043,46.727080455453454,45.63211633619644,45.8580627865368,21284500
2021-10-07,46.82266616821289,47.170271196561536,46.76183520537591,46.918258628396394,13774400
2021-10-08,47.03123474121094,47.265869906767755,46.840053110602604,46.926953550421004,13786800
2021-10-11,47.1268310546875,47.26587375875195,46.935646093459056,47.1094503022995,12378500
2021-10-12,47.1268310546875,47.64824368120885,47.11814233601328,47.29194322981417,19474400
2021-10-13,47.13552474975586,47.30063693070213,46.74446609484136,47.0746904567339,12143300
2021-10-14,47.457054138183594,47.63085833024391,47.19634950761274,47.26586919541332,13704000
2021-10-15,47.344078063964844,47.6916864271447,47.178965914725886,47.48312074622898,17867000
2021-10-18,46.874813079833984,47.26587170396463,46.80529338834377,47.23111020069981,15861800
2021-10-19,47.05729675292969,47.10074696289236,46.727069190144064,46.9617043019887,11068500
2021-10-20,47.47444152832031,47.58741145117531,47.02255189178121,47.083382870253814,12474800
2021-10-21,47.231109619140625,47.50919501175624,47.109447674251214,47.448364039311535,14388300
2021-10-22,47.31801986694336,47.387539567113734,46.98779217477453,47.2658776055357,12828600
2021-10-25,47.1268310546875,47.33539676830395,46.944338127172834,47.25718504007772,11855000
2021-10-26,47.33539962768555,47.43099211407421,47.126833901470306,47.20504563442105,12086700
2021-10-27,48.247859954833984,48.734511028506326,48.03060554400442,48.638918557335046,24019800
2021-10-28,48.69974899291992,48.760579962081735,48.33475986290985,48.44773308351287,15928000
2021-10-29,48.98651885986328,49.073422604764,48.47379836758524,48.55201008047643,24463700
2021-11-01,48.812713623046875,49.01259057445019,48.57808180451727,49.00389854262979,11651100
2021-11-02,48.75189971923828,49.09950818283185,48.63892978635437,49.07343870832633,11498900
2021-11-03,48.91699981689453,48.95176131530813,48.47379899971849,48.664983925954346,10788300
2021-11-04,49.186397552490234,49.21247033615783,48.69105775831619,48.76058076137744,10820200
2021-11-05,49.39497756958008,49.67306303238237,49.177723094575775,49.39497756958008,12886700
2021-11-08,48.95176696777344,49.43841474160132,48.777962770675195,49.31675279814435,12828000
2021-11-09,49.0908088684082,49.1168783372875,48.74320047983423,49.021285864677694,10155800
2021-11-10,49.29068374633789,49.4644846298689,48.917005879675365,49.134260299128485,8813600
2021-11-11,49.308067321777344,49.42972927323288,49.160332584267366,49.38627904986155,7257700
2021-11-12,49.195091247558594,49.525318893178515,49.142948993500916,49.316753191987154,10162500
2021-11-15,49.20378112792969,49.25592338321899,48.899626259674015,49.12556940251545,10289200
2021-11-16,48.856178283691406,49.48186880072868,48.83010549732848,49.203783389814426,13756500
2021-11-17,48.586788177490234,48.70845014687658,48.360844993635595,48.69976142693757,13288700
2021-11-18,48.15226745605469,48.6041570281258,47.91763229468858,48.517256589859485,15380100
2021-11-19,47.90894317626953,48.22179005547502,47.70906951789695,48.178336521666,15813700
2021-11-22,48.204410552978516,48.682369601899474,47.86549419674437,47.88287163267085,16905600
2021-11-23,48.560707092285156,48.76058075349507,48.2304794578761,48.36952214893687,13835900
2021-11-24,48.169639587402344,48.52593662460238,47.82203126645852,48.41296342303984,12598900
2021-11-26,46.692317962646484,47.57871636394385,46.561967304097585,47.43967367246814,14754300
2021-11-29,47.43098831176758,47.561338979542754,46.86612547295668,46.97040667018472,22712500
2021-11-30,45.933433532714844,46.96682656985419,45.92467409605051,46.94055160060743,30485200
2021-12-01,45.80208206176758,46.8705064755581,45.784566524078706,46.39759698020027,18719600
2021-12-02,46.47640609741211,46.71286079863072,45.98598116072759,46.06479939446713,17074200
2021-12-03,46.88801574707031,46.94931845041517,46.39759077956466,46.70410763703573,21064400
2021-12-06,48.087806701660156,48.38556415315561,47.4134735514867,47.562353947607996,26624100
2021-12-07,48.35052490234375,48.53443300108741,48.03525196692801,48.18413233787281,23832700
2021-12-08,48.166622161865234,48.47313569386923,47.606138365773944,48.271712038445614,18026300
2021-12-09,48.04401397705078,48.28046869127403,47.80755926282753,47.94768020376574,13846400
2021-12-10,49.2875862121582,49.32261728208325,48.227921402525745,48.385557876441766,23153600
2021-12-13,50.58370590209961,50.732586279406405,49.8831012049854,49.9006167400066,31362800
2021-12-14,50.61874008178711,50.942769147718394,50.26843938208345,50.26843938208345,24806600
2021-12-15,50.846431732177734,51.012824291145364,50.48737164332915,50.732582433543854,24923800
2021-12-16,51.363136291503906,51.56455994926213,50.70631870895653,50.77637751390648,24696900
2021-12-17,50.557437896728516,51.599587249648835,50.53116626268546,51.22301491229287,51874400
2021-12-20,50.39104461669922,50.60122436763244,49.91813516597911,50.09328718558806,20879500
2021-12-21,50.592472076416016,50.76762410920289,50.38228896892233,50.45235111833595,15864900
2021-12-22,50.95153045654297,50.96028655453955,50.34725947236753,50.53992369501572,12447400
2021-12-23,50.986549377441406,51.328093910601105,50.741335262272045,51.249275684429925,11027300
2021-12-27,51.363136291503906,51.398164023605396,50.793893050330716,50.793893050330716,9860000
2021-12-28,51.56455612182617,51.61709938645181,51.056615625466755,51.144193301087384,8979900
2021-12-29,51.6258544921875,51.75721598347509,51.371884265319785,51.6258544921875,9996000
2021-12-30,51.47697830200195,51.87106948932395,51.4594627669269,51.72219245230605,7703900
2021-12-31,51.85354995727539,51.976155352603406,51.40691553990241,51.450702703841486,10021300
2022-01-03,51.932376861572266,51.94113630027082,51.12668222015033,51.51201400421121,20187300
2022-01-04,52.79936981201172,53.01830897692395,52.18633948210818,52.30894487993958,26141600
2022-01-05,53.23725128173828,53.59631139974163,52.58918984544733,52.62422091567856,22507300
2022-01-06,52.957008361816406,53.52624820853933,52.9307333892854,52.957008361816406,17902300
2022-01-07,52.83440399169922,53.17594857455708,52.59794927877914,52.79061348354063,12307900
2022-01-10,52.92197799682617,53.26352257755626,52.703038820384144,53.02706786610926,20954300
2022-01-11,52.93950271606445,52.97453379215177,52.40529049834839,52.92198717802079,19369600
2022-01-12,53.018310546875,53.149672045264225,52.71179370247354,53.00955110920108,15753800
2022-01-13,53.333587646484375,53.45619305750553,52.88694983119658,53.01831468057461,14318000
2022-01-14,53.76270294189453,53.81524954623437,52.8606746155807,53.368611761212435,19729600
2022-01-18,53.333587646484375,53.58755456613667,52.93949643909718,53.473708593472395,21976700
2022-01-19,53.42115783691406,53.57879430762698,53.03582609780839,53.12340043009484,18654700
2022-01-20,53.20221710205078,53.80648799486211,53.17594547128619,53.421156267079795,23002400
2022-01-21,52.93950271606445,53.68389470880983,52.895715541328954,53.491230471824174,26643200
2022-01-24,52.510379791259766,52.85192442737538,51.29307830736164,52.457836518471055,30185100
2022-01-25,52.38776779174805,52.589191440567085,51.39816174255293,51.98492049410998,19027100
2022-01-26,52.195106506347656,52.85192413859572,51.85356187209822,52.361502444595395,19190200
2022-01-27,52.238895416259766,53.359863071820016,52.10753055754693,52.44031908307156,18893800
2022-01-28,53.28104019165039,53.324827360498084,51.61710104946344,52.01119225058633,19101500
2022-01-31,53.42991638183594,53.54376569162185,52.67676840372432,52.808129908172575,22045300
2022-02-01,53.03583526611328,53.54377249452575,52.68553119491714,53.342348822849495,20841700
2022-02-02,53.578792572021484,53.65761080482475,53.03582437979154,53.0883676411627,20225600
2022-02-03,53.95537185668945,54.10424889498735,53.062099604661825,53.36861311924382,19440500
2022-02-04,53.386131286621094,54.016677222845935,53.044586684748275,53.85028464111857,17403700
2022-02-07,53.94660949707031,54.05170270273259,53.29855143255247,53.75394530151595,17846400
2022-02-08,54.29691696166992,54.58591828454049,54.06922168304957,54.148039921946385,18771700
2022-02-09,53.45619201660156,54.57715957067812,53.333586607967796,54.445794723858036,23595600
2022-02-10,53.75395202636719,54.55964665942775,52.72055875996551,52.860679710965044,23561500
2022-02-11,52.79936981201172,54.27939736414962,52.67676441418032,54.09548926740251,22781400
2022-02-14,53.14091873168945,53.23725250666852,51.91485797135972,52.68552483044546,23641300
2022-02-15,53.342350006103516,54.10425753599666,53.097139155275215,53.38613718078753,13408700
2022-02-16,53.333587646484375,53.77146602341529,53.03583021654148,53.29855657455065,15484700
2022-02-17,54.402000427246094,54.542121353146584,52.90445740529471,53.02706279786433,21468700
2022-02-18,54.76982498168945,55.0150357893754,54.28815946341489,54.402005429413826,21975000
2022-02-22,54.54212188720703,54.85739480875678,54.051700312126464,54.67348671810157,21731400
2022-02-23,53.9378547668457,54.585916188529055,53.71891559395556,54.50709795265874,19248500
2022-02-24,52.992042541503906,53.08837632410239,51.86231880754575,52.51913640808408,27207400
2022-02-25,55.04131317138672,55.08510368368817,53.351102291560004,53.368617828331175,21487800
2022-02-28,54.507102966308594,54.59467730722122,53.78022324189537,53.99040633713141,25879100
2022-03-01,54.270652770996094,54.953742041274815,53.86780208319972,54.419529831134895,15871100
2022-03-02,54.67349624633789,55.067587466955416,54.10425300091846,54.49834422153599,17319100
2022-03-03,54.70852279663086,55.19018831945599,54.55088632141584,54.83112820163216,21262800
2022-03-04,54.79609680175781,54.8136123367593,53.59631105050309,53.824006324028986,17163000
2022-03-07,53.49121856689453,54.35821579224056,53.17594563376996,54.305669189804284,29151400
2022-03-08,51.371883392333984,53.894063403003386,51.3105806959589,53.81524517327164,30242100
2022-03-09,51.634613037109375,52.40527985071079,51.37188670132948,52.38776431622592,23022700
2022-03-10,50.68880081176758,51.371889996763834,50.35601231670027,51.214253517034415,20887300
2022-03-11,50.72383117675781,51.53828525074572,50.67128790795021,50.75886224979422,19855600
2022-03-14,51.65923309326172,52.10046329727047,51.15623092999728,51.15623092999728,17799400
2022-03-15,52.61229705810547,52.850561810607665,52.047522844612786,52.13577091942092,18607200
2022-03-16,52.47110366821289,52.89468432965212,51.72101354476589,52.75349077583905,17347300
2022-03-17,53.02704620361328,53.071168550876095,52.268129711943345,52.471095202407746,15586200
2022-03-18,53.03586959838867,53.21236235466391,52.691710575127594,53.21236235466391,30197800
2022-03-21,53.45946502685547,53.918341578751516,53.168251411589075,53.38886656267451,17440100
2022-03-22,53.653594970703125,53.785965385431496,53.00057611938586,53.76831577237975,17559500
2022-03-23,53.30061340332031,53.812438722253695,52.94762787098593,53.60947321937326,15529200
2022-03-24,53.812435150146484,53.847734374300636,53.35355533510036,53.51239847747476,13151300
2022-03-25,54.29779052734375,54.368388979328,53.87420991439665,53.93598187672313,12259800
2022-03-28,54.64195251464844,54.659602128597264,54.01540636790362,54.297793458445504,11485200
2022-03-29,54.8537483215332,55.18025778644093,54.48311650185198,54.897870676306695,14720600
2022-03-30,54.897865295410156,54.897865295410156,54.32426800693694,54.72137252729549,13641000
2022-03-31,54.71255874633789,55.27733300768887,54.71255874633789,54.90670116104734,16822900
2022-04-01,55.48029327392578,55.55089173304416,54.79197512912066,55.00376714015598,12644900
2022-04-04,55.1890869140625,55.40970206479062,54.465469488979885,55.24203239579242,11505800
2022-04-05,55.1273078918457,55.806802873157345,55.03905982304701,55.06553592684643,15721200
2022-04-06,55.68326187133789,55.824455431056855,54.97729407274305,55.39205162718252,19267400
2022-04-07,55.9832878112793,56.1862533038425,55.339092108886696,55.70972723562945,13960800
2022-04-08,56.327449798583984,56.512765677466305,55.736199571167916,56.01858663412745,12703500
2022-04-11,56.309810638427734,56.74221780240135,56.15979058982956,56.398055349612584,12720100
2022-04-12,56.971649169921875,57.19226430051499,56.3804022357658,56.812806006589256,18089900
2022-04-13,57.12167739868164,57.24522134363424,56.6804471002395,56.86576301766839,11883000
2022-04-14,57.37757873535156,57.86293470330335,57.201089328445086,57.324633259807484,16388400
2022-04-18,56.86575698852539,57.51877587584479,56.63631537252261,57.15696383781581,11679400
2022-04-19,57.42170333862305,57.580546494810854,56.86575565828532,56.91870113280153,11993800
2022-04-20,58.207096099853516,58.45418397251256,57.71292035453543,57.7482195838638,14827100
2022-04-21,58.427711486816406,59.12485612063316,57.99530770778967,58.22474933309838,15120400
2022-04-22,57.58055114746094,58.54242991963651,57.51877917798764,58.31299502310125,14902200
2022-04-25,58.18944549560547,59.301340839337705,57.16578811962954,59.124851438546926,25082000
2022-04-26,57.404056549072266,58.568904105899556,57.395230059189885,57.818807316596654,21982600
2022-04-27,57.8541145324707,58.48948723895759,57.359938753043146,57.359938753043146,16971000
2022-04-28,58.41006851196289,58.48948673326709,56.91870796283301,57.059904888671575,22010600
2022-04-29,57.015777587890625,58.268869973140134,56.90987989644314,58.12767978384995,20137100
2022-05-02,55.9832878112793,57.633487853471834,55.224374678080984,57.607015118104265,24970300
2022-05-03,55.66560363769531,56.424516753848906,55.3037916420947,56.23037775498137,21686300
2022-05-04,57.38640594482422,57.46583089177524,55.542063342447655,55.595012184975104,19780200
2022-05-05,56.92753219604492,57.38640872154069,56.486301919259105,57.08637536499341,20155200
2022-05-06,57.130496978759766,57.63349924810759,56.539249996527076,56.65396745001341,18984000
2022-05-09,57.015777587890625,57.67762301099788,56.5127753356347,56.892233647521785,20055300
2022-05-10,56.486297607421875,57.64231868991203,56.3451006979615,56.918701360525645,21322200
2022-05-11,56.75102996826172,57.53641923822171,56.44217015411548,56.768682947720926,19648400
2022-05-12,56.92753219604492,56.94517844475488,55.78033078334592,56.6186723488228,22574700
2022-05-13,57.99530029296875,58.06589874290521,56.58336495743328,57.192258073378696,16167000
2022-05-16,58.207096099853516,58.577727908842085,57.7482195838638,57.7482195838638,13223200
2022-05-17,58.04824447631836,58.33063153716078,57.368752925510805,58.33063153716078,21300600
2022-05-18,54.006587982177734,57.8188140389461,53.79479596253063,57.730569327779776,31437300
2022-05-19,52.9476318359375,53.79479313739576,52.647595120881064,53.79479313739576,31493900
2022-05-20,53.812435150146484,54.041876740829196,52.64758768361375,53.380031436375624,29133800
2022-05-23,55.471466064453125,55.68325469357128,54.350740855884226,54.403689696323546,19406900
2022-05-24,56.4951171875,56.64514058649067,55.3743953358918,55.48911614130855,16154200
2022-05-25,56.53924560546875,56.89223116223405,56.12448808121749,56.47747363798279,15360500
2022-05-26,56.742210388183594,57.44817471805745,56.44217033019196,56.53924151960346,16159800
2022-05-27,57.07754898071289,57.20991941052332,56.601019472979175,56.70691716335547,17709000
2022-05-31,55.93034744262695,56.75985910090104,55.63913386174115,56.54807046600197,43159000
2022-06-01,55.65678787231445,56.19508935854556,54.82727614851303,55.96564772524054,15408300
2022-06-02,56.23920440673828,56.24803089642932,54.80961941186339,55.753851829635266,14586000
2022-06-03,55.56853485107422,56.15095860542799,55.427341315664805,56.09800976727968,13539900
2022-06-06,55.48029327392578,56.27450910740846,55.294977368219755,55.88622768121682,15112800
2022-06-07,55.81562805175781,55.92152237189518,54.90669479074597,55.047888339702375,17886300
2022-06-08,55.497947692871094,55.78033482114975,55.206737439598776,55.58619577440824,10211500
2022-06-09,54.536067962646484,55.9038813085679,54.51841834553728,55.480300596907604,13382200
2022-06-10,54.191898345947266,54.615478975545145,53.35356021043664,53.83891280478924,14967600
2022-06-13,54.130130767822266,54.96846897127064,53.5388804434164,53.609478903897056,23064200
2022-06-14,52.6457633972168,54.12123123246396,52.13912707605993,53.9790175877645,24620000
2022-06-15,53.0368537902832,53.89902597894606,52.41467117025948,53.330171360272374,19684700
2022-06-16,52.50355911254883,52.90353611914688,51.77471362969964,52.12135923853751,15053800
2022-06-17,52.82353210449219,53.445718081009524,52.55688194045356,53.06351826931919,34781900
2022-06-21,53.952362060546875,54.11235285978558,52.45022659998806,52.876870991718796,17705000
2022-06-22,54.35234069824219,54.61899090813674,53.61460494720451,53.86347802435391,15207100
2022-06-23,55.00117874145508,55.027842739413266,54.423433920996345,54.48565217665921,17190900
2022-06-24,56.0322380065918,56.05001513846647,55.20562002294616,55.20562002294616,18147100
2022-06-27,55.916683197021484,56.25444189026369,55.66781015496981,55.978901457534405,12142100
2022-06-28,55.356719970703125,56.672197199703646,55.20561943733308,56.067791675582264,13150100
2022-06-29,55.756690979003906,56.0944496635441,55.490040813584095,55.58781333205422,11795500
2022-06-30,55.916683197021484,56.09445110876164,55.25005607097657,55.39226972224052,15514200
2022-07-01,57.2232780456543,57.285496314851635,55.83669559995199,56.10334580946079,15143200
2022-07-05,56.24555206298828,57.04550597665923,55.48115241006737,57.04550597665923,15921200
2022-07-06,56.361106872558594,56.965512407411914,56.165561811180574,56.52998454061336,13450500
2022-07-07,55.916683197021484,56.51220519275487,55.73002841548272,56.22777449958608,14828400
2022-07-08,56.121116638183594,56.36998968701744,55.89002072007231,56.02334411453001,11311500
2022-07-11,55.94335174560547,56.4055469974529,55.63226041774718,55.9877962701348,12702100
2022-07-12,55.703365325927734,56.39665989618283,55.52560079110243,55.99668291154357,14731100
2022-07-13,55.44559860229492,55.99667605215898,55.090062794913806,55.401157474032466,13145300
2022-07-14,55.26783752441406,55.33005578979386,54.48566068595793,54.51232807872154,14433000
2022-07-15,55.55226516723633,55.97001928629912,55.170065311634445,55.77447422790527,21968400
2022-07-18,54.796749114990234,55.60558986274575,54.67230920787026,55.57003560356862,10780800
2022-07-19,55.57892608642578,55.68558887089171,55.045625726660134,55.18783938197371,10998200
2022-07-20,54.663429260253906,55.62337403574663,54.35233792966341,55.463383239831174,11010500
2022-07-21,54.53899002075195,55.00118525371573,54.03235365571572,54.450104365966006,11959600
2022-07-22,54.74342346191406,54.99229652094788,54.50343727328525,54.5567686676387,11644700
2022-07-25,55.2767219543457,55.37449447866604,54.494548541065036,54.70786732990848,14941700
2022-07-26,56.18333435058594,56.70774783452609,55.578925474497595,55.77447051989116,20118000
2022-07-27,56.00557327270508,56.16556407653258,54.92119530199148,55.89002699599518,12142900
2022-07-28,56.938838958740234,57.107719989419365,55.89890233896961,55.92556633722814,10837000
2022-07-29,57.03662109375,57.143283886056594,56.556652090935316,56.62775722849847,13734200
2022-08-01,57.34770584106445,57.809904440022244,56.912178023081765,56.965506022468546,12831500
2022-08-02,56.56553649902344,57.41881845648053,56.37888170657491,57.4099281955214,15241900
2022-08-03,56.814422607421875,56.97441343502941,56.27223523679842,56.48555407984722,11317000
2022-08-04,56.59220504760742,56.6455364457239,55.925577829037664,56.56554104386987,11795600
2022-08-05,56.33443832397461,56.55664737010349,55.70336205608144,56.55664737010349,10445400
2022-08-08,55.97002029418945,56.716642887107696,55.774475232274284,56.44110242628553,9165200
2022-08-09,56.04112243652344,56.272221750188216,55.86335451616001,56.15667209335582,7910900
2022-08-10,56.57442092895508,56.69885744442864,56.08555834582214,56.55664379951018,8857300
2022-08-11,56.192222595214844,56.87662683889752,56.06778607647996,56.609973280876105,8507800
2022-08-12,56.61887741088867,56.67220542304386,56.07668668303304,56.37889118426527,9489300
2022-08-15,57.32993698120117,57.498818035342175,56.50331901394186,56.56553727894924,9863300
2022-08-16,57.80101776123047,57.978789072337854,57.17883512555995,57.39215391760668,9569600
2022-08-17,57.66769027709961,57.96989811169308,57.56103427300478,57.62325253582078,8144000
2022-08-18,57.969905853271484,58.085452133565504,57.51659743148534,57.73880651140049,6532000
2022-08-19,57.92545700073242,58.19211058923853,57.73880220129113,57.96101126461873,8921100
2022-08-22,57.06328201293945,57.70324516963191,56.87663061309224,57.63213664527005,9087900
2022-08-23,57.1254997253418,57.214388770577656,56.601089621116905,56.72552614690864,8443800
2022-08-24,57.205501556396484,57.40104661627825,56.92996448908077,57.09883876520213,6844700
2022-08-25,57.48104476928711,57.516599036819834,56.79664376781074,57.2055076725124,7913900
2022-08-26,56.094451904296875,57.59658721963163,55.9789022514309,57.53436895823633,10089500
2022-08-29,55.756690979003906,56.02334114442371,55.472263683804,55.72113671944371,9115900
2022-08-30,55.24117660522461,55.91669069160815,55.09896293489958,55.91669069160815,8456800
2022-08-31,54.85008239746094,55.57892782760644,54.841195527130864,55.445604428808764,14633600
2022-09-01,55.10784912109375,55.14340338589353,54.476776178783524,54.734539512619975,14939700
2022-09-02,54.35234069824219,55.79225454418585,54.130131624889835,55.454495803310685,11809800
2022-09-06,54.378997802734375,55.081179199192874,54.21012014904374,54.476770325107196,12181800
2022-09-07,55.383384704589844,55.543375491442355,54.50343537690103,54.50343537690103,13290700
2022-09-08,55.214500427246094,55.374491204739996,54.52120931853306,55.17894955830142,17193500
2022-09-09,55.392276763916016,55.890026301936075,54.98341288838596,55.258949965501664,11855900
2022-09-12,55.55226516723633,55.827805623096644,55.34783323829784,55.490046901500314,13026900
2022-09-13,53.74793243408203,55.303395967418965,53.57905136616637,55.285618834446716,18532800
2022-09-14,54.032352447509766,54.290115754663645,53.72125774867685,53.89902566363266,12881600
2022-09-15,53.29820251464844,54.077130509381675,53.14600031371848,54.077130509381675,11451900
2022-09-16,53.30714797973633,53.53992877898618,52.92216159164644,53.414585008977674,20493500
2022-09-19,53.710044860839844,53.80852681889689,53.029602325597764,53.17285284638107,12596200
2022-09-20,53.62945556640625,53.74584424334012,53.11017039721401,53.4324848587318,11984600
2022-09-21,53.181800842285156,54.34571159555939,53.172845764787816,53.84433313191081,14165300
2022-09-22,53.056461334228516,53.477261238035034,53.00274452292512,53.31610397340113,11657600
2022-09-23,52.465553283691406,52.913211599816286,51.92836467048631,52.78786781775923,14824000
2022-09-26,51.81196975708008,52.43869204891978,51.65081249873953,52.36706849819161,18670100
2022-09-27,50.47795104980469,52.259629177749645,50.415279160803316,51.999989958470444,23829300
2022-09-28,51.015140533447266,51.25687643038596,50.05715202448385,50.72863948863738,21480100
2022-09-29,50.648048400878906,51.29267730085396,50.13771832685232,51.113613338043,14570700
2022-09-30,50.1556282043457,51.149430015564256,50.137721465407566,50.91664582472971,16124600
2022-10-03,50.71968460083008,50.898745180931535,50.19144769266284,50.46004197817667,16277600
2022-10-04,50.83607482910156,51.758253238192104,50.54957379385841,50.988280425215464,18861400
2022-10-05,50.352603912353516,50.71968355859705,49.69901983003938,50.58538471091901,14324900
2022-10-06,49.269264221191406,50.22725257027932,49.12601372269306,50.13772228947834,17192800
2022-10-07,48.8037109375,49.32299625354507,48.57093010244118,49.23346595129832,11479800
2022-10-10,48.69626235961914,49.20659247536732,48.36499622132114,48.88427799902925,10239100
2022-10-11,48.77684783935547,49.439383624500984,48.56197376848142,48.75894109755567,14303900
2022-10-12,49.36775588989258,50.173542181548974,49.27822559764708,49.44833451905822,18377400
2022-10-13,50.021331787109375,50.209350847364604,48.579871678867214,48.77684240134345,16220700
2022-10-14,49.224510192871094,50.55853353626417,49.18869670632155,50.39737626215327,15997900
2022-10-17,49.86017990112305,50.334700018491766,49.75274286612108,49.806463091302945,13721400
2022-10-18,50.53166961669922,50.836077409013875,50.22726182438457,50.4152809132862,11823100
2022-10-19,50.10191345214844,50.62119869190915,49.89599105494176,50.415276294702466,10182300
2022-10-20,49.31403732299805,50.066099947922744,49.20659687769886,49.93180451434116,16905100
2022-10-21,50.10191345214844,50.236212301151824,49.23345871877446,49.242410381539266,15034100
2022-10-24,51.543373107910156,51.68662361817744,50.64805656489923,50.71072844968106,17416700
2022-10-25,52.778907775878906,52.92215827768428,51.7045273046579,52.85948639660452,28829900
2022-10-26,53.172855377197266,53.522028324765714,52.698338644897795,52.83263409338305,15831400
2022-10-27,53.29820251464844,53.575751923556375,53.163907057715335,53.513080027248485,16026100
2022-10-28,54.39943313598633,54.53373198724969,53.24447735964043,53.33400765024156,12888900
2022-10-31,53.58470153808594,54.22933063586472,53.42354426364124,54.175610405929135,14016400
2022-11-01,53.39667510986328,53.978632196608245,53.15493924684744,53.74584799576571,10659500
2022-11-02,52.6535758972168,53.924923960752594,52.61776240984229,53.396686975746086,14549200
2022-11-03,52.626705169677734,52.82367590154836,52.01788964876995,52.026844726779466,9194000
2022-11-04,53.056461334228516,53.35191745784463,52.4297424332765,53.09227481867202,9725900
2022-11-07,53.26238250732422,53.513070045796624,53.038553372156265,53.05645669745153,8849700
2022-11-08,53.360870361328125,53.53098270870708,52.769961515725626,53.495169223431304,10081600
2022-11-09,52.61775588989258,53.3966803592786,52.59984914842418,53.35191521328846,10115200
2022-11-10,54.50687789916992,54.65012842469176,53.43249725007516,53.94282746070683,16804800
2022-11-11,54.900814056396484,55.01720617158317,53.907012076378834,54.94557920366465,18972100
2022-11-14,54.3725700378418,55.25893486586357,54.35466329819515,54.90080690365326,16361000
2022-11-15,54.28303909301758,55.01719833277082,53.7189887547911,54.73069733264084,13295800
2022-11-16,54.18456268310547,54.6411726601771,53.978640268711445,54.426298582271116,14199500
2022-11-17,54.354671478271484,54.38153329946471,53.835389611814996,53.88910642347767,11212600
2022-11-18,54.739654541015625,54.94557694226347,54.43524677061409,54.60535910473833,10415600
2022-11-21,55.58125305175781,55.69764174417314,54.79337353162122,54.981389187395145,15399400
2022-11-22,55.8229866027832,55.95728545401751,55.554392315676246,55.93042704991531,12319600
2022-11-23,56.07367706298828,56.21692757585601,55.77822095905767,55.948333291149225,8990400
2022-11-25,56.12739944458008,56.23483990142173,55.84985346947739,56.163212930193964,5165500
2022-11-28,56.13634490966797,56.494469458387954,56.0110011468479,56.127389832117174,12267500
2022-11-29,55.93937301635742,56.019951635820114,55.49171477831164,55.9751864950878,10969600
2022-11-30,57.35499572753906,57.4181120953908,55.677895805572184,55.91232753765233,30433900
2022-12-01,57.51729965209961,57.805832620772215,57.19269920244686,57.354999427273235,12001400
2022-12-02,58.022220611572266,58.175502219901674,57.16564044345624,57.35498952653976,13643500
2022-12-05,57.228759765625,57.52630784878293,57.03940723316026,57.17465855069452,9185100
2022-12-06,57.20171356201172,57.59844896813939,57.012364448860374,57.27384852297466,10099500
2022-12-07,57.2918815612793,57.45418178187317,57.0303974903687,57.21073145098236,12307600
2022-12-08,57.53532791137695,57.5713919493371,57.1205587987876,57.34597537406235,9946200
2022-12-09,56.93120574951172,57.56237280438906,56.886123125502706,57.35498998228062,13914900
2022-12-12,57.679595947265625,57.71566342578853,56.81399366063625,57.075477720551206,11647900
2022-12-13,57.69762420654297,58.337802971809495,57.52630541962266,58.23861913508379,17521600
2022-12-14,57.69762420654297,58.29272378731348,57.31892259718879,57.877958142445735,12826700
2022-12-15,56.90415954589844,57.607458144432044,56.34512741474567,57.33695894804096,12212300
2022-12-16,56.57955551147461,56.93120478822449,56.20085734869279,56.57955551147461,33631500
2022-12-19,56.660709381103516,57.1746588874264,56.32709381936043,56.65169423168728,10919700
2022-12-20,56.615623474121094,56.940223867638174,56.57955599937837,56.64267236038628,10286500
2022-12-21,57.52631378173828,57.751733814071954,56.868097743660044,56.868097743660044,10411300
2022-12-22,57.111541748046875,57.33695831581789,56.48939325924907,57.18367326114999,9666700
2022-12-23,57.544342041015625,57.5894246673547,56.985309907326425,57.25580910494482,6463300
2022-12-27,57.89598846435547,57.96812341457991,57.44515534420397,57.64352301773743,7320700
2022-12-28,57.31892395019531,58.292725163306464,57.2467924378818,58.1214063723422,7159400
2022-12-29,57.661563873291016,57.84189783152958,57.43614728538885,57.52631254471605,7169300
2022-12-30,57.35499572753906,57.63451008814416,56.95826034151778,57.63451008814416,7650200
2023-01-03,56.75989532470703,57.30991232823256,56.06561184809152,57.30991232823256,12180500
2023-01-04,56.732845306396484,57.102531813300864,56.36316223907628,56.940231594517925,13387900
2023-01-05,56.08364486694336,56.62464327418719,55.975445873411395,56.44430932524459,9814700
2023-01-06,57.1656379699707,57.409084815068034,56.426271967421414,56.72382002230903,9990000
2023-01-09,56.453330993652344,57.45418119726938,56.42628210368999,57.07547953987561,9442600
2023-01-10,56.02053451538086,56.56153298070885,55.83118195689014,56.44431538537352,10134600
2023-01-11,55.91232681274414,56.40824603884111,55.37132839829076,56.24594582658829,10823000
2023-01-12,55.19099807739258,56.065615563222195,54.97460007321024,56.00249919203699,13907300
2023-01-13,55.38936233520508,55.416411224149144,54.631962488514894,54.73114633408852,13986400
2023-01-17,55.614768981933594,56.24593598137325,55.50657000589873,55.65985160198283,18327800
2023-01-18,53.92865753173828,55.5336222930078,53.811439960760644,55.46148734484198,19679400
2023-01-19,53.84750747680664,54.677038743858205,53.838488888487056,53.85652262554257,14894500
2023-01-20,54.17211151123047,54.181126660573256,53.5589781684047,53.847511101548136,14237700
2023-01-23,54.307369232177734,54.61393595915636,54.145068997919374,54.35245186623072,12613400
2023-01-24,54.595890045166016,55.768055467125535,53.919640366391256,54.172109252050774,10103300
2023-01-25,54.938533782958984,54.9475489335018,54.00079990562707,54.28031772663495,11265800
2023-01-26,54.8303337097168,55.09181434537334,54.61393226547992,54.8303337097168,11884800
2023-01-27,54.54179763793945,54.965578472745634,54.4335952021904,54.85737947658066,14087000
2023-01-30,54.67704772949219,55.154929801455644,54.5147475089038,54.58688246898051,15632000
2023-01-31,55.29018020629883,55.30821394601613,54.55982922587653,54.98361351027289,14344400
2023-02-01,55.299190521240234,55.52460707460009,54.65900489561467,55.12787173935321,12535400
2023-02-02,54.352439880371094,55.01967441180334,54.01882433444685,54.821306738213046,16947200
2023-02-03,53.946693420410156,54.4786732062244,53.40569160633988,54.415556843853764,15404400
2023-02-06,54.253257751464844,54.40654280576923,53.847510682106346,53.910627045765835,11330900
2023-02-07,54.1630859375,54.31637097323094,53.68520397353022,53.80241809779004,14922700
2023-02-08,53.84750747680664,54.02783796819444,53.73028990573765,54.02783796819444,11012000
2023-02-09,53.757347106933594,54.38851424317334,53.73931336708855,54.235232613866756,12515300
2023-02-10,53.757347106933594,54.00981602518,53.09011593058794,53.8475158061588,14420700
2023-02-13,54.64097595214844,54.785242421371635,53.856527240721306,54.009812299036916,16191800
2023-02-14,53.73029327392578,54.91147732822915,53.70324438643873,54.28932539935602,20505700
2023-02-15,53.73029327392578,54.036859943919886,53.40569286574569,54.00981105643283,13171400
2023-02-16,53.39667892456055,53.93767732404504,53.15322861291734,53.40569407406558,16538300
2023-02-17,54.20817565917969,54.307359500072806,53.54094453976325,53.64914353001761,16814700
2023-02-21,53.91964340209961,54.30736018159253,53.84751188755279,54.09096219836815,14278300
2023-02-22,54.081939697265625,54.42457382543418,53.87455687851677,53.964722125074125,12409600
2023-02-23,54.18112564086914,54.47867371775543,53.92866018901607,54.10899068914894,12222800
2023-02-24,53.955711364746094,54.018827730386555,53.54996084306889,53.8114448947702,9736200
2023-02-27,53.93768310546875,54.37048255936365,53.86555158294509,54.262283555786,8849800
2023-02-28,53.65816879272461,53.829487619132934,53.32455317013743,53.829487619132934,16082200
2023-03-01,53.07208251953125,53.36061547967106,52.63026448955105,53.31553284957125,13275800
2023-03-02,53.84750747680664,53.90160524838952,53.017972770171426,53.05404024428244,11758300
2023-03-03,53.59503936767578,53.811440775867545,53.387656547933176,53.694223203114355,13101800
2023-03-06,54.424583435058594,54.44261717547098,53.3966843086428,53.432748349883276,16282700
2023-03-07,54.10900115966797,54.613935600666714,53.87456940038055,54.54180407457231,13961200
2023-03-08,54.13604736328125,54.39753142488997,53.85652956229426,54.13604736328125,10851600
2023-03-09,53.61307907104492,54.586880356896756,53.450778856736285,54.586880356896756,13900900
2023-03-10,53.38766098022461,54.22621091726135,53.189296732462786,53.829478982153724,13745800
2023-03-13,53.92865753173828,54.88442151784995,53.423723213328444,53.459790687411356,21956000
2023-03-14,54.12702178955078,54.51473853719446,53.51388848814141,54.09997290376567,19496900
2023-03-15,54.48768997192383,54.53277259502543,53.414708407937624,53.58602375155717,21089900
2023-03-16,54.78752517700195,54.82386930957718,54.24237705224263,54.596723679932914,15658300
2023-03-17,54.53312301635742,54.83295344428014,54.18786068986914,54.796612777781824,27351200
2023-03-20,55.06010055541992,55.06010055541992,54.48769605053128,54.66032548543887,12904100
2023-03-21,54.805702209472656,55.19639300514036,54.40592711282161,55.03284785969957,13716500
2023-03-22,54.560386657714844,55.30542414276457,54.542214589059036,54.87839266023998,10494200
2023-03-23,54.442264556884766,54.869299463118125,54.26055082024427,54.59672539219002,15479000
2023-03-24,55.332679748535156,55.441708686167026,54.433181481661755,54.742099693258254,12975600
2023-03-27,55.74153137207031,55.85964805987764,55.37810047523023,55.55072989128174,12777400
2023-03-28,55.80514144897461,56.09589106873028,55.66885613899318,55.777885080171835,10925700
2023-03-29,56.20491409301758,56.286686656784966,55.9595964017154,56.07771309737212,9441000
2023-03-30,56.195838928222656,56.413900302488756,56.023209461989296,56.22309876623589,9870700
2023-03-31,56.359375,56.55926427199856,56.21400192926488,56.38663483361542,14440900
2023-04-03,56.695552825927734,56.80458176207137,56.2049174143303,56.60469249083522,12300700
2023-04-04,56.52291488647461,57.00446595464395,56.40480166032841,56.68646000910313,11433400
2023-04-05,57.05897903442383,57.25886828907591,56.78640498369551,56.813661348978215,12789600
2023-04-06,57.09532928466797,57.27704649328486,56.67738213102636,57.113501352126406,9644200
2023-04-10,56.95903396606445,56.95903396606445,56.35028537301698,56.777320244297314,7952600
2023-04-11,56.859100341796875,56.97721358340726,56.69555519775591,56.92270084603863,9913000
2023-04-12,56.95903396606445,57.26795214542249,56.61377512193324,56.76823247862872,9593700
2023-04-13,57.37698745727539,57.386071757439176,56.768235367284454,57.022637363477365,9871400
2023-04-14,57.286128997802734,57.376989332245955,57.04081129375709,57.286128997802734,8946000
2023-04-17,57.65864944458008,57.72224994762649,57.367903297520066,57.53144843848726,9452400
2023-04-18,57.74950408935547,57.78584475468024,57.41332607385607,57.70407219225703,9035700
2023-04-19,57.85853576660156,57.994824532438834,57.63139013418431,57.90396419989156,9769500
2023-04-20,58.11293411254883,58.14927824328298,57.64047081090611,57.81310369890978,10706400
2023-04-21,58.1947135925293,58.394595925525444,57.96756449494705,58.14928169343248,12931100
2023-04-24,58.103858947753906,59.04878223363013,57.80402502100884,58.830724346877005,15532300
2023-04-25,58.012996673583984,58.30374282354528,57.81311086171528,58.30374282354528,12818900
2023-04-26,57.74041748046875,57.94030674061217,57.5950444183555,57.749505246457375,13179600
2023-04-27,57.85853576660156,57.931220566672096,57.3406440019676,57.72224700076429,13795800
2023-04-28,58.28557586669922,58.29466363374869,57.67682371518626,57.794940425056105,13687600
2023-05-01,58.42185592651367,58.776202537277115,58.20379114147912,58.28556716885062,9091500
2023-05-02,58.15836715698242,58.27648038524932,57.486014588996866,58.27648038524932,10948400
2023-05-03,57.83127975463867,58.31282738920821,57.76767925444901,58.16745085624063,11084600
2023-05-04,57.89488220214844,58.08568370913512,57.704077229194326,57.91305426938061,11938300
2023-05-05,58.167449951171875,58.34008284840112,57.813106788462456,57.82219108864793,9039000
2023-05-08,58.07658767700195,58.20378866355634,57.794929339907796,57.97664652039989,7240700
2023-05-09,57.59504699707031,57.922137267961816,57.49510236252376,57.82219263341526,9067700
2023-05-10,57.69499206542969,57.82219306818451,57.23161648882747,57.53144692875423,10134000
2023-05-11,58.0220832824707,58.08568378488254,57.249786020949614,57.76768127282337,9581500
2023-05-12,58.249229431152344,58.32191770080843,57.876710714083586,58.022083787428286,8740800
2023-05-15,58.09476852416992,58.37643036981146,57.885794948100695,58.34917400170557,8150000
2023-05-16,57.44059371948242,58.05843017162623,57.38607751512823,58.05843017162623,9129600
2023-05-17,57.37698745727539,57.62230168733727,56.99538099701877,57.60413308700971,11583000
2023-05-18,57.05897903442383,57.277040354586745,56.850005479999886,57.249780523336945,13595100
2023-05-19,57.086238861083984,57.331553080542776,56.88634960644797,57.27704034998176,14251400
2023-05-22,55.886905670166016,57.12257837210264,55.82330517515167,57.049893577500676,15055400
2023-05-23,55.78696823120117,56.03228246206366,55.577991201112404,55.886909397197954,13932700
2023-05-24,55.31450271606445,55.814222390152175,55.16912965694862,55.768793959047315,11090100
2023-05-25,54.88746643066406,55.178212541437965,54.651236515397905,54.94198262617181,14463600
2023-05-26,54.75117874145508,55.09644105446258,54.61489344898137,54.92381163094238,12570300
2023-05-30,54.315059661865234,54.69666610658716,54.078829741583746,54.596721479017916,15634200
2023-05-31,54.206031799316406,54.76935197872042,53.94254204254283,54.44226172423836,59432200
2023-06-01,54.51495361328125,54.66941098485453,54.30598004034643,54.460437411919706,13402700
2023-06-02,55.568904876708984,55.71427793627919,54.587637591101895,54.760267016226784,15259800
2023-06-05,55.196388244628906,55.82330893743697,55.01467104692639,55.423533875265235,12915600
2023-06-06,54.796607971191406,55.41444430504216,54.62397509010648,55.3781001757646,10943500
2023-06-07,54.714839935302734,54.84204093232,54.35140554442436,54.52403497380962,16817900
2023-06-08,54.85112762451172,54.887471758378,54.49678098423391,54.633069753248776,15585900
2023-06-09,54.94198989868164,55.12370364249297,54.66941235102966,54.76027268890282,12581500
2023-06-12,54.705753326416016,55.105531858032016,54.533123893379205,55.05101565845694,14208900
2023-06-13,54.92380905151367,55.123694830947805,54.55129039069972,54.70574774144278,13397800
2023-06-14,55.29633331298828,55.496222578635034,55.06009991432079,55.178216613654534,14099700
2023-06-15,56.05619812011719,56.12028299339418,55.24140173785522,55.48858774579374,15271400
2023-06-16,56.459022521972656,56.91677365054658,56.285078350365595,56.39493764336142,26738000
2023-06-20,56.08366394042969,56.724516186959065,56.06535696947962,56.385781346562425,13971800
2023-06-21,56.23930358886719,56.50480007996874,55.82732687722062,56.129444296549416,13948700
2023-06-22,56.62381362915039,56.85268919514108,56.38578457716023,56.58719619278851,15193400
2023-06-23,56.02873229980469,56.73366937465671,56.01042183771409,56.70620193533904,25112100
2023-06-26,56.04704284667969,56.11112771791195,55.2871743844064,56.03788586943876,12856100
2023-06-27,55.928035736083984,56.17522177656275,55.82732992414476,56.04705201313616,9068500
2023-06-28,55.40618896484375,55.882250488418364,55.296329687822976,55.735770288269514,11173200
2023-06-29,54.948448181152344,55.25056212256191,54.719572607334996,55.131549338679044,17142300
2023-06-30,55.13154602050781,55.250558797227725,54.81111814103048,54.930134410114285,19739200
2023-07-03,55.46112060546875,55.50689501340835,54.957591641042754,55.11322881887355,9694500
2023-07-05,55.873104095458984,55.937188976890944,55.07661807454454,55.18647737237588,14716600
2023-07-06,55.442813873291016,55.863944042445034,55.38788248465035,55.59844756922736,12603900
2023-07-07,54.710411071777344,55.38788425048952,54.682947122763274,55.21394008612739,14574000
2023-07-10,54.298439025878906,55.06746104595868,54.14280182929553,54.90267036362988,15480600
2023-07-11,54.49069595336914,54.52731688262138,53.868154125537245,54.435764559490785,15967700
2023-07-12,54.783653259277344,54.975907888274335,54.42660795046469,54.70125791936952,14241300
2023-07-13,55.250553131103516,55.35125892597257,54.9118183148414,55.03998805654255,11269800
2023-07-14,55.754085540771484,55.8822552903699,55.01252749934157,55.058301911003326,11634200
2023-07-17,55.671695709228516,55.93718872007166,55.378735254780565,55.6259178006752,10014300
2023-07-18,55.45197677612305,56.074518650323945,55.30549654056779,55.80902213201621,11152900
2023-07-19,56.43156051635742,56.56888725660724,55.55267915737797,55.63507450305505,12936000
2023-07-20,57.118186950683594,57.136497415450705,56.45902418852359,56.46818116708918,11563000
2023-07-21,57.16395568847656,57.383677751493515,56.980858043720104,57.182266151424955,12815100
2023-07-24,57.18226623535156,57.502694098873086,57.12733833878949,57.14564530940103,10251100
2023-07-25,56.99000930786133,57.118179051141,56.80690817787741,57.03578371726641,13422700
2023-07-26,57.722412109375,57.83227139379615,56.20267862082169,56.63296576565307,17145500
2023-07-27,57.16395568847656,57.92382418519798,57.10902779199511,57.72241258512942,11517100
2023-07-28,57.20057678222656,57.46607325721172,56.96254774792645,57.30128258255636,9721800
2023-07-31,56.697052001953125,57.173113569038286,56.51395086194133,57.173113569038286,15577900
2023-08-01,56.55057144165039,57.09071788057295,56.41324471439268,56.84353186692733,9281600
2023-08-02,56.724517822265625,57.30128521000602,56.35831902252299,56.35831902252299,11059400
2023-08-03,56.43156051635742,56.87100119584714,56.33085470582276,56.64212562367349,8037400
2023-08-04,55.580135345458984,56.66042817462042,55.49774001129028,56.46817355901464,9359300
2023-08-07,56.01958465576172,56.1477579117503,55.6076114133586,55.6533858300296,6982600
2023-08-08,55.77238845825195,56.16605465618785,55.497738515878034,56.01957445409753,7956100
2023-08-09,55.90056228637695,56.422398230155274,55.61675536389468,55.76323556754538,7904100
2023-08-10,55.77238845825195,56.51394644578868,55.65337569505347,56.16605465618785,7870300
2023-08-11,56.00127410888672,56.028741552740534,55.561833423231064,55.69916016540776,8483900
2023-08-14,55.735782623291016,56.28508262232524,55.61676634296671,56.1386023897585,7176300
2023-08-15,55.36042022705078,55.754086460087684,55.26886790985394,55.56182834015622,7187400
2023-08-16,55.36957550048828,55.680846404280956,55.296337136729726,55.42450689258013,8372300
2023-08-17,55.48859405517578,55.863949852348455,55.342113829263624,55.461130104181024,12873500
2023-08-18,55.79986572265625,55.9280354855086,55.268872713851806,55.4245099204326,11083800
2023-08-21,55.32379913330078,55.78155024081288,55.223093330869915,55.71746536515028,8648500
2023-08-22,54.98506546020508,55.46112704121908,54.911823605111906,55.241404968303435,9411500
2023-08-23,55.17731475830078,55.332948446785714,55.07660896346299,55.113229887470105,7749500
2023-08-24,55.03083419799805,55.7357712649306,55.01252373611315,55.177314400713676,8955100
2023-08-25,55.287174224853516,55.45196489107906,54.939282430336974,55.305484686918966,7629200
2023-08-28,55.442813873291016,55.59844756922736,55.26886622211075,55.43365689566905,6254300
2023-08-29,55.38788604736328,55.50690231755836,55.06746165725799,55.4428174395373,8189600
2023-08-30,55.36042022705078,55.60760624493655,55.19562954846027,55.516053927739705,9447900
2023-08-31,54.774497985839844,55.360418831676114,54.756187522862,55.204781642546266,14663500
2023-09-01,54.298439025878906,55.049150582103934,54.12449136544079,54.93013431323005,11262300
2023-09-05,53.8498420715332,54.30759319658355,53.712515337072524,54.24350831846561,12474600
2023-09-06,53.81322479248047,53.859002701980884,53.48364340131681,53.66674456222597,13923500
2023-09-07,53.4012451171875,54.16111012879264,53.37377767632108,53.96885550454645,17628600
2023-09-08,53.4012451171875,53.47448347731588,53.10828119958277,53.37377767632108,14312300
2023-09-11,53.9047737121582,54.005479518911514,53.309695849905346,53.46533304916881,14767400
2023-09-12,53.373783111572266,54.01463541668371,53.27307730032223,54.005481930371936,12292700
2023-09-13,53.501949310302734,53.72167138315455,53.41040048382673,53.46533187513065,12641400
2023-09-14,53.94487762451172,54.06483814145252,53.695730483206134,53.74187158054057,12311600
2023-09-15,53.465030670166016,54.11096721049664,53.289706496105666,53.89873157240118,55727500
2023-09-18,53.797237396240234,53.843374975330754,53.178986092269646,53.50195266597493,13617400
2023-09-19,53.686500549316406,53.88028047205206,53.446579532535,53.76031996366135,11998900
2023-09-20,53.92642593383789,54.28630751164984,53.594233240588956,53.79723929978468,14766600
2023-09-21,53.0959358215332,53.90796705106343,52.98520141017507,53.861829473033325,15941800
2023-09-22,53.15129852294922,53.492724338207324,53.05902336859765,53.38198992889964,14644100
2023-09-25,52.59764099121094,53.04979769944054,52.35772347587198,52.96674865180945,12358800
2023-09-26,52.163936614990234,52.505362410795236,52.043979625182175,52.348490433249715,11194700
2023-09-27,51.62874221801758,52.16394449978973,51.379595053718326,52.06243970840057,13766300
2023-09-28,51.49955368041992,51.970162626673996,51.39804889277821,51.88711357497367,12484800
2023-09-29,51.65641784667969,51.924020715398854,51.32422166758988,51.80406020182278,12271600
2023-10-02,51.195037841796875,51.684102509895034,50.82593369382394,51.5918273529197,11792500
2023-10-03,50.64137649536133,51.14889686515095,50.54909782444508,50.89974973378411,13604200
2023-10-04,50.78902053833008,51.01048231575362,50.48450619428335,50.65060428738675,12100500
2023-10-05,48.334468841552734,50.705976432985295,48.20528220545474,50.51219647883832,29878100
2023-10-06,49.0357666015625,49.17418285856963,47.568569061587816,48.020725783749015,30298900
2023-10-09,48.79584503173828,49.044992161644046,48.08531511017104,48.86966444796702,15704700
2023-10-10,49.85702896118164,50.133861483444505,49.42333148177519,49.94930764195984,20909700
2023-10-11,49.56174087524414,50.087716999902334,48.92503386120304,50.03235331524664,21138900
2023-10-12,48.73124694824219,49.6724681734274,48.380595075313344,49.60787135045779,19330400
2023-10-13,48.80507278442383,49.29413743365319,48.57438138081428,48.666660054300976,14494600
2023-10-16,49.303367614746094,49.4233281315903,48.75893575531039,48.92503384938037,12816800
2023-10-17,49.89393615722656,49.92161799905162,49.100357170908126,49.19263584377739,16457200
2023-10-18,49.875484466552734,50.31841157202336,49.75552394213203,49.92162204669248,12809500
2023-10-19,50.15230941772461,50.530643176435255,49.70015624076555,49.97698521932212,16202200
2023-10-20,50.355323791503906,50.77056905906782,50.23536326530282,50.318412318815604,15686400
2023-10-23,49.903167724609375,50.65060564351523,49.875482361636564,50.17999671383642,21212700
2023-10-24,51.34267807006836,51.831742717830224,51.02893762129794,51.35190769742507,25290800
2023-10-25,51.785606384277344,51.87788505970212,51.26885988218474,51.45341019289122,16701000
2023-10-26,51.47187042236328,52.256223391639594,51.416506732345745,52.01630233465744,16228400
2023-10-27,50.97357177734375,51.80405868060982,50.8443816403247,51.25962685199338,13626500
2023-10-30,51.813289642333984,51.93324663540635,51.13966765934536,51.14889728654872,15014300
2023-10-31,52.12703323364258,52.33926891120755,51.813292771139665,52.200852655370056,16639400
2023-11-01,52.08088684082031,52.486905939299156,51.914788758728285,52.41308300500437,14110800
2023-11-02,52.680686950683594,52.73605415254919,52.00706850163983,52.13625511925489,13087200
2023-11-03,52.35771942138672,53.14206873933058,52.32080795417092,52.96674455016241,13958700
2023-11-06,52.5699577331543,52.856012818347665,52.35772206605,52.394630015058816,12673200
2023-11-07,52.763736724853516,52.96674628110347,52.348491505283775,52.523815700181494,10449300
2023-11-08,52.680686950683594,53.031338855689704,52.52381497210007,52.89292261106138,13744000
2023-11-09,52.28389358520508,52.72682060699853,52.016290742849336,52.6253158378242,12021100
2023-11-10,52.33926773071289,52.53304766845745,51.730242554893195,52.47768046335692,11678900
2023-11-13,52.53304672241211,52.68991518726467,52.228532379950366,52.246988114651515,12798200
2023-11-14,52.68991470336914,52.81910484509071,52.42231535283875,52.61609528531396,12697100
2023-11-15,52.791412353515625,52.9113728517344,52.366941076828844,52.87446138765617,10201900
2023-11-16,52.73605728149414,53.08670568723366,52.422316825783525,52.82833243667369,16010400
2023-11-17,52.83755874633789,52.91138168682123,52.32081224324071,52.77296543345074,14475800
2023-11-20,52.96674728393555,53.13284537490822,52.56072816374838,52.64377720923471,13051000
2023-11-21,53.5480842590332,53.557313885862534,52.902151183830185,53.022108172041456,13891600
2023-11-22,53.90796661376953,54.0187010242294,53.640367255337026,53.760324253227914,11320600
2023-11-24,54.0463752746582,54.21247334694388,53.83413963119784,53.94487050603128,4816000
2023-11-27,53.94487762451172,54.15711329597836,53.769553422884016,54.0187005641896,16246500
2023-11-28,54.055606842041016,54.28629822626945,53.85259729749722,53.88950876379085,13739600
2023-11-29,53.73263931274414,54.13865490080727,53.61267880169793,54.055609377857586,11263600
2023-11-30,54.35581970214844,54.374422393827246,53.57452439214176,53.909365746159,22727500
2023-12-01,54.541839599609375,54.58834455179634,54.16979643401325,54.19769869570534,15371200
2023-12-04,54.47672653198242,54.83947009025831,54.355810829857106,54.49532922062478,14942200
2023-12-05,54.56044006347656,54.718561152179774,54.33721133474858,54.45812704398042,11891500
2023-12-06,54.50463104248047,54.62554674960081,54.14188746921966,54.467429211759004,14868500
2023-12-07,54.63485336303711,54.77436822039205,54.30931159967471,54.56974217188428,11587900
2023-12-08,54.51393127441406,54.64414654529408,54.290702561405446,54.634846975131225,11178700
2023-12-11,54.913883209228516,54.96038815878673,54.411621238559306,54.7185602922239,14524800
2023-12-12,55.2673225402832,55.2673225402832,54.78366681699448,55.06270005676879,12899000
2023-12-13,55.7416877746582,55.82539810971042,55.11851004746936,55.29523383707987,16196800
2023-12-14,54.913883209228516,55.843996392793635,54.66275222389391,55.778888753792096,22478300
2023-12-15,54.50463104248047,55.034795272338606,53.76054120654801,54.718560196655,65177400
2023-12-18,54.895286560058594,55.332440939827514,54.523239826455175,54.69066050176665,16717700
2023-12-19,54.71855926513672,55.062700143128104,54.54183549279237,54.87667680028676,14612200
2023-12-20,53.58382034301758,54.56973803338329,53.5466149646377,54.41162049741904,17701000
2023-12-21,53.93726348876953,54.01167069625288,53.4536042217774,53.807044666498484,11725100
2023-12-22,54.24420166015625,54.37441694074828,53.965168409159,54.05817831012465,9029400
2023-12-26,54.46743392944336,54.60694878995837,54.00237729819227,54.00237729819227,6422500
2023-12-27,54.60694885253906,54.662756925669335,54.31861601161729,54.54184120793734,8560100
2023-12-28,54.64414978027344,54.755762369335294,54.439523743576515,54.5511398807386,8400100
2023-12-29,54.81157302856445,54.85807798052991,54.5325397686713,54.63485279185555,9244300
2024-01-02,55.639373779296875,55.695181851059516,54.56974213316575,54.69065784793459,16322600
2024-01-03,55.76958465576172,55.992813377061765,55.58356131269504,55.741682396136774,14830600
2024-01-04,55.58356475830078,56.048621370746105,55.49055485505187,55.85329844506316,12912900
2024-01-05,55.49985122680664,55.76028532747136,54.96038743248005,55.620766932540256,10412800
2024-01-08,55.90910720825195,55.97421485095256,55.26732680434535,55.50915823274797,11554600
2024-01-09,55.80679702758789,55.93701231962283,55.45335298627833,55.797497455914225,10493700
2024-01-10,55.99281311035156,56.188136022996126,55.78818707914289,56.011415799379634,12258000
2024-01-11,55.63007354736328,56.048621662260686,55.51845740516361,56.03932209112757,13754200
2024-01-12,56.16954040527344,56.23464805101817,55.68588107395502,55.8812075592898,13218000
2024-01-16,55.79749298095703,56.20674151568808,55.66727415126504,56.16953613577608,11826900
2024-01-17,55.79749298095703,56.0021154742724,55.6393718903812,55.676577270293194,8982100
2024-01-18,55.95561218261719,56.02071982534359,55.36963984997917,55.51845782593958,10397700
2024-01-19,55.64867401123047,56.06722210938179,55.471950233868554,56.04861941975947,14392600
2024-01-22,55.4068489074707,55.87190555671797,55.28593318519823,55.58356915686843,14314300
2024-01-23,55.66727828979492,55.806796700787125,55.3045346789359,55.369642324572105,14481600
2024-01-24,54.792972564697266,55.630075926493234,54.77436987353507,55.620772806861865,16370500
2024-01-25,55.02549743652344,55.034797007471944,54.560440830890855,54.88597903559353,14899700
2024-01-26,55.220821380615234,55.33243752266355,54.99759619271938,55.10920878666731,13025100
2024-01-29,55.55565643310547,55.61146449782365,55.03479180670239,55.192912882687246,14547100
2024-01-30,55.713783264160156,55.82539585702579,55.2952316057886,55.667274764707486,22061500
2024-01-31,55.33244323730469,56.2253511773069,55.14641986277904,55.899809384861825,22837000
2024-02-01,56.71830749511719,56.746209758177386,55.211524972156354,55.40684790977893,15870900
2024-02-02,56.30905532836914,56.615990846709316,56.02071895214624,56.569485895215394,17544900
2024-02-05,55.843997955322266,56.16023658850685,55.69517998371189,56.16023658850685,12759600
2024-02-06,55.75098419189453,55.85329721206994,55.509156319925616,55.769586881753725,12775200
2024-02-07,55.79749298095703,56.0021154742724,55.750984482016875,55.87190019268072,10259900
2024-02-08,55.64867401123047,55.77888929048646,55.258024625362246,55.704478531997175,12874800
2024-02-09,55.397544860839844,55.416147551079156,54.90458243974899,55.313834528813125,15235300
2024-02-12,55.52775955200195,55.58356407402415,54.839474212892036,55.49055417192026,13516800
2024-02-13,55.20222091674805,56.4206705724997,54.68135975858288,55.34173932588545,24195700
2024-02-14,55.14641189575195,55.42544514317799,54.91388359821355,55.03479575830134,15872500
2024-02-15,55.24872589111328,55.425446123050634,54.99759489956,55.26732503291696,13695800
2024-02-16,55.23942947387695,55.45335511157619,54.839480462669464,55.20222408955515,13947100
2024-02-20,56.45786666870117,56.58808193682514,55.35102979344757,55.434740115541544,18339300
2024-02-21,56.96012878417969,56.99733061226318,56.5787825485492,56.72760050518305,14373000
2024-02-22,56.876426696777344,56.96943660260263,56.271851664611575,56.727608718596606,12982800
2024-02-23,56.92293167114258,57.31357753347656,56.73690831132143,56.82061864583592,13612900
2024-02-26,56.467166900634766,56.988031527336695,56.42066195405959,56.96012926901159,10336100
2024-02-27,56.1230354309082,56.53228399660083,55.9184093740116,56.30905879644143,9931100
2024-02-28,56.17884063720703,56.262550970018744,55.86260199637393,56.15093482753619,8076500
2024-02-29,55.825401306152344,56.40207056503063,55.713788702392186,56.13233685351794,18152700
2024-03-01,55.3696403503418,55.71378480569177,55.19292011107322,55.71378480569177,10927600
2024-03-04,55.63007354736328,55.76028883182918,55.08130659989959,55.090606171032704,10150200
2024-03-05,55.36034393310547,55.90911092095232,55.267330474427645,55.72308755169733,12310000
2024-03-06,55.38824462890625,55.8067963108578,55.23012707578042,55.360342366143,12378800
2024-03-07,55.28593444824219,55.59287354684593,55.099914622774065,55.51846277817808,13686900
2024-03-08,55.36034393310547,55.61147494938461,54.84878232872975,55.15571787211492,13239000
2024-03-11,56.03002166748047,56.076526618639214,55.41614708712412,55.60216689175911,14114300
2024-03-12,56.2718505859375,56.504378894143855,56.002116896874035,56.1044299201809,12684600
2024-03-13,56.84852600097656,56.93223634299058,56.550890017838,56.62530078767304,13909500
2024-03-14,56.72195053100586,57.003215686111446,56.62819667146417,56.79695647982361,13996600
2024-03-15,56.14066696166992,56.67507181244771,55.9156526987991,56.27192379147775,36849900
2024-03-18,56.37506103515625,56.62820076599884,56.06566683863284,56.1500467489137,15856700
2024-03-19,56.468814849853516,56.58132020463157,56.309432561958005,56.47819238236545,15030600
2024-03-20,56.956336975097656,57.01259143495167,56.40318063754778,56.421932124165785,15258800
2024-03-21,56.69382858276367,57.18135655068637,56.553194208302635,56.77820849214415,13067100
2024-03-22,56.71257781982422,56.9938429811003,56.65632335697678,56.74070326300766,11502800
2024-03-25,56.628196716308594,56.91883582700631,56.36567947171907,56.70319908870525,13144700
2024-03-26,56.759456634521484,56.91883891982509,56.60944830509662,56.721953658045095,13277400
2024-03-27,57.21885299682617,57.59387559170676,56.90946239605813,56.99384230108224,12551200
2024-03-28,57.3594856262207,57.43448799703618,57.19072582128536,57.32198265257276,13683500
2024-04-01,56.890708923339844,57.47199070628719,56.84383199473578,57.35948536234134,11668700
2024-04-02,56.3938102722168,56.937589112831624,56.35630729659354,56.67507543643003,13017300
2024-04-03,56.09379196166992,56.61881929894966,56.046911455286654,56.300051168538175,13672900
2024-04-04,55.59688186645508,56.39380391444249,55.47499899766073,56.337549457349674,14320700
2024-04-05,55.79377365112305,55.95315951002272,55.231243320080864,55.5500114613996,10157800
2024-04-08,55.568763732910156,55.75627503806198,55.381252427758334,55.69064661773094,10284500
2024-04-09,55.990665435791016,56.009416924677794,55.43750903131388,55.765651145630486,10779100
2024-04-10,55.24060821533203,55.68125916747808,55.024971504584826,55.61563075883676,11861900
2024-04-11,55.36249923706055,55.66251588548493,55.11873705139594,55.45625667499352,11109000
2024-04-12,54.64058303833008,55.32499624081759,54.49995224620502,55.26874535455979,12250900
2024-04-15,54.50932693481445,55.137489259491915,54.415573072136915,54.94997795765623,12425000
2024-04-16,54.434326171875,54.73434283310394,54.31244328560052,54.61245994682946,11236800
2024-04-17,54.85621643066406,54.90309693498995,54.47181989996205,54.64057970139028,13805100
2024-04-18,55.23124694824219,55.29687537195891,54.884353340527966,54.95935572056956,11125900
2024-04-19,56.412559509277344,56.590696859433855,55.315624270122925,55.40937813490374,21207900
2024-04-22,56.76883316040039,56.84383911674878,55.990666033930495,56.38443657531701,15624500
2024-04-23,56.853206634521484,56.89070960844853,56.37505623463319,56.75007524446233,13689100
2024-04-24,57.70637893676758,57.80013637047396,56.103164373432726,56.553189325782135,19548300
2024-04-25,57.884521484375,58.681440071989954,57.537624313148086,58.006400794446456,19048500
2024-04-26,57.884521484375,58.06265525973532,57.518872824718464,57.706384132533955,10994300
2024-04-29,58.16577911376953,58.17515306852818,57.68762516203244,58.05327019778418,13409300
2024-04-30,57.91264724731445,58.906454680666286,57.63138207228454,58.25954084396866,19349200
2024-05-01,58.062652587890625,58.66268588410415,57.38761334141013,57.94076970694708,16729800
2024-05-02,58.1189079284668,58.50330448818986,57.86576820721298,58.29704169832069,10991300
2024-05-03,58.28765869140625,58.43767058011602,57.79075682773611,58.11890246956832,11628700
2024-05-06,58.45642852783203,58.484557550035554,58.034532536069015,58.40955159280068,9310700
2024-05-07,58.709564208984375,58.89707551262416,58.36267062196319,58.84082104858803,9807000
2024-05-08,58.925193786621094,59.03770270100372,58.57830024180852,58.925193786621094,10484400
2024-05-09,58.95333480834961,59.20647455253802,58.83145191452239,58.88770638316902,9113700
2024-05-10,59.30959701538086,59.40335445464424,58.86894956852512,58.99082887484659,8371700
2024-05-13,59.609615325927734,59.647114723945506,59.23459273390605,59.29084719565345,10137600
2024-05-14,59.15958786010742,59.77837264465298,58.878322699219545,59.60961640930471,10852200
2024-05-15,59.187713623046875,59.43147579534236,59.06583074865895,59.12208520833346,9838900
2024-05-16,59.365840911865234,59.75023740322128,59.13145272014862,59.29083855028551,10228000
2024-05-17,59.093963623046875,59.41273178166944,59.00958371116206,59.38460633653477,11539000
2024-05-20,58.66268539428711,59.07520738786933,58.559554001771424,59.00020501470916,11000900
2024-05-21,58.981449127197266,59.04707753999663,58.540798147132726,58.89706922838661,9796200
2024-05-22,59.065834045410156,59.08458553301494,58.74706590908999,58.793942839861664,7419400
2024-05-23,58.21266174316406,58.95332941846389,58.17515876749507,58.58768434689275,9834300
2024-05-24,58.12828063964844,58.52205114662572,58.10015519671593,58.33454342510161,8203100
2024-05-28,57.95952224731445,58.25016494515748,57.565751730701926,57.93139680369374,12347000
2024-05-29,57.84701919555664,58.01577901694977,57.25635982068069,57.63138244077226,11861800
2024-05-30,58.100154876708984,58.20328626886754,57.75325772554285,57.98764595263756,9433800
2024-05-31,59.000205993652344,59.09395985577826,57.837638790295784,58.11890752963471,19816600
2024-06-03,59.000205993652344,59.15021431894216,58.550181017782876,58.793943205198616,9369000
2024-06-04,59.9471321105957,59.97526113005859,59.00957919539194,59.253344956174026,11895600
2024-06-05,59.92837905883789,60.06901342303978,59.39397419723945,59.9940110515511,9632500
2024-06-06,60.144020080566406,60.340905331587464,59.85337739347782,59.928379765851346,8658500
2024-06-07,59.91900634765625,60.20964903735043,59.82525248722872,60.087762581129695,9523100
2024-06-10,59.61899185180664,59.99401445999756,59.412729059653564,59.94713395161321,15685300
2024-06-11,59.581485748291016,59.67524318365779,59.13146078797187,59.61898872243773,8396000
2024-06-12,58.95333480834961,59.712750464433896,58.77519744587577,59.712750464433896,9569600
2024-06-13,59.056461334228516,59.10333826598794,58.55018188767326,58.934578450469516,9668900
2024-06-14,59.098968505859375,59.23124379955387,58.66434865393992,58.938349536153616,8179200
2024-06-17,59.16511154174805,59.42966575746534,58.74938863738055,58.92890460885547,10532700
2024-06-18,59.174556732177734,59.35407268816501,58.99503717195901,59.080071804633285,10651700
2024-06-20,58.749385833740234,59.27849063569308,58.53207589835734,58.957249078120206,13306300
2024-06-21,59.30683517456055,59.61862644142872,58.7493866872686,58.7493866872686,28278100
2024-06-24,60.44062805175781,60.52565908318926,59.439109409974506,59.514697354666794,13212500
2024-06-25,60.31780242919922,60.535112374598,60.006007548258516,60.41228376050938,10235300
2024-06-26,60.51621627807617,60.572903632627614,59.74145425830103,59.90207683940385,9402500
2024-06-27,60.38393783569336,60.724072778296055,60.109936939162196,60.5162167405313,8494100
2024-06-28,60.13829040527344,60.525666051610074,60.015461783122795,60.37449735328436,17358800
2024-07-01,59.788692474365234,60.752420713068325,59.637520194697025,60.497313211103375,10033400
2024-07-02,59.665870666503906,59.88318060488616,59.39186976862695,59.76979868589674,8878200
2024-07-03,59.835941314697266,60.15717927984855,59.458008784517816,59.70366240617225,9154200
2024-07-05,60.24221420288086,60.27056148552855,59.52414671723334,59.8359415967358,11735500
2024-07-08,59.486351013183594,60.08159347222972,59.37297269858535,60.08159347222972,11235100
2024-07-09,59.23124313354492,59.741450921399455,59.13676181174878,59.58083195349973,11657500
2024-07-10,59.363521575927734,59.39186525140351,58.853313791975644,59.25958996020808,11930400
2024-07-11,59.61863327026367,59.95877185797574,58.957256687748064,59.184013343401396,11431600
2024-07-12,60.185523986816406,60.57290319176877,59.892626108249864,59.958763757566246,9201500
2024-07-15,59.911529541015625,60.412287112360154,59.85483857654509,60.27056510753176,8207500
2024-07-16,60.72407531738281,60.761869291773955,59.89262950616838,59.930423480559526,9025100
2024-07-17,61.612205505371094,61.782274757774445,60.85634776793801,60.91303511591835,12508200
2024-07-18,61.593318939208984,62.179107489040774,61.14924877500544,61.22483671964927,11128200
2024-07-19,61.68780517578125,62.01849344933997,61.24373497623223,62.01849344933997,13775700
2024-07-22,61.19648742675781,61.68780187126647,60.77131784188135,61.65000789796093,11794200
2024-07-23,61.37601089477539,62.39642661342392,61.27207926370209,61.820081098731535,11810300
2024-07-24,62.17911148071289,62.33028737970549,61.25318432900588,61.49883435217343,13244600
2024-07-25,62.424766540527344,63.199524974750794,62.22635358635025,62.396422862568244,16328600
2024-07-26,63.350704193115234,63.407391552008384,62.368082457672756,62.424769816565906,13530100
2024-07-29,63.14283752441406,63.33180018283444,62.727111025733194,63.190074584787475,12140200
2024-07-30,63.94594192504883,64.08766752817043,62.698769592813235,62.81215151700324,13258000
2024-07-31,63.05780029296875,63.87980300804654,62.93497528387305,63.775871381710374,15576800
2024-08-01,64.21049499511719,64.35222060365841,63.02000997522041,63.30346119230285,16495900
2024-08-02,65.5049057006836,65.82614365631461,63.95538886048672,64.74904066272565,22514800
2024-08-05,64.3427734375,65.71277810875813,63.99319175568508,65.18366962502964,25484300
2024-08-06,64.29552459716797,65.04193209874468,64.03096679951894,64.39000592066832,12969100
2024-08-07,64.68290710449219,65.36318423999721,64.08766821515714,64.29553147416853,13365300
2024-08-08,64.9380111694336,65.06083617572104,64.10655817775454,64.24828377483286,15240900
2024-08-09,64.89076232910156,64.99469394573904,64.48448615728128,64.90965571009802,12080400
2024-08-12,64.40889739990234,64.75848621583897,64.08765946779519,64.67344798127593,11012300
2024-08-13,64.68290710449219,64.82463270913301,64.2577374990334,64.32387515340396,9877600
2024-08-14,64.79629516601562,65.08918949046998,64.37111831182949,64.46560686284711,14328000
2024-08-15,64.86243438720703,65.1175347390848,64.72070876573514,64.83409070460556,11285100
2024-08-16,65.36318969726562,65.47657163213745,64.85298180303886,65.0419444860276,12651200
2024-08-19,65.1742172241211,65.58993650594186,65.0513850110118,65.52379885598424,9843900
2024-08-20,65.55213928222656,65.56158957702701,64.97579384326737,65.18365707810024,11957400
2024-08-21,65.7316665649414,66.26076780053339,65.50490992232537,65.64663552713428,8792400
2024-08-22,65.5049057006836,66.06235057961857,64.99469788133146,66.06235057961857,12509200
2024-08-23,65.93952178955078,65.99620914118158,65.13641973810887,65.57103958702493,11834700
2024-08-26,66.93158721923828,67.00717516121664,65.8828351602559,65.97731648349739,12912200
2024-08-27,67.55519104003906,67.58353472208617,67.1300213924036,67.38512173929199,16988400
2024-08-28,67.79138946533203,67.8480768222881,67.36621987123452,67.65911416012554,13272600
2024-08-29,68.07483673095703,68.23545570535458,67.3000783273454,67.93311113829792,17201700
2024-08-30,68.4716567993164,68.56613811689805,67.81972345361692,68.21654931253727,18624200
2024-09-03,68.98187255859375,69.2464231618656,68.26380148652494,68.44332105665796,14755800
2024-09-04,68.55670166015625,69.4731857634534,67.94256936768728,69.25587941000055,18140800
2024-09-05,67.2433853149414,68.67007715258761,67.06387295466824,68.61338979760275,23866100
2024-09-06,67.21504974365234,67.7158073289792,66.97884279144427,67.07332413063467,17485700
2024-09-09,67.8858642578125,68.32048410569567,67.0638688272681,67.30007573645217,12939300
2024-09-10,67.60242462158203,68.42442010477255,67.5740737355554,67.9992505243956,10277600
2024-09-11,67.15835571289062,67.43235661525893,66.67649155986614,67.42290631973908,11418200
2024-09-12,67.30009460449219,67.44181302296411,66.76154298890438,67.08278101539385,12337800
2024-09-13,67.93270874023438,67.98978473048862,67.0479946018796,67.39045780128787,11073800
2024-09-16,68.58910369873047,68.72228584654705,68.13248126561155,68.27517123978451,10786500
2024-09-17,68.3037109375,68.82692440197533,68.22760478554217,68.39883999850623,12974400
2024-09-18,68.25614929199219,68.85546896562064,67.79951959454944,68.3893314416874,10719700
2024-09-19,67.18116760253906,68.43689002231167,67.16213743645726,68.07538944557535,13635600
2024-09-20,68.1514892578125,68.30370154078794,66.95284293196482,66.98138817843356,48578500
2024-09-23,68.23712158203125,68.68422890577293,67.71390084653886,68.06588636476849,11613000
2024-09-24,67.8565902709961,68.32272770856723,67.16213439806315,67.75194613592564,13330600
2024-09-25,67.97074127197266,68.41785579589721,67.83755914883106,68.2180826111848,12329100
2024-09-26,67.92318725585938,68.12296046080847,67.39045145144634,67.40948161832651,10815200
2024-09-27,68.294189453125,68.68422074405929,67.98025704913401,68.05636319395876,11175700
2024-09-30,68.36079406738281,68.68423436018539,68.19907392098152,68.49397621828774,18015300
2024-10-01,68.21808624267578,69.20744439431002,68.14198009457736,68.5890946423034,13294500
2024-10-02,67.55216979980469,67.9517161562429,66.98138825376708,67.91366308545625,11155500
2024-10-03,67.08602905273438,67.53314358829654,66.7816117265042,67.40947654441231,9374800
2024-10-04,66.75308227539062,66.85772642509491,66.32499785051488,66.55330905992311,12684800
2024-10-07,65.64956665039062,66.68648572035055,65.51638451769635,66.63892482032081,14512000
2024-10-08,65.81128692626953,66.05862828379229,65.50686958542688,65.67810479326849,13549700
2024-10-09,66.18230438232422,66.34402452909625,65.70665176860682,65.82081100873684,9037700
2024-10-10,65.87787628173828,66.50574111347743,65.63053493063967,66.42963496577298,8635200
2024-10-11,66.18230438232422,66.20132729340443,65.6400606930017,66.07766022667576,8786300
2024-10-14,66.914794921875,67.03846922561611,66.08716415871736,66.1822932138309,7659300
2024-10-15,66.914794921875,67.74243294291432,66.74356697739964,67.02895414274025,10358700
2024-10-16,67.13360595703125,67.25727301703122,66.56282430320307,66.67697627923921,7937300
2024-10-17,66.49622344970703,67.24775529888633,66.19180612858592,67.19067206138263,14674600
2024-10-18,67.00994110107422,67.11458525447088,66.22035603740215,66.46769742341999,15087500
2024-10-21,66.06812286376953,66.90527582666603,65.93494075746881,66.59134346557984,11981200
2024-10-22,66.06812286376953,66.35351723891705,65.33562127911556,65.6400385589287,18603300
2024-10-23,64.69825744628906,65.35465298491465,63.33789095626586,63.727922246419446,24655200
2024-10-24,64.02281951904297,64.72678307815542,63.68985701414218,64.35577476606372,17568800
2024-10-25,63.66132354736328,64.4033402242019,63.53765652051703,63.80402073703545,11138100
2024-10-28,63.42351150512695,64.1179674460126,63.356920436100836,63.69939086477291,10761400
2024-10-29,62.367549896240234,63.10956659237154,62.32949682747956,63.06200569983125,16525900
2024-10-30,62.71002960205078,63.29984136891197,62.13924800134611,62.31999829042396,14177800
2024-10-31,62.12973403930664,62.776621800545875,62.08217313882082,62.60538659145661,13383700
2024-11-01,61.84434127807617,62.462690991609286,61.73018206303148,62.281940715592185,12163100
2024-11-04,61.939476013183594,62.234378273430394,61.50187653550442,61.910938021273516,10984500
2024-11-05,62.18680953979492,62.28193858680668,61.49235370663506,61.49235370663506,8780200
2024-11-06,60.59813690185547,61.701650696481785,60.103457803720765,61.28307412093801,22899300
2024-11-07,60.560081481933594,61.25453375754734,60.50300187049405,61.15940470075567,14856100
2024-11-08,60.80742263793945,61.111839991578265,60.636191051841095,60.79791118329997,14719300
2024-11-11,60.27469253540039,60.997686453428464,60.170048392348356,60.87401577264505,13980900
2024-11-12,60.12248611450195,60.6457032204193,60.04637996072575,60.5791121503357,15021000
2024-11-13,59.932220458984375,60.17955818477951,59.44705646152659,59.97978498752872,13177600
2024-11-14,59.504127502441406,60.03685961314154,59.389971917627314,60.03685961314154,15910800
2024-11-15,58.73358154296875,59.58024254562532,58.40062256318776,59.447060405289385,26284300
2024-11-18,58.84772872924805,59.114092971828185,58.56233795092067,58.83821364690411,16062100
2024-11-19,59.54218292236328,59.57072091245735,58.62893094994563,58.88578374761448,16254800
2024-11-20,59.922706604003906,59.94172951150674,58.99993954566313,59.64682726898274,18904900
2024-11-21,60.655208587646484,60.702776743453114,59.88465381717379,60.07491555357795,17292300
2024-11-22,60.80742263793945,61.34015845021903,60.55057344432136,61.111839991578265,19562200
2024-11-25,61.24502182006836,61.55895425569818,60.731319806492145,61.18794583463827,36805300
2024-11-26,61.40674591064453,61.49235988419163,60.94060119505995,61.17842746542204,14473300
2024-11-27,61.29258728027344,61.92995994911083,61.121352073642896,61.796777817051726,13263400
2024-11-29,61.42198944091797,61.584936155018625,61.12484679839508,61.36447324370041,10648400
2024-12-02,61.00982666015625,61.527428568449274,60.722267606794404,61.39323629366188,16500100
2024-12-03,60.88521194458008,61.421984646978764,60.415535372923124,61.0769167423271,24874500
2024-12-04,59.62955093383789,60.72226356315784,59.332411961300195,60.65516743023223,28137700
2024-12-05,60.31010055541992,60.50180536271587,59.524114136325096,59.87876930958537,21040400
2024-12-06,59.936283111572266,60.731856847385096,59.9171122636227,60.22384217435039,15581100
2024-12-09,60.00337219238281,60.31968566164157,59.33241087540655,60.08963916977475,22348300
2024-12-10,60.300514221191406,60.42512288874293,59.22697246815301,60.09922582808388,14949400
2024-12-11,60.041717529296875,60.99065433822437,59.81167467992759,60.38678545981596,32819000
2024-12-12,61.19194412231445,61.26862385500773,60.59766248219686,60.91397232131266,17542100
2024-12-13,60.50181198120117,61.19194790037672,60.49222838519728,60.933146930685886,13429000
2024-12-16,59.9554443359375,61.211107251594505,59.76373954367818,60.60723843574032,24559700
2024-12-17,60.77019500732422,60.9139708738822,59.73499121707398,59.859599893263024,21902400
2024-12-18,60.243003845214844,61.000235815736424,60.18549496310159,60.204665809294355,20946100
2024-12-19,59.85960006713867,60.549732272844984,59.8116747781468,60.099230168563196,21300600
2024-12-20,59.9554443359375,60.444291739022006,59.696643414857135,59.87876461291264,42458100
2024-12-23,59.79249954223633,60.156734637010295,58.97775506331952,59.9075209586668,13010800
2024-12-24,60.233421325683594,60.233421325683594,59.437847648573296,59.61996886242342,5019100
2024-12-26,59.97461700439453,60.13756736253229,59.811670302721666,60.02254228980038,7943800
2024-12-27,59.85960006713867,60.33886026998772,59.62955356092646,59.85960006713867,8542800
2024-12-30,59.45701599121094,59.75415861529258,59.12153533213888,59.75415861529258,8972200
2024-12-31,59.6774787902832,59.84042916045093,59.23656028165433,59.447435940766034,9256700
2025-01-02,59.274898529052734,60.14715190039347,59.0640228822017,59.76374229820339,12991000
2025-01-03,59.18863296508789,59.50494644291951,59.06402429293012,59.33241248345954,10403200
2025-01-06,58.28762435913086,59.0160982232764,58.143844842665224,58.94900209064977,17924200
2025-01-07,58.31637954711914,59.159878497832004,58.10550389532467,58.575180486194625,17799600
2025-01-08,59.150291442871094,59.20780398167826,58.40264672070317,58.460159259510334,14412400
2025-01-10,58.536834716796875,59.092778248638176,58.21093766693313,59.025682119824886,22425000
2025-01-13,59.09278869628906,59.284489865954356,58.19177711041427,58.59435761093535,18016200
2025-01-14,59.46660614013672,59.49536058189698,58.75729943950752,59.10236736649118,16658300
2025-01-15,59.20780944824219,60.02255037934304,59.12154246029907,59.74458222393999,16187200
2025-01-16,59.66789627075195,59.71582156055991,58.77647198575603,58.872322565371945,12585500
2025-01-17,60.10881042480469,60.16632296227929,59.59120855692823,59.72540447770229,17948900
2025-01-21,59.830833435058594,60.60723616926525,59.71581202659027,60.29092638186119,19817100
2025-01-22,59.21739196777344,59.706239442721625,59.10237053809488,59.54328906558379,18191900
2025-01-23,58.97775650024414,59.40909139294849,58.82439338911203,59.23655743586675,16528400
2025-01-24,59.35158157348633,59.43784855597835,58.891492219017266,59.15988041813976,19244600
2025-01-27,61.220699310302734,61.5178419622115,59.87877289187945,60.262178872943835,20742900
2025-01-28,59.77333450317383,61.38364911548698,59.69665111379451,60.875630802012125,14956000
2025-01-29,60.22383499145508,60.731849603898894,59.95544680863717,59.96503405970117,11325600
2025-01-30,61.39323043823242,61.62327327122308,60.6072403988638,61.201521983298704,13201000
2025-01-31,60.84687042236328,61.27820530437322,60.760603445961294,61.0577460661159,12096800
2025-02-03,60.72226333618164,60.99065152334587,59.840426360189866,60.55931663010424,12067900
2025-02-04,60.070472717285156,60.99065509558427,59.76374647667385,60.97148424848791,15678000
2025-02-05,60.50181198120117,60.66476236499116,59.99379729428888,60.11840598113235,10686800
2025-02-06,60.731849670410156,61.096088425477326,60.30051478368126,60.981063351372995,13423400
2025-02-07,61.19194412231445,61.26862385500773,60.645587772188314,60.79895089404012,13184700
2025-02-10,61.87249755859375,61.96834814036614,61.0194112923721,61.44115897122205,16154300
2025-02-11,64.79597473144531,64.86307086398111,63.65534047833685,64.70012415824132,30589100
2025-02-12,65.85993957519531,65.96537741026327,64.09626544847796,64.09626544847796,26033800
2025-02-13,66.61717224121094,66.72261007727465,65.90786914554384,66.13791200925978,24393100
2025-02-14,66.0133056640625,67.12518557727341,65.9078678301032,66.48297863437992,20779100
2025-02-18,66.18583679199219,66.49256302861882,65.58196425746483,65.70657659020493,15569100
2025-02-19,67.16351318359375,67.22102205807847,66.30084350167726,66.33918518897678,16032300
2025-02-20,67.13477325439453,67.16352769785082,66.5404879422186,66.81845975051392,13398000
2025-02-21,68.39043426513672,68.63006438331375,67.22103811836391,67.40315934831631,21662300
2025-02-24,67.66195678710938,68.7546768559739,67.4127467290409,67.90158690574273,21418400
2025-02-25,68.52461242675781,68.79299693374641,67.79614228291143,67.92074728603347,21555600
2025-02-26,67.86324310302734,68.32332877170428,67.60443851558294,68.31374152066898,14531200
2025-02-27,67.93035125732422,68.57255824468622,67.49901263955141,67.78657171806661,16789500
2025-02-28,68.25623321533203,68.60130112621164,67.63319352552551,68.48627605160847,22167400
2025-03-03,69.32018280029297,69.3585244870772,66.8376189126784,67.32645896508707,21717600
2025-03-04,67.27854919433594,69.6365085000202,66.98140289763963,69.08056491309708,25411900
2025-03-05,67.1731185913086,67.80573832043225,66.94306840532627,67.0005846082874,23933600
2025-03-06,67.53733825683594,67.60443438412301,66.56923072346873,67.48941663044769,21694000
2025-03-07,68.46711730957031,68.8409397069893,66.76095204690293,66.76095204690293,28393300
2025-03-10,68.48628234863281,70.18286761860641,68.36167732438656,68.97512981948138,25251200
2025-03-11,68.09329223632812,69.05181266649109,67.68112815884083,68.89844588745835,28076400
2025-03-12,67.0389175415039,67.79614951726941,66.84720907824864,67.45108159634006,18923300
2025-03-13,66.73218536376953,67.33605051509369,66.40628466175608,67.33605051509369,15746600
2025-03-14,66.78047180175781,66.87702970990786,66.02730243763668,66.15283434843828,14205100
2025-03-17,67.70743560791016,67.75571087470651,66.70321723566163,66.85770840306378,15634800
2025-03-18,66.99290466308594,67.7750407611503,66.9156627470068,67.69779147817407,12657600
2025-03-19,66.8963394165039,66.99289732620088,66.18180204447081,66.1914600455094,14780000
2025-03-20,67.31153869628906,67.40809659685962,66.71286792571868,66.92529972711125,16295300
2025-03-21,66.30732727050781,67.56260221013271,65.83418835131225,67.31154574882845,47479500
2025-03-24,66.57769012451172,66.70322203438347,65.97902667827829,66.43285694680758,12575400
2025-03-25,66.4425048828125,66.70321932588583,66.23973107536425,66.57768742111134,12513900
2025-03-26,67.61087799072266,67.92952572859517,66.52941759585319,66.54872623137739,14478200
2025-03-27,68.30611419677734,68.54751268511318,67.65916801609264,67.76538394031218,11663400
2025-03-28,67.94884490966797,68.86615616135613,67.137742208676,68.37370121314304,17412900
2025-03-31,69.15583038330078,69.46482010362061,68.06470467803386,68.29645249344576,24016900
2025-04-01,69.39723205566406,69.43585669335997,68.74062794862651,69.21376686833263,15309100
2025-04-02,68.87580108642578,69.8703614287925,68.60543602639157,69.48412247150276,14606500
2025-04-03,70.66215515136719,71.40565914195875,69.83174388728531,69.98624243264759,24959600
2025-04-04,67.52397155761719,70.49800209000591,67.38878902131731,69.9282979439744,26517300
2025-04-07,66.01764678955078,66.99289116476056,63.77746960289084,63.95127677111857,34258400
2025-04-08,66.06592559814453,67.57225692583422,65.42863752507644,66.58734713077989,22774400
2025-04-09,67.54328155517578,68.04539444319651,64.96514794624488,65.5831273723505,27918700
2025-04-10,68.32542419433594,68.75993848838033,66.6066682871963,67.77503598399463,22450200
2025-04-11,68.97236633300781,69.3779139662701,68.11298842909176,68.47026079185872,19988200
2025-04-14,69.95726776123047,70.16004894180331,68.48956842880492,68.84684078636653,13930200
2025-04-15,69.3875732421875,70.13107725016427,69.25239069528264,70.12142661602554,14965500
2025-04-16,69.2137680053711,70.16970386163544,68.9337449026479,69.8703721231953,15276200
2025-04-17,70.48834991455078,70.90355555803836,69.25239098516343,69.42619817003956,20754500
2025-04-21,70.26626586914062,70.942186028971,69.34895459774567,70.85527874593845,16037200
2025-04-22,71.35738372802734,71.82086462938868,70.41109855682912,70.48834782935471,15613500
2025-04-23,70.77803039550781,71.40566048891696,69.88967847670963,70.76837239451646,16353900
2025-04-24,70.02486419677734,70.90355815440967,69.81243973361352,70.50766113167953,16893900
2025-04-25,69.43586730957031,70.41111193463779,68.68269780969099,70.15040479895082,16316000
2025-04-28,69.31998443603516,69.77381473118162,68.85649613950994,69.60000754084673,15997500
2025-04-29,69.86071014404297,70.20832450232723,67.8619312673565,68.74062516382395,16244100
2025-04-30,70.0538330078125,70.95183553483541,69.22342175198932,70.826303626253,21074700
2025-05-01,68.8371810913086,69.56137642242741,68.77924782222576,69.5227517874069,18034200
2025-05-02,69.18479919433594,69.34894837690976,68.65371964260149,69.03995864687234,12629600
2025-05-05,69.23307800292969,69.32964328410347,68.56682323758976,69.2041113653362,11932700
2025-05-06,69.25238800048828,69.42619517787357,68.71165783391007,69.21376336474755,12705500
2025-05-07,69.90898895263672,70.18901202408111,69.20410227391177,69.2523849081557,15018200
2025-05-08,68.72130584716797,69.9765806767391,68.68268121290009,69.71586623715483,14371100
2025-05-09,68.09368133544922,68.7020102318209,68.03574805651749,68.54751166547345,11228900
2025-05-12,67.13773345947266,67.91021142004575,66.33628886458484,67.73640424726159,21539000
2025-05-13,66.58734893798828,67.29223566796773,66.50044903030523,67.19567039245828,14389100
2025-05-14,66.78047180175781,66.95427161629019,66.22042562083293,66.51009934528305,16286800
2025-05-15,69.14617156982422,69.26204547616813,67.2053259982154,67.30188390338736,19817100
2025-05-16,69.52275085449219,69.77380729530867,68.97236270490329,69.38756831718234,18441200
2025-05-19,69.45516204833984,69.6869024966736,69.17513896344255,69.5517199545709,13282800
2025-05-20,69.22342681884766,69.64828311167398,68.97237035020261,69.32964273377839,12137800
2025-05-21,69.37792205810547,69.60001190235492,69.11721493971412,69.22343086084685,12094400
2025-05-22,68.69234466552734,69.51309794990247,68.51853748097409,69.36825740162537,11101800
2025-05-23,69.3006591796875,69.50344034708166,68.25782354382267,69.07857674590619,12822100
2025-05-27,69.31031799316406,69.7351815993255,69.09788619008334,69.27169335924978,10666100
2025-05-28,68.70201110839844,69.42620657187369,68.60545318664785,69.2330833614753,8710900
2025-05-29,69.03030395507812,69.19446051241763,68.03574344405793,68.5571650197853,10291100
2025-05-30,69.61931610107422,69.97658848273461,69.14617717058081,69.14617717058081,28019500
2025-06-02,69.52275085449219,69.5613754889944,68.90477143624837,69.55171748864491,10202700
2025-06-03,68.71166229248047,69.31032576806793,68.04540017478838,69.24273449285978,20139800
2025-06-04,68.91443634033203,69.37791726699777,68.24817422049146,68.80822042653436,13565900
2025-06-05,68.47026824951172,69.00134048418063,68.39301896802996,68.92409120269888,13531400
2025-06-06,68.8951187133789,69.02065062685098,68.49922907147304,68.6344116191381,9524000
2025-06-09,69.3006591796875,69.35859981332679,68.64405514464157,68.8951115786903,12281300
2025-06-10,69.86071014404297,70.1890158677097,69.2910133366247,69.42619587963567,12265000
2025-06-11,69.59034729003906,69.8703703857992,69.2910155590421,69.78346310999267,12718500
2025-06-12,69.75450134277344,69.90899990303785,69.13652183550941,69.76415934451417,12806900
2025-06-13,69.06404113769531,69.90035654658321,68.78203453124911,69.79338545340401,17467200
2025-06-16,68.57781982421875,69.64753088439153,68.30553243409292,69.23909237992787,15045900
2025-06-17,67.7026138305664,68.51947601729034,67.66371457130217,68.44167749876185,15437000
2025-06-18,67.30390167236328,68.07214534586534,67.18720389511707,68.07214534586534,16227600
2025-06-20,66.944091796875,67.6442636501103,66.88574661553051,67.18720661151085,40859400
2025-06-23,67.81930541992188,67.88737727005096,67.07051506850198,67.235831358919,21822800
2025-06-24,68.27635955810547,68.41250325259621,67.77068403846482,68.01379883852329,15216100
2025-06-25,67.71233367919922,68.09159218628271,67.51784480043466,68.00407441662121,12540400
2025-06-26,67.5567398071289,67.99434346643818,67.24555316913073,67.78040126170043,14454100
2025-06-27,68.39305114746094,68.61671258849236,67.55673571735596,67.67342606249437,23470700
2025-06-30,68.80148315429688,68.84038240964402,68.15965656998037,68.19855582532753,15429000
2025-07-01,69.69615173339844,70.4546687511552,68.94736138540848,69.03487915548418,21729300
2025-07-02,68.95709228515625,69.85175305742801,68.79176856607998,69.71560934944212,13050200
2025-07-03,69.38496398925781,69.43358991805621,68.50974920581203,69.0835040046779,9440500
2025-07-07,69.0543212890625,69.40440715110462,68.85010577275025,69.40440715110462,16984700
2025-07-08,68.30552673339844,68.73341112175684,67.9554408555187,68.73341112175684,17115500
2025-07-09,67.56645965576172,68.31524987748278,67.0705034511406,68.22773212216525,33704100
2025-07-10,67.84848022460938,67.92627874708911,67.25528689370893,67.3817039282819,14608400
2025-07-11,67.94573211669922,68.22774619635348,67.34280469613401,67.65399136691192,12916700
2025-07-14,67.5567398071289,68.14994049507462,67.36224352133337,67.87765311423554,13983200
2025-07-15,67.44976806640625,67.63453768134465,67.24555253270967,67.5956384245537,12639800
2025-07-16,67.36224365234375,67.58591252662495,66.895467404076,67.44004216681327,13178300
2025-07-17,68.64588928222656,68.7431411346933,67.5956390167677,67.8873723163439,20464700
2025-07-18,67.92627716064453,68.75286603967888,67.90683124011649,68.50003197643797,14928000
2025-07-21,68.14021301269531,68.67506851815607,68.00406932390068,68.25691078277983,17811700
2025-07-22,67.74150848388672,68.32498249462814,66.79822191387204,67.53728553181637,22339900
2025-07-23,67.25527954101562,67.8193002191434,66.71069736246947,67.74150912444364,21030000
2025-07-24,67.1969223022461,67.63453334865494,67.0899512077422,67.35251931944234,12511400
2025-07-25,67.26500701904297,67.3233596212991,66.85657589962774,67.22610775729738,12574800
2025-07-28,66.2147445678711,67.0024415792667,66.1855719784259,66.84684454319225,13668800
2025-07-29,67.4692153930664,67.50811465066909,66.27309475370163,66.45785695322093,16223400
2025-07-30,66.85657501220703,67.42060317111795,66.6426327850839,67.2066609439948,10448200
2025-07-31,66.02025604248047,66.75932712920695,65.87438567520516,66.273097517806,17193400
2025-08-01,66.96354675292969,67.13858972046297,66.38979191851898,66.71070526220926,16107500
2025-08-04,67.06078338623047,67.17748115741855,66.42868344269235,66.82739526312896,10701500
2025-08-05,67.14830780029297,67.57618478453219,66.85656708530182,67.00243744279739,11993400
2025-08-06,67.59564208984375,67.87765615241412,66.73987323258883,67.21638358966032,10783000
2025-08-07,68.49030303955078,68.77231710316218,67.42059938330841,67.54701641074455,15790800
2025-08-08,68.40277099609375,68.91818056231021,68.14993696656224,68.42222433330343,9232700
2025-08-11,68.80148315429688,68.90845425168295,68.03323955455788,68.36387951537151,10909400
2025-08-12,68.76258850097656,69.1029477339502,68.28608557481346,68.86955960552183,11061100
2025-08-13,68.51947784423828,68.82093783748022,68.29581637159919,68.74314673615265,10356500
2025-08-14,67.6345443725586,68.51947843945867,67.47894733000125,68.44167991817999,10722400
2025-08-15,67.99433898925781,68.45139595668844,67.65397978562038,67.81929605320511,12381100
2025-08-18,67.22610473632812,68.1207728777212,67.14831363560826,68.0527010275443,14094900
2025-08-19,68.19856262207031,68.28608781014285,67.33307450734513,67.39142710581851,13862200
2025-08-20,68.75286865234375,69.73505461002739,68.47086198795667,68.79176791415331,17530800
2025-08-21,68.7139663696289,68.95708115454391,68.39305307291524,68.65561377614269,8840400
2025-08-22,68.19856262207031,69.0640507367955,67.99434707560117,69.0057055575972,12999600
2025-08-25,67.0316162109375,68.29581620009569,66.8274006593243,68.17911841948447,13634600
2025-08-26,66.83712768554688,67.17748694005022,66.69125731382393,67.13858767963907,17964200
2025-08-27,66.93437194824219,66.97327120854948,66.58428602475186,66.92464527834655,11562700
2025-08-28,66.47731018066406,67.00243902851135,66.39951166558859,66.98298569010511,16209900
2025-08-29,67.08995819091797,67.23582855490409,66.54538341259635,66.7787715434092,14601100
2025-09-02,67.15802764892578,67.43031502839942,66.38006476746892,67.06078321615301,24770100
2025-09-03,67.08995819091797,67.19692929655614,65.51457903383762,66.76905229327839,33581500
2025-09-04,66.3703384399414,67.54701314687868,66.23419474950401,67.2066539207852,16736000
2025-09-05,66.08832550048828,66.69125286775295,66.00080773485419,66.13695142757932,23978000
2025-09-08,65.57292175292969,66.01052540920429,65.31036104301985,65.99107949039693,21671700
2025-09-09,65.99108123779297,66.23419603533294,65.42705312687427,65.42705312687427,14120600
2025-09-10,65.95218658447266,66.21474731966617,65.3589858435175,65.92301399381509,16041900
2025-09-11,65.7576904296875,66.29253851091354,65.71879117335341,66.04942372328138,15128700
2025-09-12,65.16448974609375,65.85493485256897,65.09641790233633,65.73823708358144,18712400
2025-09-15,64.88031768798828,65.43887019959712,64.77252619660982,65.34087997366443,15986100
2025-09-16,64.90971374511719,65.1742955778558,64.7333283486831,65.01750523605885,18555900
2025-09-17,65.69364166259766,65.78183061086128,65.07629659623035,65.07629659623035,17372300
2025-09-18,65.12528991699219,65.69364363231217,65.01749843732205,65.45846562038378,17722900
2025-09-19,65.09589385986328,65.3898719830779,64.7235280498091,65.15468649403651,31192900
2025-09-22,64.88031768798828,65.2526835370025,64.75293114189328,64.83132631310944,13298700
2025-09-23,65.37026977539062,65.41926862155853,64.57653930545564,65.01749901626968,15072800
2025-09-24,65.11549377441406,65.43886823886022,64.63533644840827,65.07630366615524,14759300
2025-09-25,64.65493774414062,65.57605479413007,64.62553394924579,65.40947067059923,14395000
2025-09-26,64.35115051269531,64.99789935057507,64.18456640942583,64.74311882569755,17821600
2025-09-29,64.71372985839844,64.7725224953635,64.03758462860179,64.35115781937314,14818500
2025-09-30,64.98809814453125,65.30167129997683,64.63532741013324,64.74311888320895,13815000
2025-10-01,65.4388656616211,65.48786450927703,64.95870835452578,65.17429132233272,14877500
2025-10-02,64.77252197265625,65.31147939440201,64.53734395051924,65.19388664524624,14350700
2025-10-03,65.31147766113281,65.64464589397056,64.71372761875983,64.77252025369017,12249200
2025-10-06,64.77252197265625,65.16449032700093,64.51774142090602,65.15468906219432,14333300
2025-10-07,65.44866943359375,65.9092317049746,64.54714742111516,64.89011693932171,13328300
2025-10-08,64.79212188720703,65.52705971837518,64.7333217769151,65.33107181102581,12606700
2025-10-09,65.037109375,65.4584740837794,64.79213006701606,64.9587142021631,12705200
2025-10-10,65.69364166259766,66.04641240800012,65.04689280396849,65.18408059649457,17991700
2025-10-13,65.45846557617188,65.45846557617188,64.67452890204109,64.89991312561031,13690000
2025-10-14,66.15421295166016,66.21300559189413,65.40947377860472,65.52706653524768,14245600
2025-10-15,65.73284149169922,66.35998784361045,65.57605116563428,65.91902065868352,11193700
2025-10-16,66.23259735107422,66.74215846166473,65.81124014879597,65.83083520250732,15707200
2025-10-17,67.0655288696289,67.12432150338752,66.43838252228973,66.6343629522679,15541800
2025-10-20,67.0655288696289,67.26150929960708,66.55596778980696,67.05572760527774,17786800
2025-10-21,69.7896957397461,69.95627984931726,68.81957992240194,69.15274814154425,33651300
2025-10-22,69.38792419433594,70.18166209179373,69.09395356387,69.92688156445087,18293000
2025-10-23,68.53540802001953,69.50552390740795,68.31982505033886,69.38793115771634,13989400
2025-10-24,68.31002044677734,68.64319614986536,68.25122781289237,68.50600835335094,15688200
2025-10-27,68.65299224853516,68.71179236057321,67.85926175967863,68.37861664627238,13800000
2025-10-28,68.75099182128906,69.47612842938857,68.54520263779597,68.64320033514493,12730500
2025-10-29,66.97733306884766,68.62359411504399,66.79115390148044,68.51580263469621,19789600
2025-10-30,67.59468841552734,67.89846034018632,67.01653340839866,67.0753260451263,14751700
2025-10-31,67.51629638671875,67.68288051597163,66.53637918945483,67.17332686291137,16742700
2025-11-03,66.60496520996094,67.50648713044556,66.3011933071436,67.418298181695,15660400
2025-11-04,67.28111267089844,67.34970656986725,66.79115411364286,67.09492602676555,12743800
2025-11-05,67.13412475585938,67.44769793881517,66.81075030826216,67.28111382078306,12850100
2025-11-06,67.6730728149414,67.7514679775491,66.55596791439153,66.92834119869096,15906700
2025-11-07,69.1331558227539,69.44672900218079,68.01605090378472,68.40801177093759,25108300
2025-11-10,69.103759765625,69.24095505589729,68.04545483918639,68.60400736120336,15318000
2025-11-11,70.17186737060547,70.30905517284877,69.2409490730724,69.5545222605106,16160200
2025-11-12,70.07388305664062,70.44624891179929,69.90729144601359,70.05428052542561,13612600
2025-11-13,69.64270782470703,70.2306565880096,69.57411392692464,69.98567731361902,14002800
2025-11-14,69.73091125488281,70.20126732229785,69.18215254133207,69.97589055387915,13172000
2025-11-17,69.26054382324219,70.09347189783703,69.20175118715945,69.77009744703302,14772300
2025-11-18,69.7896957397461,69.90728100477325,69.15274814154425,69.56431152148734,12838900
2025-11-19,69.6819076538086,70.01507588916476,69.387929524586,69.77009660687074,12401500
2025-11-20,69.77989196777344,70.04447375692375,69.19194323524596,69.52511144241448,15396500
2025-11-21,71.48495483398438,71.72014033852818,70.05427665746251,70.24046331284934,26492500
2025-11-24,71.1321792602539,71.69073918877703,70.13266709990427,71.69073918877703,39818600
2025-11-25,71.15177917480469,71.46535233870426,70.69121695491414,71.33796581080485,17451200
2025-11-26,71.41636657714844,71.62214830276261,70.93620921738203,71.1419909429962,11795100
2025-11-28,71.65155029296875,71.75934178597755,71.2987794933354,71.53395753436592,7423000
2025-12-01,71.00025177001953,71.94758632563475,70.98051908409195,71.64167322861248,14388100
2025-12-02,69.73715209960938,70.85224088449384,69.50032221475122,70.85224088449384,19871300
2025-12-03,69.87529754638672,70.45751339427578,69.67794058058216,69.94437323728688,17001700
2025-12-04,69.52005004882812,70.39830135886356,69.44111177850974,69.89503882975501,17710000
2025-12-05,69.07598876953125,69.77661575217998,68.94770750071454,69.39176441704456,13978200
2025-12-08,69.32269287109375,69.4509741475746,68.57272284018585,68.91810129893102,17775100
2025-12-09,69.16480255126953,69.69767540975708,68.90823999356826,69.44111285205581,13010600
2025-12-10,69.28321838378906,69.59899404293097,68.85889413600285,69.46084266259923,29789400
2025-12-11,68.19773864746094,69.756884226757,67.88196299470222,69.61873284921789,23124200
2025-12-12,69.58912658691406,69.68781260121206,68.12866693100831,68.1977426238054,18444500
2025-12-15,70.03318786621094,70.37856631442011,69.39176644600218,69.50031503382299,18660100
2025-12-16,69.44110870361328,70.35883287251339,69.39176569924918,70.35883287251339,17370000
2025-12-17,69.73715209960938,69.98385209220345,69.38190350797899,69.638473608309,13672700
2025-12-18,69.43123626708984,69.86543059913025,69.24374189122055,69.34242036795195,15524800
2025-12-19,69.13520050048828,69.83582754545967,69.10559770725773,69.13520050048828,36911100
2025-12-22,69.28321838378906,69.29308849058006,68.74048296925311,69.00691562312558,12828500
2025-12-23,68.94771575927734,69.33256714051029,68.77009146573242,69.27335402353785,9471000
2025-12-24,69.18453979492188,69.233882800115,68.82929123785102,68.9773127247448,4515300
2025-12-26,68.94771575927734,69.23388865047116,68.80956436748532,69.02665403409692,5711400
2025-12-29,69.23387908935547,69.490441622289,68.92796602518833,69.07598750414854,9686900
2025-12-30,69.14507293701172,69.3128271234264,68.87864026027583,69.07599724091826,8610900
2025-12-31,68.9871826171875,69.2338825850155,68.95757229695229,69.14506668168093,8127800
2026-01-02,68.20761108398438,68.94771100123326,68.0694597017261,68.92797078737598,12151300
2026-01-05,67.04318237304688,68.01024198336809,67.02344216052634,68.01024198336809,21186600
2026-01-06,66.94450378417969,67.34909537013587,66.69780380113889,67.11226549444879,21019900
2026-01-07,66.6484603881836,67.17146308538422,66.38202022215133,67.09251729332391,20223400
2026-01-08,68.45430755615234,68.54311592791208,66.55964614307308,66.64846204351811,19237000
2026-01-09,69.57926177978516,69.72728326780512,68.20761054625903,68.51351610046417,19638600
2026-01-12,69.56939697265625,70.03319415706375,69.31282687578879,69.96411846121707,20582500
2026-01-13,70.29962921142578,70.29962921142578,69.34243201610218,69.49045352040655,18324800
2026-01-14,70.49699401855469,70.76342670445631,69.8753052036401,70.23055380396659,16739100
2026-01-15,69.5496597290039,70.65487079013353,69.441111138545,70.64500068317753,15464100
2026-01-16,69.51019287109375,69.80622834733131,69.11547137409065,69.36217136863179,20027500
2026-01-20,70.80289459228516,70.83249738543434,68.86876764345041,69.07599472418063,22152200
2026-01-21,71.05946350097656,71.28642326380957,69.89503930809639,71.02986070831885,21660600
2026-01-22,70.92131042480469,71.08906459832171,70.49698617322974,70.88183752597381,13962800
2026-01-23,71.91797637939453,72.0956006684145,70.83249795924407,71.06932783504202,18307100
2026-01-26,71.6021957397461,72.33243305993389,71.582463055083,71.89823871049093,14017400
2026-01-27,72.57913970947266,72.58900228836966,71.31602944284143,71.48379115701083,13239200
2026-01-28,72.09559631347656,72.64820936187252,71.61206648372996,72.24361780016629,14633700
2026-01-29,72.4607162475586,73.11200026025516,72.17454337592267,72.21401627497787,20862100
2026-01-30,73.82249450683594,73.91131040841778,72.56926200762301,72.737016175551,26420500
2026-02-02,74.33563995361328,74.70075110650464,73.41791572472846,74.01986427962527,19301500
2026-02-03,75.87503814697266,76.47698664414396,74.13826834224798,74.27641971582645,27007100
2026-02-04,76.32896423339844,77.07893420131059,76.06253159579924,76.25001844126345,28607300
2026-02-05,77.47366333007812,77.81904179412463,76.56580168770265,76.79276898046798,21633500
2026-02-06,77.9867935180664,78.15454769122553,77.2269609210785,77.46379078487288,18512400
2026-02-09,76.9407958984375,78.06574727704532,76.5164716044934,77.63155287523655,23415600
2026-02-10,75.79609680175781,76.48686123887099,75.00666141051002,75.61847252120707,28848200
2026-02-11,77.56246948242188,78.00653394803875,75.56913702664558,75.86517247503785,22649700
2026-02-12,77.95719146728516,79.34858292876153,77.74996439340934,77.93745878206704,26043500
2026-02-13,77.64141845703125,78.35191560814155,77.09867548640923,77.41445116149315,16711900
2026-02-17,78.50979614257812,78.58874193996218,77.70062054110562,77.94732051141658,16260200
2026-02-18,78.44071960449219,78.78609805345862,77.87824397940815,78.45058971122995,16304900
2026-02-19,77.8683853149414,78.61834783362212,77.55260211294627,78.41112075382725,14924700
2026-02-20,78.78610229492188,78.78610229492188,77.8486453788755,78.28283975448566,17175100
2026-02-23,79.49659729003906,79.78277016360019,78.45059180843931,78.47032449375682,17157700
2026-02-24,79.65448760986328,80.0195987475247,78.7959690029484,79.47686333011143,16448500
2026-02-25,79.40779113769531,79.62488832569855,78.50979959253391,79.33871544412028,18086900
2026-02-26,79.43739318847656,79.82224455318176,78.96372591647007,79.68409316732277,12843200
2026-02-27,80.4833984375,80.91759280808873,79.75316861043466,79.8715873102368,28483500
2026-03-02,79.16109466552734,80.32551892932634,79.09201896889039,80.17749742833676,18137200
2026-03-03,78.2927017211914,79.02293907968077,77.52299899130585,78.80584189357235,20549300
2026-03-04,77.0690689086914,78.42098745087183,76.72369045738563,78.24336317181664,21011800
2026-03-05,76.01319885253906,76.69409322640016,75.49019608425752,76.65462032500527,23165700
2026-03-06,76.02306365966797,76.17108514740708,75.34216933327939,75.78623379649675,15516000
2026-03-09,76.77304077148438,77.03947345108865,75.51980059198543,75.60861650431106,18554100
2026-03-10,76.85197448730469,77.37498476510837,76.08227176002292,76.45726054519106,17243900
2026-03-11,76.60527038574219,76.68421618138987,75.58886773500595,76.68421618138987,11546800
2026-03-12,76.58554077148438,77.12828372746395,75.88491374656532,76.39804638147584,16842200
2026-03-13,76.8438720703125,77.5493241995201,76.69484036177172,76.97304299165201,11974500
2026-03-16,77.32079315185547,77.92688067691923,77.24130452354646,77.49963877532433,11761200
2026-03-17,77.08233642578125,77.79771893430544,76.95316550702088,77.49964036226936,14900100
2026-03-18,75.48265838623047,76.63521311651704,75.36342544980671,76.58553841167979,13134600
2026-03-19,75.06536102294922,75.95958159249396,75.04548507491977,75.51247130772158,13023300
2026-03-20,74.2704849243164,75.56214856387686,73.91279368814436,75.08522438882993,33298700
2026-03-23,74.62818145751953,74.96599677096391,74.07177619751555,74.85670179768411,15054900
2026-03-24,74.19100189208984,75.20446299780555,74.151257576135,74.37978549776209,15653700
2026-03-25,74.76728057861328,75.16471614429118,73.59484982911259,74.11151075817682,14787900
2026-03-26,74.21087646484375,75.2640742865408,74.17113214962554,74.70766903439187,11202100
2026-03-27,75.22432708740234,75.56214996357933,74.22080401286095,74.34003695394449,17461000
2026-03-30,75.78073120117188,76.50605164961281,75.23426395194622,75.4429159104272,18502800
2026-03-31,75.56214904785156,76.5259202165659,75.02561219015698,76.03906564550054,18301800
2026-04-01,75.59195709228516,75.87015971059611,74.77721760418045,75.6615077468629,15834300
2026-04-02,76.22785186767578,76.46631017472605,75.6317023098237,76.08875055685873,14573400
2026-04-06,76.72463989257812,76.78425257070258,75.73105482809088,76.14835873586692,8259900
2026-04-07,75.42304992675781,77.10220362104153,75.14483972620837,76.70476805785233,12769200
2026-04-08,76.79419708251953,76.87368571375517,74.83683312594741,75.32368772647273,12331300
2026-04-09,77.67848205566406,77.78777702117893,75.88009548202379,76.15829809226068,14311000
2026-04-10,76.97303771972656,77.66854424679165,76.81406046756733,77.47976823541833,11081400
2026-04-13,75.91984558105469,76.95316747484344,75.34356436995671,76.82400413323315,12696200
2026-04-14,75.4131088256836,76.12849129366677,75.31375183411984,75.48265947782349,12397600
2026-04-15,74.82688903808594,75.25413092050265,74.24067748663992,75.25413092050265,16212100
2026-04-16,74.6977310180664,75.35349326766206,74.41952839214989,74.54869173119597,11501900
2026-04-17,75.25413513183594,75.57208206813982,74.32017027044805,74.46920197461165,15033900
2026-04-20,74.99580383300781,75.73105465653612,74.87657089657657,75.33361911555104,10141800
2026-04-21,74.2208023071289,75.04547974131874,74.14132126201923,74.99580503568177,11806900
2026-04-22,74.15125274658203,74.89644156618083,74.0717717003022,74.4195249666911,9352300
2026-04-23,75.7906723022461,76.16823950213326,74.67786181109135,74.95606443388003,12060300
2026-04-24,76.138427734375,76.515994944942,75.68137947251515,76.21791636612102,12008700
2026-04-27,74.95606231689453,76.21791205760562,74.91631800326823,76.21791205760562,15812200
2026-04-28,77.8473892211914,79.80475303460555,77.5791245859579,79.00988194129084,30710700
2026-04-29,78.36405944824219,78.77142539679481,77.68842127803904,77.86726689898849,18294700
2026-04-30,78.25476837158203,78.61245963126434,77.82752645476445,78.29451268715263,15142200
2026-05-01,78.07592010498047,79.12911790044723,77.5393832335768,78.78136462651507,12610400
2026-05-04,77.68842315673828,78.26469676666424,77.23137491002663,77.5592522393189,12672400
2026-05-05,77.9765625,78.2746334837031,77.24130406320289,77.68842190943671,11637500
2026-05-06,78.72174835205078,78.82110534286001,78.0659785678954,78.27463052273052,14060300
2026-05-07,77.9268798828125,78.64226236939791,77.59899497971874,78.2845711261052,16531400
2026-05-08,77.91693878173828,78.69193391761387,77.61886781126051,78.06597805720338,12447200
2026-05-11,78.15541076660156,78.22496142319731,77.3406636744042,77.6586181965025,10967900
2026-05-12,79.51661682128906,79.80475741893426,77.777842842034,78.49322534922855,19883100
2026-05-13,79.7451400756836,80.51019724643862,79.32782858391015,79.3576425036781,12357000
2026-05-14,79.93392181396484,80.40090804458362,79.39739250692739,80.2121320219049,10642000
2026-05-15,80.30155181884766,80.83808871150025,79.93392258301539,80.83808871150025,17527200
2026-05-18,80.67910766601562,80.86789126211345,79.8743061549928,80.35123034180992,12375500
2026-05-19,81.39449310302734,82.1297515668438,80.73873085042028,80.88777013797514,16595200
2026-05-20,81.02687072753906,81.8714165755325,80.99705680593205,81.64288865926339,16999700
2026-05-21,80.64929962158203,81.27526307733143,80.20218936500615,81.26532510394343,15708400
2026-05-22,80.95732116699219,81.15603516434358,80.40090832959272,80.65924259051201,8240200
2026-05-26,79.94385528564453,81.07654167973828,79.72526535337158,80.32141489019156,13004200
2026-05-27,81.09642028808594,81.98071043915546,80.28168079225381,80.57975178021998,13209600
2026-05-28,79.89418029785156,81.23551864608098,79.82462206468935,80.7983387830763,14691400
2026-05-29,78.50315856933594,79.8146905596223,78.40380157834277,79.52654997942535,32477000
2026-06-01,78.13553619384766,78.69194145640577,77.92688422038836,78.07592351013162,12776300
2026-06-02,77.90701293945312,78.69193851387408,77.74803568155077,78.37399157852226,12533200
2026-06-03,78.25476837158203,78.52303302611722,77.60893650935269,77.78778213919385,14964300
2026-06-04,76.32720947265625,79.52655480787077,76.31727149881779,79.26822055124178,19361600
2026-06-05,78.97014617919922,80.222057932939,76.98297600195211,77.01278234173839,25708100
2026-06-08,79.0297622680664,79.41725986290979,78.59258238446752,78.80123435242527,12828900
2026-06-09,80.81820678710938,81.235518281949,78.87078093951726,79.03969616429994,20591600
2026-06-10,83.05377197265625,83.3121062121698,81.59320829419526,82.14961350503755,20880500
2026-06-11,82.00057983398438,83.50089550771385,81.96083551900014,83.38166256276116,14264500
2026-06-12,82.09000396728516,82.35826860978896,81.34481513977678,82.17942298796885,11757700
2026-06-15,80.91000366210938,81.19999694824219,80.25,81.08000183105469,20055200
2026-06-16,80.27999877929688,81.38999938964844,79.83999633789062,81.1500015258789,17565100
2026-06-17,79.93000030517578,80.33000183105469,78.98999786376953,79.94999694824219,17055400
2026-06-18,79.38999938964844,80.01000213623047,78.73999786376953,79.87000274658203,46857900
2026-06-22,79.52999877929688,80.05999755859375,79.05999755859375,79.25,21205900
2026-06-23,80.30999755859375,81.33000183105469,79.83000183105469,81.33000183105469,16854000
2026-06-24,80.5999984741211,81.58000183105469,80.55999755859375,80.88999938964844,20632600
2026-06-25,80.41999816894531,81.37999725341797,79.97000122070312,80.52999877929688,16021400
2026-06-26,82.62999725341797,82.80999755859375,80.69999694824219,80.95999908447266,53357500
2026-06-29,82.6500015258789,83.62000274658203,82.20999908447266,82.83000183105469,15015800
2026-06-30,81.2699966430664,82.54000091552734,81.01000213623047,82.5,16422100
2026-07-01,81.29000091552734,81.9800033569336,80.95999908447266,81.69999694824219,21734800
2026-07-02,84.13999938964844,84.13999938964844,81.4000015258789,81.62999725341797,18308400
2026-07-06,82.95999908447266,84.55999755859375,82.31999969482422,84.0999984741211,18992600
2026-07-07,84.05000305175781,85.68000030517578,83.63999938964844,84.5999984741211,17835200
2026-07-08,83.4000015258789,84.83000183105469,83.2699966430664,84.16999816894531,14160000
2026-07-09,82.62999725341797,82.81999969482422,81.70999908447266,82.08999633789062,15782500
2026-07-10,83.48999786376953,83.73999786376953,82.41000366210938,82.7300033569336,10694600
2026-07-13,84.25,84.68000030517578,83.66999816894531,83.9000015258789,12085800
2026-07-14,83.08000183105469,84.62999725341797,83.08000183105469,84.16999816894531,13775400
2026-07-15,82.44999694824219,83.23999786376953,82.2300033569336,82.93000030517578,18383800
2026-07-16,84.91999816894531,84.94999694824219,83.27999877929688,83.5,17889900
2026-07-17,81.55999755859375,85.55999755859375,80.83000183105469,85.37000274658203,32903000
2026-07-20,82.12000274658203,82.37000274658203,81.30000305175781,81.55000305175781,14967200
2026-07-21,81.97000122070312,82.4000015258789,81.31999969482422,81.97000122070312,12949400
2026-07-22,82.19999694824219,82.91999816894531,81.95999908447266,82.8499984741211,11701300
2026-07-23,81.16999816894531,81.87000274658203,80.87999725341797,81.66999816894531,13755600
2026-07-24,82.25,82.33000183105469,80.9000015258789,81.56999969482422,11980400
2026-07-27,84.06999969482422,84.13999938964844,82.5,83.08000183105469,19937600
2026-07-28,88.2699966430664,90.22000122070312,86.25,88.30000305175781,34982900
2026-07-29,89.08000183105469,90.91999816894531,88.63999938964844,88.6500015258789,21711700
2026-07-30,88.48999786376953,88.63999938964844,87.20999908447266,87.62999725341797,17616100
2026-07-31,87.58999633789062,88.0,86.81999969482422,87.66000366210938,14725900
2026-08-03,86.86000061035156,88.4800033569336,86.62999725341797,88.4800033569336,23197100
2026-08-04,86.55999755859375,86.68000030517578,85.16000366210938,85.79000091552734,17085700
2026-08-05,86.83000183105469,87.1500015258789,86.19000244140625,87.05000305175781,15868600
2026-08-06,86.8499984741211,87.97000122070312,86.41999816894531,87.86000061035156,13568500
2026-08-07,87.05000305175781,87.16999816894531,86.19000244140625,86.51000213623047,11221700
2026-08-10,86.87000274658203,87.52999877929688,86.43000030517578,87.11000061035156,13710800
2026-08-11,86.4800033569336,87.05000305175781,86.11000061035156,86.62000274658203,16018000
2026-08-12,86.70999908447266,87.29000091552734,85.66000366210938,85.77999877929688,12651900
2026-08-13,87.41999816894531,87.75,86.91000366210938,87.13999938964844,10140600
2026-08-14,87.70999908447266,87.97000122070312,87.19999694824219,87.30000305175781,9166400
2026-08-17,86.9800033569336,88.0199966430664,86.8499984741211,87.30000305175781,12056400
2026-08-18,88.81999969482422,88.95999908447266,87.87999725341797,88.4000015258789,12524500
2026-08-19,90.3499984741211,90.76000213623047,88.58999633789062,88.58999633789062,15993900
2026-08-20,90.5,91.87000274658203,89.7300033569336,90.18000030517578,14928000
2026-08-21,91.0999984741211,91.19999694824219,90.31999969482422,90.8499984741211,15595800
2026-08-24,91.98999786376953,92.48999786376953,91.44999694824219,92.12000274658203,14787700
2026-08-25,91.63999938964844,92.08000183105469,91.30000305175781,91.56999969482422,11940100
2026-08-26,90.08000183105469,92.20999908447266,90.0,92.20999908447266,17133900
2026-08-27,89.05999755859375,90.02999877929688,88.95999908447266,89.41000366210938,13441700
