Price,Close,High,Low,Open,Volume
Ticker,META,META,META,META,META
Date,,,,,
2021-08-30,377.3462829589844,378.1690443337999,367.2945391457995,369.3167890124131,13547300
2021-08-31,376.07745361328125,379.4280351230296,375.5024856460896,376.6424989511328,12345400
2021-09-01,378.72418212890625,380.984333157656,375.51239652276655,376.28560528913044,11567200
2021-09-02,372.0131530761719,378.42683236190425,370.80377207439494,378.1790086340969,14832900
2021-09-03,372.9846496582031,373.87680906781947,369.862046346664,371.48778459469844,7509600
2021-09-07,378.8531188964844,379.62632779264646,369.901726184333,372.60797244686165,10793800
2021-09-08,374.283203125,377.5544640235521,371.5274046568623,376.85065315181134,11067200
2021-09-09,374.7095031738281,376.5235596799351,373.2919586101133,374.35265150125184,9098900
2021-09-10,375.3934631347656,380.4490731082647,374.9672135938655,378.04020354167477,11549600
2021-09-13,373.232421875,378.42679704445317,371.09122143634556,378.357399146683,13026300
2021-09-14,373.2522277832031,375.2942926398303,371.84457586409377,374.1146494141582,8711600
2021-09-15,370.66497802734375,374.2732754958761,364.46938530837144,373.71815280840957,17940300
2021-09-16,369.8125,370.30814748622225,366.4916557919265,369.54486124813184,11934200
2021-09-17,361.5450439453125,368.1768086376163,358.4422863528636,368.1768086376163,26299000
2021-09-20,352.60357666015625,357.88716469623876,346.7549130689674,356.1722137811243,19822800
2021-09-21,354.3681335449219,356.90584622489916,352.09805961371984,355.3792435144386,11751900
2021-09-22,340.2222595214844,346.7945484933344,337.7242076653426,344.2072837407498,43692900
2021-09-23,342.9483642578125,346.6260900015658,340.0141399174007,342.3535812862905,21806300
2021-09-24,349.8874816894531,351.26539628778556,339.3896710608605,340.2520928877083,18801900
2021-09-27,350.50201416015625,352.0583543102863,344.0585977379562,346.7648435259705,15205800
2021-09-28,337.6846008300781,346.55670226470806,335.96968001839247,344.9408867412506,21710300
2021-09-29,336.65362548828125,342.22472789071014,335.9299996176052,340.1628176861306,14452200
2021-09-30,336.43560791015625,339.81589707106764,335.2063815997219,337.4863781379668,16547100
2021-10-01,340.02410888671875,342.0165912727719,335.6921545610234,338.63627168005377,14905300
2021-10-04,323.3901672363281,333.01563287337103,319.8908972208889,332.6091983075989,42885000
2021-10-05,330.0615234375,332.26219920558924,323.3207305857964,325.7196471719252,35377900
2021-10-06,330.7356262207031,331.4691747245333,322.96384802328623,326.8695521281811,26443000
2021-10-07,326.3540954589844,335.89034718472595,326.1161943728777,334.0663682700986,28307500
2021-10-08,327.1768493652344,330.4976931247865,325.84851791179705,328.6241616109095,15946100
2021-10-11,322.61688232421875,327.5832483555272,322.47808654095144,324.77789757746996,14708200
2021-10-12,320.9515380859375,321.5562437044352,314.60725679206337,320.21798954237187,31658700
2021-10-13,321.71484375,324.15342064578897,319.8512045646959,324.1236830099349,14761500
2021-10-14,325.6700439453125,327.6427107017356,324.25249979624374,325.50151053683453,14302200
2021-10-15,321.93292236328125,326.2054007094238,319.70250897020327,325.8187812003698,21596400
2021-10-18,332.4207763671875,332.9660066284294,324.6490291917283,326.08641867364844,21585000
2021-10-19,337.03033447265625,339.4788340210917,334.34393383511576,336.6932978457845,18786300
2021-10-20,337.8134460449219,340.98560155556015,336.4950372510375,340.46021651337685,13639500
2021-10-21,338.90386962890625,339.330119130641,334.85936992096316,337.31779190524065,16354400
2021-10-22,321.7842102050781,326.7605297669298,318.31467819269096,323.5090838339694,35224500
2021-10-25,325.8287658691406,326.69118770503417,316.9368482389188,317.51178604554,38409000
2021-10-26,313.06085205078125,327.33549311220946,306.90491895434997,325.4024861336373,65654000
2021-10-27,309.5020751953125,316.47087668883006,309.3434643911741,311.4549272341347,29971800
2021-10-28,314.16119384765625,322.68630580861134,305.42785792385024,310.2653818889196,50806800
2021-10-29,320.7533264160156,323.16216597555615,316.81788410494806,317.4027445174339,37059400
2021-11-01,327.1075439453125,330.54733889955435,323.1621788466154,323.20183911823943,31518900
2021-11-02,325.2240295410156,331.87564034805075,320.98128842176436,328.4953209834724,28353000
2021-11-03,328.7332458496094,329.25863099399135,320.38655881984874,324.6391926245561,20786500
2021-11-04,332.9264221191406,334.33404403713143,329.75426611061545,331.10244300241123,22495300
2021-11-05,338.1604309082031,343.77116361985196,336.6834112016594,337.34756183736033,26872800
2021-11-08,335.6722717285156,341.78857452736924,335.39471036863415,341.4218002573743,18342500
2021-11-09,332.4505310058594,338.33882451623015,331.558371739543,337.04023075318736,17556700
2021-11-10,324.7878723144531,330.2895468537602,322.67640935822544,329.59562832992003,21872600
2021-11-11,324.886962890625,329.56587577012334,324.15341438577855,326.94887310974923,12376600
2021-11-12,337.9224548339844,338.88398162277895,326.9091553109215,327.3056671288403,25414300
2021-11-15,344.534423828125,350.57140562732303,340.21239295129374,341.34245331053467,25076600
2021-11-16,339.9744567871094,343.6323370262524,337.9026542813804,340.8368784244507,18181100
2021-11-17,337.80352783203125,344.27668185234273,337.13937723798097,341.24332209715345,13602800
2021-11-18,335.74169921875,339.4788704029074,332.38119471540324,336.76273183814124,17487200
2021-11-19,342.2940979003906,349.0349209979875,336.94111178741986,339.2211080822215,26488500
2021-11-22,338.0415344238281,350.74991396369325,337.54588689920536,346.01152483837666,27116800
2021-11-23,334.3141784667969,338.42804592460385,330.5968228871068,335.97954650603793,17225000
2021-11-24,338.0910339355469,338.80476746889843,329.91285106468973,333.0750841949081,13566200
2021-11-26,330.2201232910156,334.8098231158565,329.0107424089883,332.8767861295948,14750700
2021-11-29,335.0874328613281,337.70446606683015,332.3911093701691,333.95737234216773,16650900
2021-11-30,321.63555908203125,332.88676309740873,320.6145264679722,332.08381658790216,25390000
2021-12-01,307.8962097167969,327.62297267144055,307.588910710239,327.41480920775433,30329600
2021-12-02,307.6880798339844,311.8614234526496,304.52584625835294,308.689267246072,24396200
2021-12-03,304.1689147949219,311.0187659884353,296.89281406704816,310.9989509816925,27471000
2021-12-06,315.1029052734375,317.3135037928877,303.6732762774191,305.4477026203686,21758300
2021-12-07,319.99993896484375,323.69748023367185,318.2056974213445,318.77074283610557,18794000
2021-12-08,327.68243408203125,329.85337229580705,320.25764508948055,322.1708369530798,19937700
2021-12-09,326.9488830566406,333.2039513001033,325.1447191229976,326.6713217016124,16879200
2021-12-10,326.8795166015625,332.1135528369936,323.52893476015333,329.66505304918854,14528000
2021-12-13,331.5782470703125,338.1207999668093,326.7209077349468,328.069084634236,22948700
2021-12-14,330.834716796875,332.77767638581724,324.79773509646463,325.194246965992,20461000
2021-12-15,338.6858215332031,339.1318860901714,321.1597348390758,329.59563392577627,24681300
2021-12-16,331.98468017578125,341.46145769089816,330.8347743776726,336.0291806038767,22635000
2021-12-17,330.88433837890625,334.17541450753987,327.87079336466917,329.90293584106695,40012600
2021-12-20,322.61688232421875,327.0281257262868,319.7222883986814,326.9091751988659,17901800
2021-12-21,331.290771484375,333.0750902240933,320.9317275596732,323.56857565417766,16116800
2021-12-22,327.57342529296875,331.59808033252256,325.402486952431,330.8942391431612,16764600
2021-12-23,332.3216857910156,333.73926046044926,325.50157217835203,327.2264458403401,13987700
2021-12-27,343.1664733886719,344.8417642492237,335.0676107095978,335.90029482489064,17795000
2021-12-28,343.2061462402344,349.63964092460617,342.19503626000375,343.6125808087769,16637600
2021-12-29,339.95465087890625,346.64589097074906,338.6659797027257,343.8900925578149,10747000
2021-12-30,341.3623046875,344.20734652415706,340.23224420785385,341.00545303663915,10593300
2021-12-31,333.4220886230469,340.45036673933066,333.3427680797524,340.0340095168431,12870500
2022-01-03,335.5929870605469,338.1108543487535,334.2547328826255,335.3550557110125,14537900
2022-01-04,333.60052490234375,340.10341806741985,328.98108629845854,336.9907673140269,15998000
2022-01-05,321.3481140136719,332.8372194532063,321.0209697220324,330.1210505772262,20564500
2022-01-06,329.5658874511719,336.2174978797131,319.9106849971609,320.0098205355799,27962800
2022-01-07,328.9017639160156,334.0664021975525,326.0170919463344,329.8434759787728,14722000
2022-01-10,325.2140808105469,325.48171950640443,312.6841004601609,322.47809757856305,24942400
2022-01-11,331.4593200683594,331.71706646122874,322.44845172018375,323.9353942908779,16226800
2022-01-12,330.3589782714844,333.4418911715471,327.1570845609265,332.26224771249537,14104900
2022-01-13,323.637939453125,332.7082808860371,322.9242059820677,332.063945311924,14797100
2022-01-14,329.0107421875,329.8335338228713,318.4137982227158,318.98876615498534,16868500
2022-01-18,315.3804626464844,321.38770724912837,314.8749228247817,320.4757328930127,22645600
2022-01-19,316.80792236328125,324.25255648211686,316.5501760176956,316.7979997340146,20814700
2022-01-20,313.8043212890625,324.96631190525255,313.2293835392829,321.08042246053043,16925000
2022-01-21,300.5308837890625,315.5390726265912,300.4020106136228,312.06954052686575,28710700
2022-01-24,306.0225830078125,306.83545193460026,286.49409527277817,295.247214295692,38878100
2022-01-25,297.53717041015625,303.56426059087903,294.9895351520155,297.33892957316243,25108500
2022-01-26,292.0652160644531,304.83309899106166,288.3181226187675,304.33745154982324,28348800
2022-01-27,292.0750732421875,299.08350349930663,291.69837643095406,295.15798511491323,21629900
2022-01-28,299.0835266113281,299.2718750314997,290.47909555515713,293.04654529359937,21871600
2022-01-31,310.5330505371094,311.0584356248489,296.7143971894849,298.0625437346582,21579500
2022-02-01,316.2230529785156,316.8773112011151,309.40293966017686,311.821701482423,18023800
2022-02-02,320.188232421875,325.1447066079721,314.1115902294131,324.96628079773285,58458300
2022-02-03,235.69027709960938,245.8411426276449,233.6977797357552,242.52029856192772,188119900
2022-02-04,235.02609252929688,240.49804434059385,228.10685870647143,232.92455228605658,89342200
2022-02-07,222.95213317871094,236.22557090302277,222.05995871878767,235.6307879297406,88613800
2022-02-08,218.2633056640625,223.8046556975706,214.26838839341522,218.92748656351395,94729700
2022-02-09,229.98040771484375,231.3384768338874,220.27563768264372,222.24830477510113,86563300
2022-02-10,226.08465576171875,232.95432278596698,224.7265713389725,226.28291173464223,49310400
2022-02-11,217.63877868652344,228.4141484371467,216.86556994435307,226.47121907896008,46156900
2022-02-14,215.8048858642578,219.0761618951234,212.9103067167767,217.4008711781249,38184000
2022-02-15,219.076171875,219.22486005892043,213.18787777639622,218.55078679053494,42685500
2022-02-16,214.65496826171875,215.56697278399525,210.51136327892735,210.5609310438708,45817500
2022-02-17,205.90185546875,215.60662518366414,205.3566402879214,212.15692341599396,38747500
2022-02-18,204.3653564453125,208.91539632217007,203.39387657053754,207.56723467799455,37128400
2022-02-22,200.3208770751953,205.67386353473034,198.31845712325313,200.57860830625324,39852400
2022-02-23,196.7224884033203,205.13858834213104,196.3259764563684,202.3827894707201,44481400
2022-02-24,205.79283142089844,206.53630261082083,188.56412087278997,189.3968049752726,49957200
2022-02-25,208.64772033691406,209.48041944495978,201.41126544277088,203.15595393014488,37627600
2022-02-28,209.1929931640625,211.29453382947978,205.02955697979945,205.87214869661202,34239800
2022-03-01,201.7185821533203,209.90667166894585,200.4596335354331,208.04303262444745,27094900
2022-03-02,206.2983856201172,207.32932567756626,200.26140321055217,202.99737173398083,29452100
2022-03-03,201.203125,207.25993738193364,199.66661489556296,207.20046210869705,27263500
2022-03-04,198.31846618652344,204.09771758664783,197.05951735897975,200.60835511137336,32130900
2022-03-07,185.8380584716797,199.14123438340457,185.64971001813566,199.04209884176245,38560600
2022-03-08,188.63348388671875,194.98768728769406,184.489878816178,186.21473724141336,37508100
2022-03-09,196.77203369140625,197.36681666982452,192.23190132562794,194.03606526779308,31894700
2022-03-10,193.5106658935547,194.57134347134718,189.40670599838367,193.14387652938188,24853000
2022-03-11,185.97683715820312,191.87503879956054,185.04501753022495,190.96304930488995,34694500
2022-03-14,185.00535583496094,190.616072982161,184.2024094563913,185.40186770987287,31010500
2022-03-15,190.35833740234375,190.60616109995925,184.2916181250228,189.13904904534374,31721700
2022-03-16,201.85736083984375,201.9564812422435,192.82666479132567,193.00509059122,40640300
2022-03-17,206.0307159423828,206.22897188521705,199.3593059035766,199.94416622902315,29499700
2022-03-18,214.60543823242188,214.91273723110518,204.2067492915965,204.9006526960362,52128000
2022-03-21,209.6489715576172,212.84094246310048,205.82257249783686,212.632763871021,30142300
2022-03-22,214.76405334472656,217.54960496999047,208.35037355497568,209.5300170121947,31998800
2022-03-23,211.60183715820312,214.9127588248865,210.31315063421195,211.47296396801562,23717300
2022-03-24,217.65863037109375,218.74904569512475,212.9202267914641,213.12840537772053,31502300
2022-03-25,219.8890380859375,223.53699599289988,216.98453621485453,218.59042908411953,40039000
2022-03-28,221.64361572265625,222.08969538769563,217.6288684853834,220.19633368710993,26224100
2022-03-29,227.85903930664062,228.8800718121414,223.3288144925983,224.1020384066852,31417900
2022-03-30,225.86651611328125,229.13777670598705,224.73644069693836,226.9172861340614,25588000
2022-03-31,220.42433166503906,226.50097416228894,220.3251961259612,226.46131389627396,24192300
2022-04-01,222.89266967773438,225.30150908222552,220.76137651588385,222.59527817538776,19544800
2022-04-04,231.8539581298828,232.3099604286333,223.89386147924975,224.01281202415882,28054800
2022-04-05,229.82180786132812,234.7981125352081,229.00895390219355,232.04231390079502,29727200
2022-04-06,221.35614013671875,226.99661017964237,219.4825934997473,224.9347151034795,28995100
2022-04-07,221.00918579101562,223.5568208391309,216.6574019650015,221.98065051757655,21037200
2022-04-08,220.3945770263672,223.17020552086805,218.11459593710012,220.44414479208226,18375700
2022-04-11,214.57571411132812,218.68958215288694,213.3465029132089,216.51864376614157,20516600
2022-04-12,212.27589416503906,220.09721050095476,211.27469173834876,218.32279924455113,20128800
2022-04-13,213.1184844970703,214.72437730811373,209.49034172860436,209.97608164874075,19231800
2022-04-14,208.350341796875,213.11848267360907,208.1719159864897,213.01934713942245,18379500
2022-04-18,208.9352264404297,211.52250668657197,206.48672687267987,208.1719251462913,16580800
2022-04-19,215.41830444335938,216.52854995364393,207.18064578010325,208.6874183483184,20089900
2022-04-20,198.67530822753906,212.2957046517589,197.18836598093702,211.75048946947976,43036500
2022-04-21,186.43284606933594,201.20313458082896,183.96451623076376,199.8450653573932,49954100
2022-04-22,182.50729370117188,191.04234288346137,181.67460966532872,188.71279395775377,36426800
2022-04-25,185.3622283935547,185.55056170817895,180.07862505796282,181.139302675937,29281100
2022-04-26,179.37478637695312,185.5604712136734,177.93741197946932,185.00534856024166,31747400
2022-04-27,173.42703247070312,179.6325479655742,167.52883108777505,172.91155490901065,71062900
2022-04-28,203.9390869140625,206.7147155418311,191.22077206999722,201.1535507830585,100890600
2022-04-29,198.72488403320312,210.6303299905901,198.15983869617668,202.68015601451035,49193400
2022-05-02,209.29208374023438,210.03555486785692,199.24035469981607,199.41878050998523,49915300
2022-05-03,210.1842498779297,213.02926131184137,206.27854567365722,208.61800216969073,41556300
2022-05-04,221.46519470214844,222.34744654800306,205.15839680914934,208.81626224243902,41375900
2022-05-05,206.46690368652344,218.2533996208579,204.36536330702657,216.83585515286595,41129200
2022-05-06,201.99615478515625,207.55731947021067,199.27009396161898,205.53506951603146,34747200
2022-05-09,194.50196838378906,200.80660420921586,193.8774477905192,198.10035838901905,36303200
2022-05-10,195.92941284179688,201.19320098052617,192.4995412750609,197.7732217905714,34452500
2022-05-11,187.0970001220703,198.92314071841457,186.6310903208202,194.62092459185249,31153400
2022-05-12,189.57525634765625,196.32597270309722,183.17148415767517,185.43163548920708,38262200
2022-05-13,196.8909912109375,198.14993998847334,189.61489016381347,190.90357657872764,24549800
2022-05-16,198.2986297607422,203.58223351596016,194.22440702177838,195.33466762129902,27112600
2022-05-17,200.85617065429688,203.67145970606575,196.63325976558357,200.36052319724772,24872700
2022-05-18,190.56654357910156,199.25028175657994,189.96185306425463,198.25898682246762,23960000
2022-05-19,189.6248016357422,193.58998137940185,187.94952589985266,189.5355887217403,24446900
2022-05-20,191.85519409179688,196.18716276985003,186.23455423988324,193.2727535593855,31465600
2022-05-23,194.5217742919922,195.27516802030826,189.57522292255692,193.49083435582054,25059200
2022-05-24,179.70191955566406,182.08102101762512,174.57692727127068,178.97827858926098,50406300
2022-05-25,182.22972106933594,183.8356137712795,177.75898706063882,178.8295721112959,28030200
2022-05-26,189.9618377685547,191.15138856851496,180.67339469817318,181.28800779348728,23056500
2022-05-27,193.43136596679688,193.62962190857738,188.14776268187097,189.69418020410123,22562700
2022-05-31,191.954345703125,195.87988020083372,190.33853016005855,193.19346434021034,26131100
2022-06-01,186.9978790283203,197.79308044410078,183.38956601023835,194.79936545558363,36623500
2022-06-02,197.12889099121094,199.19078605787604,186.09577466544653,186.80950815490593,31951600
2022-06-03,189.1192169189453,194.89846730147926,188.12792213894204,194.27394674977066,19465000
2022-06-06,192.5590362548828,195.2057918492942,186.75995498137883,192.30130502364528,30574200
2022-06-07,193.9468536376953,194.81919804623945,189.82307808357928,190.2592351618906,18828700
2022-06-08,194.92822265625,200.27130140118285,192.7176393311409,192.97537055202793,22267200
2022-06-09,182.3982696533203,197.71377350934452,182.08104801085352,192.58878046517898,23501600
2022-06-10,174.04164123535156,181.50609012398724,173.49642605155532,181.44659972815228,27450800
2022-06-13,162.83009338378906,171.0776741390652,162.60209979408089,169.1049918602242,31749300
2022-06-14,162.30470275878906,165.29841746325724,159.9553387871744,164.58468395588787,27244300
2022-06-15,167.8757781982422,170.6613141290513,162.55251490737075,165.74448533100573,30008300
2022-06-16,159.46958923339844,163.64294698629192,158.22056323389432,162.29478545665458,26944100
2022-06-17,162.31463623046875,164.45582176964723,158.5080522282356,160.2725559821109,31374200
2022-06-21,155.68287658691406,166.29963714436744,154.61227621435427,164.48556555136005,50724900
2022-06-22,154.4932861328125,159.3902692794772,154.08685167272213,157.00126053138882,47267800
2022-06-23,157.36810302734375,158.35939816452387,152.9072749100332,154.9096953224068,40499200
2022-06-24,168.67874145507812,168.76795436460003,159.8958681588776,160.32211769945533,68736000
2022-06-27,168.01455688476562,170.25487763124974,166.54742972686054,169.82862813839694,29174600
2022-06-28,159.28126525878906,169.80882791035233,159.2118824778089,168.42100590518334,27744500
2022-06-29,162.5128936767578,164.8820879607232,158.92441086091708,162.1461193919892,28595200
2022-06-30,159.84629821777344,163.79164757572488,157.11032981455412,160.7384575527912,35250600
2022-07-01,158.6369171142578,159.2217774583534,153.6507051194892,158.9144784682679,31423900
2022-07-05,166.7259063720703,166.78538165116808,155.65314317652565,156.76338872224667,28618600
2022-07-06,168.29212951660156,170.09627826306044,164.01965116887757,166.7357893546175,23085900
2022-07-07,170.69105529785156,171.2164403356707,166.31944156720544,167.97490208036592,24083400
2022-07-08,169.3924560546875,170.89921322255273,166.68621042725124,168.50028168128424,19249200
2022-07-11,161.46209716796875,166.0319666680864,160.50054002986025,165.61562467931125,21885600
2022-07-12,161.84872436523438,164.46574232541377,160.68891113440077,163.3654043690906,16639700
2022-07-13,162.06680297851562,163.54382264724677,158.2205740607195,158.7657892618441,16555100
2022-07-14,156.67416381835938,161.17463606202577,155.91086250108654,159.81656687331278,23765200
2022-07-15,163.26625061035156,163.54381194440333,158.42874226976485,159.1424606102135,23342800
2022-07-18,165.7742462158203,170.19542824056563,164.1980909139379,165.29842888667773,23574300
2022-07-19,174.2498016357422,174.95362761088478,168.0343789009671,168.88689304820255,25933700
2022-07-20,181.49618530273438,182.00175539820398,175.16181129811827,175.9449427642158,24784300
2022-07-21,181.5754852294922,182.24957362777684,177.31291412933265,179.05760283598016,27195800
2022-07-22,167.79649353027344,174.0713921211751,166.94397930324826,171.5634172107559,42583900
2022-07-25,165.1992950439453,169.08518450414397,163.37531599182617,167.52884419406948,26166300
2022-07-26,157.7645721435547,164.55494803766118,156.57502132751043,164.49547276575285,28468400
2022-07-27,168.10377502441406,169.38253866879188,160.60958871085882,161.17461888480676,43846600
2022-07-28,159.3209228515625,160.1040391932578,153.50202643480458,159.6579594985726,73214300
2022-07-29,157.7150115966797,158.74595155199424,153.8192150963796,156.3172822730475,42065400
2022-08-01,158.5377655029297,163.7519856802314,153.87868310332334,155.8811027764834,40596700
2022-08-02,158.79551696777344,160.8276743398196,156.63448643098596,156.9318778971807,27374500
2022-08-03,167.33058166503906,168.06413020831988,160.16352379387357,161.2737692383806,31721900
2022-08-04,169.08518981933594,170.65142255669952,165.348003557644,166.83494600847538,23938200
2022-08-05,165.65530395507812,170.11613134467288,164.3567099573721,165.53635339832977,25832700
2022-08-08,168.7679443359375,175.96473933628346,165.67510931528614,166.5375309746696,27299100
2022-08-09,167.0629119873047,168.05420679058827,165.14972027742735,167.47925398956878,18655100
2022-08-10,176.78753662109375,178.90890719547573,172.4357524234894,174.4580025790822,30262100
2022-08-11,175.94491577148438,181.50608008675786,174.83465533334396,178.14559139095888,24079100
2022-08-12,178.92872619628906,179.8803759384062,177.35257096418084,179.23602518954743,21274000
2022-08-15,179.31532287597656,179.86053806278343,176.64873733810558,177.4021310965874,15878700
2022-08-16,177.90769958496094,179.41447209085894,175.49884507628477,177.8779619475911,21156700
2022-08-17,173.32791137695312,176.5892647931606,172.65382301032733,175.2212730535076,20118100
2022-08-18,173.1395721435547,174.22998746603588,170.36394337785367,172.82235051275006,18844500
2022-08-19,166.4978790283203,170.81992490333863,165.59579714220007,168.71836966989872,26240800
2022-08-22,161.63064575195312,164.04940786700593,160.84751426544375,164.04940786700593,19499700
2022-08-23,159.70751953125,163.61322379839797,159.30108499815987,161.06558868342577,18111800
2022-08-24,161.83877563476562,164.01963618816083,158.37916663370757,159.2019430923144,20891500
2022-08-25,167.31076049804688,167.409896043459,162.59220198006366,163.74209262665752,15550500
2022-08-26,160.37168884277344,169.43212368762408,160.26264579796614,167.01336169441478,24023600
2022-08-29,157.78439331054688,161.6306220189667,157.62578251049774,159.26142802483227,20052700
2022-08-30,155.7919158935547,160.25274310903546,154.5527972225878,158.95414916201582,19567900
2022-08-31,161.51168823242188,166.37895034709413,160.7285718323034,165.61566408238514,40953000
2022-09-01,163.92051696777344,165.9031066673711,158.95413521562654,162.15601334520824,30145700
2022-09-02,158.9243927001953,166.46813175460187,157.8339623485163,165.99231447657763,22634200
2022-09-06,157.15988159179688,160.2824694990789,156.31729003024532,158.70631429044778,19339800
2022-09-07,158.9937744140625,159.55881971779763,155.44493716925498,156.3866642161884,16831200
2022-09-08,160.64923095703125,160.81774925591185,156.36684533746566,157.32840249210523,22530800
2022-09-09,167.67750549316406,168.06410985118802,161.60087879529817,161.82887235875899,22086800
2022-09-12,167.48916625976562,169.8980052223089,165.82378322774733,165.93282625440304,23220400
2022-09-13,151.7969970703125,160.22300395305948,151.3409947482943,160.13377591386535,44444100
2022-09-14,150.15142822265625,152.20340064312884,147.75249656335097,151.99523720059614,43064200
2022-09-15,148.2481689453125,152.8576846035777,147.40556215248668,148.49599269308936,34606300
2022-09-16,145.01651000976562,147.28658357814408,143.0339204046636,146.7611985428687,40122800
2022-09-19,146.73146057128906,147.28658323928715,143.83688156961458,143.97566223661408,22169500
2022-09-20,144.81826782226562,147.54432878807003,143.9558461024819,144.51096882445577,23217400
2022-09-21,140.8828125,148.297708513864,140.76386196399903,145.1156455422139,38338600
2022-09-22,141.57676696777344,143.32144081863817,139.64372951040622,140.31781801307898,34418500
2022-09-23,139.1876983642578,141.37845127369607,137.68092612104357,140.1889006084037,31710700
2022-09-26,135.18284606933594,141.00175592849624,135.00442029346908,138.900200992788,30497000
2022-09-27,133.2300262451172,138.2063307938041,132.95246488791165,136.71938846907756,30826500
2022-09-28,140.37728881835938,140.79363091292262,133.1011869794441,133.44813116193265,32658500
2022-09-29,135.22254943847656,138.6226838987271,134.02307587866284,138.14686655208894,38985400
2022-09-30,134.49887084960938,139.76265892956278,134.32044504653885,134.86566021029577,33166400
2022-10-03,137.40338134765625,138.40458371235383,134.9152366908158,135.94617669127948,27723100
2022-10-04,139.058837890625,141.15047059220228,138.12701832793766,139.26701646086826,34670700
2022-10-05,137.77015686035156,138.9894604417,133.60672142963895,137.03660833682997,27979300
2022-10-06,137.85939025878906,140.2186618566196,135.41089062341658,136.5211360812192,36231100
2022-10-07,132.28831481933594,137.0861789925336,131.2871123139666,135.56949885152673,33214800
2022-10-10,132.62533569335938,134.92514708155127,130.72205133380032,132.3874346021392,24024000
2022-10-11,127.42102813720703,131.50517303734162,125.88452572051676,130.4742179650908,38481400
2022-10-12,126.39009094238281,128.54119891036558,125.150972403732,127.20295996419793,34605200
2022-10-13,129.15579223632812,129.99839886279543,121.46335006942364,122.4546448648166,34325700
2022-10-14,125.65654754638672,130.64275227527537,125.41863131764799,129.8596359353625,23559400
2022-10-17,132.87313842773438,133.61660947229097,129.0467401800448,129.1657058328247,29612200
2022-10-18,131.64395141601562,136.6400705127759,130.25612963150132,135.89659941870124,25445000
2022-10-19,132.0701904296875,135.8073757344359,131.06898821450804,131.73315385736456,30691000
2022-10-20,130.385009765625,135.57940019928222,130.1669236896268,131.7728164983782,26356300
2022-10-21,128.87823486328125,128.987277899163,124.3480253746499,125.21044703283174,46348600
2022-10-24,128.5907745361328,132.31803788284694,123.485604332285,126.14227494403816,63563400
2022-10-25,136.31292724609375,137.1456262806238,129.45316981297384,129.74065374333438,38433200
2022-10-26,128.68992614746094,134.37004234989396,127.411147107178,130.53372035500666,82791500
2022-10-27,97.08743286132812,101.60773555462907,95.54100754810898,97.12708556812662,232316600
2022-10-28,98.3364486694336,99.97208672735346,96.66116547189773,98.71314556260309,95928300
2022-10-31,92.34903717041016,98.45540986504903,91.7939068796394,97.36498697989708,121361400
2022-11-01,94.37125396728516,96.6413197751868,92.73562373576053,93.50883240440383,110189600
2022-11-02,89.75184631347656,94.37127688030247,89.69237103621083,93.38989699051638,71821100
2022-11-03,88.13602447509766,89.67252688039356,87.64037707410301,89.29583757831013,60664000
2022-11-04,89.99967193603516,90.59444741007951,87.32317095836484,89.56349972567841,55638100
2022-11-07,95.87803649902344,96.03663973796807,92.289546516777,93.95492212208184,81987300
2022-11-08,95.63021850585938,96.94864251443767,93.96484280107093,95.08500329540075,52088300
2022-11-09,100.5866928100586,103.98683455524989,99.86304421903829,100.83451653036997,107677300
2022-11-10,110.89615631103516,111.76849304628479,103.69935366554259,106.18750582793226,80671000
2022-11-11,112.0361557006836,113.89979510985843,107.86280472795862,108.27915436886865,59961700
2022-11-14,113.22569274902344,115.25784254195601,109.83546636362014,110.02380723193426,53395000
2022-11-15,116.06079864501953,117.70634410360653,113.41404330659984,115.05958876518682,50670500
2022-11-16,112.24431610107422,115.06950483314925,111.67927835465922,113.50325719818159,33287800
2022-11-17,110.47981262207031,111.35215696681517,108.84418210163332,109.44887259042972,35093800
2022-11-18,111.07459259033203,113.32482860499377,109.65704063160446,112.80935860317447,33357700
2022-11-21,108.90365600585938,111.39180826964389,108.23949025208182,110.54920157215746,24351100
2022-11-22,110.46989440917969,110.64832777485412,107.37705192514898,108.90364681747944,29029000
2022-11-23,111.26293182373047,111.68918891166292,109.76608204588022,110.74746182954631,21343100
2022-11-25,110.44015502929688,111.7486638358951,110.05354310729881,110.33111199849877,12007600
2022-11-28,107.83303833007812,111.06466123187192,107.43651892985545,109.81562776821298,23309400
2022-11-29,108.50712585449219,109.97424545853981,107.59513647080314,108.58643125211184,23899200
2022-11-30,117.07191467285156,117.13139750383256,108.42782278422197,108.55669594886484,43348600
2022-12-01,119.39157104492188,120.1449497921599,117.36932835727015,118.16235981167556,36551400
2022-12-02,122.41500854492188,122.960223780531,116.58619709077205,116.80428318501569,39950500
2022-12-05,121.36422729492188,123.58472561396967,120.29362705497797,120.69014650269564,35474900
2022-12-06,113.12657928466797,119.50060593921687,112.74988237378976,118.86617779381996,43689200
2022-12-07,112.93824005126953,114.87126228290218,111.89737727240231,112.7697217157899,29461100
2022-12-08,114.32603454589844,116.3185317086247,113.59247092643747,115.3768046454245,30619400
2022-12-09,114.89107513427734,116.5167980904086,112.8787477899795,114.29629973425023,26033400
2022-12-12,113.71143341064453,114.71264334504619,112.15510077026792,114.17734320872192,24747100
2022-12-13,119.10407257080078,122.22665272537202,117.60721529463237,121.06683205334555,44701100
2022-12-14,120.53154754638672,123.05935265645726,118.35070171403657,118.35070171403657,36922000
2022-12-15,115.13890075683594,117.59730780116884,113.01753033834721,117.29992387771452,34531000
2022-12-16,118.39033508300781,122.2365560809106,117.78564466622959,119.18337392687468,67064000
2022-12-19,113.48343658447266,116.77453514998675,113.33474084591141,115.81297794533405,29769900
2022-12-20,116.07071685791016,116.30863308058215,111.48102416799355,112.27406311760701,28742500
2022-12-21,118.71747589111328,119.29242116853779,114.61351572943319,115.68410844245172,20392800
2022-12-22,116.1004638671875,117.587406248649,113.38431033837217,116.1797617130006,23618100
2022-12-23,117.01244354248047,117.15122421471159,114.53420644838265,115.01993880119159,17796600
2022-12-27,115.86254119873047,117.56756957808179,115.03977220793341,116.9034038330725,21392300
2022-12-28,114.613525390625,117.12150041606034,114.50448234056431,115.23803848944327,19612500
2022-12-29,119.213134765625,119.97642856196946,114.76221492156402,115.38673559064442,22366200
2022-12-30,119.29242706298828,119.37173247171707,116.71506178314314,117.13141139747924,19583800
2023-01-03,123.65412139892578,125.26993689605494,121.21553689802785,121.75083704158786,35528500
2023-01-04,126.26123046875,127.92660615490277,124.75445802924148,126.27113797211675,32397100
2023-01-05,125.83499145507812,127.40123939178781,123.45588190968051,125.03203735118072,25447100
2023-01-06,128.88815307617188,129.19545204150296,124.9427964767583,127.84729051950087,27584500
2023-01-09,128.34292602539062,131.79262734629245,128.15457761222828,130.0182164886261,26649100
2023-01-10,131.8323211669922,132.27840087038675,126.04315471213991,126.16210526612231,28684400
2023-01-11,131.73316955566406,132.68481924934517,129.20536471009615,129.8199777912905,25423000
2023-01-12,135.5199432373047,136.4814854510704,130.61302099038483,132.27840442063882,30757700
2023-01-13,135.78756713867188,136.19400166584558,133.66619672063948,133.79506989412366,22423800
2023-01-17,134.18167114257812,135.55957037535876,133.08133325697926,134.99452505190794,21147600
2023-01-18,131.86203002929688,136.05520252766846,131.6439439772816,134.62773568755287,20215500
2023-01-19,134.96478271484375,136.25346899669938,130.98969596078695,131.33665519565676,28625200
2023-01-20,138.15676879882812,138.72181416630133,133.43821040315862,134.70706669654805,28688600
2023-01-23,142.02281188964844,142.5085366667069,137.4529422032484,138.07744764888903,27470100
2023-01-24,141.89393615722656,143.73774507844354,140.1294326346161,140.45656173163377,21970200
2023-01-25,140.26821899414062,141.9236795516066,139.088575721669,139.9906576507307,26622000
2023-01-26,146.0177459716797,146.22590943609623,142.05256625826522,143.14298160387807,25482100
2023-01-27,150.41908264160156,151.85645711696716,146.10694408954603,146.94955074370452,35771900
2023-01-30,145.7798309326172,149.80448595440728,145.67078788457044,148.1093800836338,28040100
2023-01-31,147.6731719970703,148.57525380019487,146.2357977138026,146.66204717240367,29842100
2023-02-01,151.7870635986328,152.24306588807985,145.77981918793483,146.7413764088904,55661000
2023-02-02,187.1267547607422,195.44371891127255,178.59170450785547,181.7836755049325,150475700
2023-02-03,184.90625,195.05711596317784,181.29793690534038,181.87288980447352,76809700
2023-02-06,184.4403076171875,189.03991487291054,183.90501508191707,184.90621738212576,42483800
2023-02-07,189.95191955566406,192.09312012094964,182.79476933118949,183.96450515195008,47080700
2023-02-08,181.83323669433594,189.16882885482534,181.32768168382998,188.34605218018598,36139100
2023-02-09,176.37120056152344,185.0252014788401,175.72686487660647,184.50973898129092,37118800
2023-02-10,172.6339874267578,177.33273033452983,171.84096366888724,174.8148481387777,33433600
2023-02-13,177.86801147460938,179.4243515078164,174.2894519129695,176.6685532858945,31463200
2023-02-14,177.91761779785156,179.92994538612123,174.34896496503035,175.61782132238378,24034600
2023-02-15,175.6177978515625,176.6388303288191,173.80372647545715,174.8842342230846,25308900
2023-02-16,170.9388885498047,174.3192076619539,170.29453781345282,171.2461875370984,25827500
2023-02-17,171.37506103515625,171.67243739377372,168.22273550017792,168.73821306504692,24171300
2023-02-21,170.58201599121094,176.6189978696537,170.3837600506006,172.79259922463552,34592600
2023-02-22,169.63037109375,171.25609405423205,168.21282670866515,169.58081845166606,22433200
2023-02-23,170.5423583984375,172.17800396749618,167.9055256077023,170.50271326007802,20017800
2023-02-24,168.90672302246094,169.23385212671894,166.20049241118272,167.17195709518748,19791300
2023-02-27,168.0641326904297,171.61297028977367,167.58831536803652,170.3837742797613,19277000
2023-02-28,173.41714477539062,176.00442525665616,170.37386195170444,170.4035995907796,46051100
2023-03-01,171.91036987304688,176.3018144043206,171.54359557874108,173.070183159276,30998400
2023-03-02,173.01068115234375,173.4864984236013,169.93766120564743,170.87940337141325,17352000
2023-03-03,183.63735961914062,184.99542863944524,175.50874537644046,177.3624617911287,45877700
2023-03-06,183.29043579101562,188.00900957744497,183.03270454150618,186.3634562800606,33209400
2023-03-07,182.90380859375,188.7028895567601,182.4081611653204,187.35472794639318,36701500
2023-03-08,183.35980224609375,183.64727108561956,179.7613972448921,181.27807709436618,19432400
2023-03-09,180.10836791992188,187.28533312080012,178.7304686513036,184.7278056589579,26582800
2023-03-10,177.9473419189453,183.16156276961232,177.2435310110156,179.4342842678197,25665000
2023-03-13,179.32525634765625,182.18019073857934,173.29819616275796,176.4108618038768,24728000
2023-03-14,192.33103942871094,192.62843092188572,184.93597286944848,185.94709789585886,41642600
2023-03-15,196.02854919433594,196.05828682863768,189.17869840894608,191.27033106859906,42123600
2023-03-16,203.14605712890625,203.9688337131776,194.38301382017207,196.53412194369412,50447100
2023-03-17,193.90719604492188,200.14243431213578,193.72875509737597,198.81410277601756,50141100
2023-03-20,196.08804321289062,197.62455334455456,191.95434526414255,196.75220898573428,25186300
2023-03-21,200.40016174316406,201.77806091937316,196.226803951734,201.43110168666132,31827000
2023-03-22,198.0706329345703,205.56482001084692,197.93185225263778,200.7372186543796,28477800
2023-03-23,202.50172424316406,206.07039199137296,200.39026123164382,201.07425714388052,27389700
2023-03-24,204.21665954589844,205.77299981949574,201.77808253088455,203.39388295313782,27716400
2023-03-27,201.07424926757812,204.06796403208844,199.6071370845429,203.02710138580258,18527200
2023-03-28,198.9330596923828,199.28001896896532,196.17726099151233,198.40767458850203,19127300
2023-03-29,203.5624237060547,203.92919799665844,200.7768721952202,201.7879972778657,18851100
2023-03-30,206.0307159423828,206.2785396524153,201.05442673562075,201.60954942594012,22608300
2023-03-31,210.0950469970703,210.3230405925682,204.97005409451702,205.43596391529096,25440300
2023-04-03,211.21517944335938,211.63152142285102,206.38756372977042,207.0219917641326,17924600
2023-04-04,212.850830078125,214.35760247602127,210.6897994530681,211.53240612071065,21026400
2023-04-05,209.63902282714844,213.31673323896115,208.11243547048335,212.2857781628593,19396600
2023-04-06,214.2188262939453,215.0515103499927,206.8336674517872,207.4284504209406,26104400
2023-04-10,212.88058471679688,213.7826667269681,208.8261921119088,212.84093957529885,16106100
2023-04-11,211.9884033203125,214.13951126472867,211.55223117933252,213.60420359135924,16710100
2023-04-12,212.1370849609375,214.95235853299292,210.7294481749098,212.96976895391873,18972200
2023-04-13,218.4318084716797,219.2248321863754,213.81237121638407,213.85201635173573,23310400
2023-04-14,219.56190490722656,220.17650288269624,215.656200722299,215.98332984258553,21591200
2023-04-17,216.95481872558594,219.05635923123276,215.2398826549583,217.87671579141596,15481900
2023-04-18,215.9932403564453,218.52104532046772,214.32787222191163,217.99566024521894,12281000
2023-04-19,213.82229614257812,215.4381115885571,211.07640517251718,211.61171286211123,15898100
2023-04-20,211.21517944335938,214.86313685945242,210.9177879934489,211.62159879474763,16475400
2023-04-21,211.03675842285156,211.55223597623976,207.7555749142046,208.3800955053103,17717200
2023-04-24,210.93763732910156,212.05780541816344,208.87575722630933,211.8198891943213,15750900
2023-04-25,205.74325561523438,209.42095115389515,205.32691358025164,208.9847941119795,19198200
2023-04-26,207.57713317871094,212.24613852452936,207.0616707532641,210.65015322914314,41992700
2023-04-27,236.48329162597656,239.58604927632857,234.70888054019042,237.80171556165394,71196500
2023-04-28,238.2279815673828,238.3370094781109,233.69775691934507,236.92937263012743,39554000
2023-05-01,241.06309509277344,241.8759642001365,234.4016070438007,236.54279260820323,29143900
2023-05-02,237.1573944091797,242.78794211157887,236.9095706872228,241.0630835614137,24350100
2023-05-03,234.96661376953125,239.6455266055783,230.7238730814823,237.38537558955068,34463900
2023-05-04,231.48721313476562,236.12646648431465,230.90233758777302,234.00509578477568,17889400
2023-05-05,230.7536163330078,232.63707051688766,227.84912965326185,230.21832376395497,27000500
2023-05-08,231.23936462402344,233.56889855403585,228.26547993603842,229.40546301604877,16400500
2023-05-09,231.33847045898438,233.82663017174102,229.06841194563827,229.44510882268386,16865600
2023-05-10,231.05099487304688,234.68904499084164,228.71153852913469,234.11409218905428,19119000
2023-05-11,233.7374267578125,236.13637381843506,230.27781710507037,231.0212883085138,20449000
2023-05-12,231.77467346191406,234.8972616787955,229.43521673831066,234.67917557631003,16161400
2023-05-15,236.78067016601562,238.16847679831426,233.2814008261875,234.85755588557478,20653200
2023-05-16,236.74105834960938,237.55391231265511,233.46978211198044,233.73742084776137,18163800
2023-05-17,240.37908935546875,241.71732830364155,236.06695078411929,236.37424976201174,21193100
2023-05-18,244.70115661621094,244.93905771597244,239.09042374878152,239.19946679482555,22943300
2023-05-19,243.50167846679688,246.52513093495048,241.29109507655596,245.31574994768903,21733600
2023-05-22,246.15834045410156,251.36263833291363,242.9861848843443,243.27366885675846,27738500
2023-05-23,244.59210205078125,249.41970323490676,244.50287401661294,244.66148482629066,17748100
2023-05-24,247.04061889648438,247.41730068840283,242.81769276730455,243.14482191294246,17724300
2023-05-25,250.4903106689453,253.39479746511117,247.00094838612523,251.19412157731733,22371400
2023-05-26,259.7589416503906,260.02658040081684,250.51015779219784,250.7282287690767,25727200
2023-05-30,260.2347717285156,266.3114153676037,259.01549814969866,262.9410181690731,23816500
2023-05-31,262.4155578613281,262.6931191922848,256.20015042244955,257.7366452452606,25473700
2023-06-01,270.23687744140625,271.6147918186333,263.5754050196668,263.5852973969688,25609500
2023-06-02,270.23687744140625,272.9530459308971,268.7598577796487,270.2864603355899,19416900
2023-06-05,269.02752685546875,273.1711321141078,267.2134403187121,267.9469888352594,20742900
2023-06-06,268.7598876953125,274.16245738799296,267.3423431472537,267.7884379849693,19419000
2023-06-07,261.30535888671875,271.8626442161029,260.5123047633767,269.3051165166383,26163600
2023-06-08,262.2768249511719,265.3201079447365,256.6264614480304,258.35130511451564,20899400
2023-06-09,262.6435852050781,265.61746978448156,259.42187691072445,260.1950856912926,16949800
2023-06-12,268.69049072265625,269.3844093055368,263.0202822587517,264.8442916334225,15442500
2023-06-13,268.95819091796875,273.31988326096797,266.7475919779013,272.4871990160984,16164000
2023-06-14,270.970458984375,272.59616684149415,265.9842469943128,269.5231769435399,19175100
2023-06-15,279.3766174316406,281.5178179621432,269.05726454784934,269.9295786141267,25973500
2023-06-16,278.5538330078125,285.3442082969982,277.69141139005217,282.2711884305146,43127700
2023-06-20,281.8548889160156,282.3207987676239,273.8155011330665,276.30366121845566,20701600
2023-06-21,279.1883239746094,281.52776553347246,275.93684749984334,281.0618556973367,20556200
2023-06-22,282.40008544921875,282.77678233751567,275.3718084998464,276.6505570919048,17563100
2023-06-23,286.216552734375,287.1483722477748,276.5216909955678,279.0594032123411,51092000
2023-06-26,276.0458984375,287.26736422711815,275.183476694736,286.18685639120184,24232700
2023-06-27,284.55120849609375,286.83120507390686,278.2069267505543,279.55510363818735,26108300
2023-06-28,282.8065185546875,287.02941407913994,281.5872149884615,282.3406087612761,16722100
2023-06-29,279.0792541503906,284.0753889556589,278.2465700581659,282.0234012362909,15395700
2023-06-30,284.4818420410156,286.5337996422137,281.9441293320843,282.2811659924353,19694900
2023-07-03,283.5301513671875,286.88073290993367,282.3703532958794,284.2042548786633,8629300
2023-07-05,291.8074645996094,295.52482034373986,283.8671830495328,285.14596189605084,33865500
2023-07-06,289.44818115234375,295.5248235823149,288.7741078971482,293.3142553701415,47600500
2023-07-07,288.0008850097656,293.62153999226626,286.1471685227358,289.63651542467915,25586000
2023-07-10,291.5398254394531,295.5347425297434,284.5511784998187,292.9771848405433,37058300
2023-07-11,295.693359375,297.56689097448395,289.35897054625923,291.3415603139649,27585900
2023-07-12,306.64715576171875,306.75621392994793,297.48760071490796,299.1232312229929,36677100
2023-07-13,310.68170166015625,313.48705258601495,307.58886677660786,310.88986509411,30281000
2023-07-14,306.1812438964844,312.13893578938223,304.68437895121997,309.0758382489042,23054100
2023-07-17,307.9159851074219,308.9964928062854,302.05742922495097,304.86281044247795,25323100
2023-07-18,309.33355712890625,311.4648653357093,304.9421280436291,308.17375905316084,20731900
2023-07-19,313.2591552734375,315.9058960891806,307.8169249324872,310.30508516352205,21763700
2023-07-20,299.88653564453125,312.7932151799263,299.5891592620239,310.77096502311366,23836900
2023-07-21,291.6984558105469,302.80094087646535,288.665095744608,301.9187041196789,42139300
2023-07-24,289.071533203125,294.9300905422449,285.7903490282836,293.20524684663945,24915700
2023-07-25,291.9065856933594,295.7032315280009,289.3192904924628,292.6203191709946,19585600
2023-07-26,295.970947265625,299.1430730271776,289.3589964867336,298.56813525384524,47256900
2023-07-27,308.9964904785156,322.5177659332042,307.14277406177325,322.28975724084523,64229200
2023-07-28,322.6466979980469,323.3604315871249,311.51444458487873,314.12155519848204,39220300
2023-07-31,315.8265686035156,322.8251083416329,314.8253510504006,320.87225613271846,25799600
2023-08-01,319.9007568359375,321.31833148178566,311.92084528786495,314.7757793342165,22817900
2023-08-02,311.5738830566406,315.6183830009451,307.94574026174797,315.2317634870685,20461100
2023-08-03,310.46368408203125,313.1996679680387,307.23205269504695,307.23205269504695,15180200
2023-08-04,308.025146484375,315.6382858185751,307.49976127581,312.21830552098345,17612800
2023-08-07,313.8043212890625,314.30989138505396,307.75741615279827,310.50332247597623,16236500
2023-08-08,309.9184875488281,315.1227863698251,307.4104821227682,311.66314620132135,15183500
2023-08-09,302.55316162109375,310.89987947036195,300.2137197630778,310.1564081634955,19955800
2023-08-10,303.0784912109375,309.6210435617212,301.22477459946464,305.2593520785052,14358900
2023-08-11,299.0141906738281,302.0673654764671,297.745304234176,299.93608761646493,14046300
2023-08-14,303.5245666503906,303.5443816563155,295.65368327400716,298.35992905267074,15641900
2023-08-15,299.3215026855469,304.5555384693023,297.4182031951271,303.4750306746695,11623600
2023-08-16,291.7281494140625,298.45901919205147,291.71822678564473,297.58670519685023,18547700
2023-08-17,282.6082763671875,293.47286065252206,282.4695108038598,290.4989757740898,23950100
2023-08-18,280.7843322753906,283.2030946981994,271.99154972899885,276.6010658148206,35347900
2023-08-21,287.3763427734375,287.97112567547384,279.39643211452176,280.98250976931354,20181500
2023-08-22,285.0964660644531,290.35031779565327,284.2538592108278,290.0033584733458,12980200
2023-08-23,291.6786193847656,294.81111508897186,285.1658344882448,285.98859599429807,18287000
2023-08-24,284.2538146972656,296.8531644997961,284.144786778373,295.90152985922856,18360900
2023-08-25,283.01470947265625,285.87956641170797,273.62714504469477,283.6392301342168,23701400
2023-08-28,287.7331848144531,288.9128278272101,283.31198904735095,285.49284930250946,14239300
2023-08-29,295.3959655761719,296.54587132156684,285.67136476377044,286.0678766841328,20844500
2023-08-30,292.5311584472656,295.6933918946849,290.87568249832157,294.58314634297454,17717000
2023-08-31,293.3143005371094,298.4789391656425,293.086291789836,293.22505736284154,17229900
2023-09-01,293.79998779296875,299.1133139449209,291.90661090057637,296.76394986830445,12842300
2023-09-05,297.53717041015625,298.76639670796936,292.9375776161612,294.4344124053595,14956000
2023-09-06,296.5657043457031,300.65972681313633,293.08624961534355,299.0835715746785,15418100
2023-09-07,296.0700988769531,304.3771257874454,289.67623385522955,295.4059178983488,33748700
2023-09-08,295.2968444824219,302.59276023279784,294.19649144148667,296.61525335375495,17548000
2023-09-11,304.8826904296875,306.34981793313096,298.6573589856579,298.7862321770856,19489300
2023-09-12,299.0340270996094,305.97309149092956,297.61648263441475,303.6633574024578,13480400
2023-09-13,302.4044189453125,304.5059592872475,298.69698571008445,299.7279106218778,13210900
2023-09-14,309.0065002441406,310.14648352356824,302.3747338096857,304.0698399078246,19343100
2023-09-15,297.69580078125,309.2840418195797,296.1493829923059,308.89742224638235,28131100
2023-09-18,299.916259765625,300.9571375613304,295.2076089926441,295.59422852439974,14234200
2023-09-19,302.41436767578125,303.50479820729083,297.2001463854222,299.8469173004536,15924400
2023-09-20,297.0613708496094,305.3783197455341,296.82343949040535,302.3945122667024,19379500
2023-09-21,293.1556396484375,297.64620415124955,290.7170325130372,293.1259020127335,21319600
2023-09-22,296.4764709472656,302.7216470856656,295.6735244833445,296.6945570394368,25369600
2023-09-25,298.2112731933594,298.3302540096242,291.1433649787579,293.0664797740678,18987000
2023-09-26,296.3575134277344,297.6858449572033,293.4332116377571,295.0688421646148,19417200
2023-09-27,295.1480712890625,298.6770779649397,284.2934125858477,297.8345016800585,36429800
2023-09-28,301.31396484375,303.66332872549503,294.11718502598364,296.33767574089586,22167100
2023-09-29,297.5965881347656,307.93581535856936,296.75398154770994,304.70418479612954,25373700
2023-10-02,304.1491394042969,304.5059910836601,299.0043159300185,300.10463885997774,16265600
2023-10-03,298.32025146484375,304.0994866817158,297.03158036045915,301.61135737230416,17362300
2023-10-04,302.9198913574219,304.2284079253051,295.9015365648199,296.1295452893803,16880500
2023-10-05,302.13677978515625,303.54440159622794,296.89282131542484,301.97816897158543,19130000
2023-10-06,312.6841735839844,313.5565180214866,298.29058112096453,298.8159662591981,21803900
2023-10-09,315.588623046875,317.5414751678971,309.10557632186953,309.7796495788927,22503700
2023-10-10,319.038330078125,321.83378880843856,315.3903722999116,316.34200688294163,19038000
2023-10-11,324.96630859375,325.9774185235088,320.13870716386896,320.1981824390359,22036300
2023-10-12,321.3381652832031,327.662631720703,319.8809605389769,325.1447341503426,20530500
2023-10-13,311.95062255859375,322.2204241253581,309.6508109232836,320.7136666325285,21341000
2023-10-16,318.35430908203125,319.0184898882461,312.77331469106156,315.8661797826119,16536100
2023-10-17,321.1795654296875,321.57607736131524,314.5378771302187,315.4102215309524,16387800
2023-10-18,314.2107238769531,323.10263972349975,312.8129945346358,318.5922603419994,16851000
2023-10-19,310.08697509765625,319.08795030688776,309.03620485654955,317.09543774973184,18709200
2023-10-20,305.963134765625,312.55523915239206,303.80211935646275,311.40536380308697,22312300
2023-10-23,311.2765197753906,314.59733347334077,304.5852792316508,306.80577011666287,17796800
2023-10-24,309.8291931152344,315.5787213935738,307.9259239452391,314.0223812193745,19525500
2023-10-25,296.92254638671875,308.1737490291754,296.2385505173556,307.3014047174126,42192500
2023-10-26,285.8398742675781,292.43197892863674,276.9677733145693,292.43197892863674,66684100
2023-10-27,294.14697265625,296.70450041423834,290.419693821055,291.9165589334296,29596300
2023-10-30,300.0252990722656,306.70661659471585,296.44670897879655,296.48636924282346,28435100
2023-10-31,298.6474304199219,301.0364549734393,294.2758158885733,300.669680667848,19434200
2023-11-01,309.1353454589844,310.017582259887,299.22239566233213,299.22239566233213,20434600
2023-11-02,308.163818359375,316.0446243432361,305.64592102556026,314.53783684335446,21631800
2023-11-03,311.86138916015625,312.8031011868626,308.31253639094047,309.82921641467783,16764300
2023-11-06,313.0508728027344,315.5588473330183,311.7126490795683,313.22932885081644,12887700
2023-11-07,316.044677734375,318.2056935641624,312.37687415015614,314.2999888616323,14055600
2023-11-08,316.9963073730469,318.53280249069024,312.1389680232896,315.37059933746826,13609700
2023-11-09,317.759521484375,321.35792628385803,316.0247556638353,316.63938382329235,16103100
2023-11-10,325.9079895019531,326.23513373605715,316.67903707934255,317.1548694871678,19096200
2023-11-13,326.32440185546875,329.4370524090673,322.86479200320247,323.36043950075,16908900
2023-11-14,333.38238525390625,335.1568115946723,330.4283155624995,331.62780417236013,17179400
2023-11-15,329.813720703125,335.4541911554932,327.1471349777592,334.9882813381861,14531200
2023-11-16,331.28082275390625,331.66741200788823,323.53881252614497,326.50277439703774,18932600
2023-11-17,332.1234436035156,332.5794307757708,326.4829733409951,327.38505530805384,14494400
2023-11-20,337.0105285644531,338.89398282519466,331.2808452491062,331.97476378028864,16960500
2023-11-21,334.04656982421875,336.94113402174503,332.9759543798253,335.3847937518308,12027900
2023-11-22,338.51727294921875,339.9348475941971,335.6326012688178,336.25712187256374,10702700
2023-11-24,335.28570556640625,338.8840808634013,333.83839314189083,337.1691599420157,5467500
2023-11-27,331.7863464355469,336.94106069712933,331.290699088169,333.25344322256103,15684500
2023-11-28,336.0390319824219,336.42565149537353,330.4976973935413,330.4976973935413,12637200
2023-11-29,329.30816650390625,336.9411188190531,327.90051448369286,336.7329553677821,16024500
2023-11-30,324.3021240234375,330.5968527575102,319.5934731970562,329.0008824720162,23146400
2023-12-01,321.992431640625,324.01465154921027,317.96777657976315,322.64668993525703,15276400
2023-12-04,317.2341613769531,318.0668454059469,310.92954076374997,314.5279458457028,19037100
2023-12-05,315.5193176269531,319.0780633129794,312.6445679622556,316.2033136482819,16952100
2023-12-06,314.6865539550781,319.4447570091409,314.2801194470397,319.12753540502547,11294300
2023-12-07,323.7469787597656,325.38260919838507,315.0037509944529,315.0037509944529,15905100
2023-12-08,329.8533935546875,330.26975074319756,320.18826782318274,320.27748073816616,14087400
2023-12-11,322.4483947753906,327.0182798666103,317.2143590609615,326.5325248079935,25802500
2023-12-12,331.31060791015625,331.5584316540226,321.73469481692894,321.7743550864856,18485500
2023-12-13,331.82598876953125,335.4243934854844,329.7442940347382,331.02304245710206,16353300
2023-12-14,330.2697448730469,331.786424904649,325.779180053839,330.94381816444326,19607300
2023-12-15,332.0044860839844,335.7119191603619,328.33668302041815,329.0999691679317,31776900
2023-12-18,341.6200866699219,344.5344964635308,334.0862384296534,334.54225592253124,18993900
2023-12-19,347.31005859375,350.5218745666176,342.11568311875016,342.57167029164464,17729400
2023-12-20,346.2394104003906,351.869957016327,344.7623909831456,345.61488990125895,16369900
2023-12-21,351.0075988769531,353.30741024884486,346.17007504363573,349.90727608593943,15289600
2023-12-22,350.313720703125,354.0905518678329,348.1625974502464,352.4846287114761,11772800
2023-12-26,351.7411804199219,353.8724888040851,350.3732187747808,351.8997912451386,9898600
2023-12-27,354.7149963378906,355.87482453649875,352.21694439339376,352.9703381036662,13207900
2023-12-28,355.2008056640625,358.7496281934857,354.69523557044886,356.5687975042497,11798800
2023-12-29,350.8786926269531,356.86612158180657,348.757337524102,355.86490417120007,14987100
2024-01-02,343.2755432128906,350.0857348081717,337.05021201896517,348.2617556958284,19042200
2024-01-03,341.4713134765625,344.92103019558954,340.1925347420734,341.9768834940871,15451100
2024-01-04,344.0982666015625,345.11929909621364,340.41064851615806,341.5010789113967,12099900
2024-01-05,348.8862609863281,350.4227560194501,343.2457904424102,343.96941637649724,13920700
2024-01-08,355.537841796875,355.85506343366256,348.9853666048785,351.61232236037006,13890200
2024-01-09,354.3184814453125,357.5005594299917,352.26649401636956,353.29744904498443,13463900
2024-01-10,367.2449951171875,369.69349454560995,355.9541325367698,357.0346705179699,22117200
2024-01-11,366.4520263671875,369.53493921555446,359.77067767079683,368.8906035328076,17205400
2024-01-12,371.2300109863281,373.7776460956339,366.32311946752475,366.9377174545656,19310000
2024-01-16,364.26116943359375,372.3402157968574,364.03319099664327,370.39728650901986,15306900
2024-01-17,365.1632995605469,365.33183300535507,355.48825160061466,363.1113118453537,12724800
2024-01-18,372.8557434082031,373.5694769229854,367.7208432542545,368.25612070140227,16354300
2024-01-19,380.11199951171875,381.0140511493726,374.67969316917856,375.7007255933001,21670800
2024-01-22,378.4565124511719,386.95191580906175,377.84191453997227,384.5728144342601,17680500
2024-01-23,381.8467712402344,384.9990814617669,378.75390603497135,381.2718033118794,15506100
2024-01-24,387.2989501953125,392.70148953741614,384.4340932605351,386.60503162752025,15698500
2024-01-25,389.75732421875,392.047213033443,382.302797409854,386.7735471204069,15091100
2024-01-26,390.7089538574219,393.33587907319196,388.18113392185984,390.91711729854256,13163700
2024-01-29,397.5290832519531,399.42246020474215,389.6780443214767,391.5515760143711,18742400
2024-01-30,396.5774230957031,402.8225686731587,396.09169829023307,400.0766927751704,18614700
2024-01-31,386.7437744140625,394.5353371545359,383.7302296999333,385.61368380179516,20180800
2024-02-01,391.3433837890625,397.01359160077834,389.6284327898342,390.51069973653455,29727100
2024-02-02,470.8551330566406,481.72963881592403,449.0664915252919,455.59912098341835,84707600
2024-02-05,455.4107666015625,467.7920294868746,455.2224181615912,465.7896247984481,40832400
2024-02-06,450.7616271972656,463.0536781539214,449.056598724922,459.9608428440702,21655200
2024-02-07,465.50213623046875,467.415327994543,452.2088689116338,454.01303276517825,23066000
2024-02-08,465.90863037109375,466.49349076622264,460.9818932185822,464.2432621017178,18815100
2024-02-09,464.0350036621094,469.4673101663156,463.40059070831603,468.83289721252225,18413100
2024-02-12,464.8181457519531,474.97891789094643,462.5183344561305,464.1143348840818,19382000
2024-02-13,456.11456298828125,463.81694302069843,451.12835130568254,452.892854856831,20916600
2024-02-14,469.1600646972656,469.98282618084056,462.0326517085822,463.8566307551382,16858400
2024-02-15,479.81646728515625,484.3665072274175,468.1092769839316,471.1426369454391,24212300
2024-02-16,469.19970703125,474.7905945088787,465.12546928119934,473.9479877976202,23324600
2024-02-20,467.6433410644531,472.03476994795795,462.49851842146023,465.63101374806274,18015500
2024-02-21,464.447998046875,465.41057550181085,458.25576468630754,462.92970889465835,12921800
2024-02-22,482.40948486328125,486.23992842019754,472.41654676636847,476.5645485214587,21625800
2024-02-23,480.3255615234375,490.57648938610384,478.65842637192833,484.31478426826664,18374300
2024-02-26,478.0530700683594,482.41941959747976,476.92181062419036,479.7698406915825,12101400
2024-02-27,483.3224182128906,483.5407356847416,476.2470121182993,476.30655049389355,10809600
2024-02-28,480.3156433105469,487.29183946523705,479.05537389204176,481.28815398786173,12715500
2024-02-29,486.3788757324219,487.93686726454155,478.91640943030325,484.70180744595217,17732000
2024-03-01,498.4557189941406,500.39080710945973,488.0857144887077,488.3437040291378,16273600
2024-03-04,494.377197265625,500.5595280134549,492.62075453598,499.1503823962354,12324100
2024-03-05,486.4682312011719,491.7871953126849,484.1560765691493,491.21164751531245,15325300
2024-03-06,492.2932434082031,499.120593170195,490.50703156108455,493.8214657207925,11757900
2024-03-07,508.27008056640625,515.871429965554,497.5428147005372,499.428267454864,18586400
2024-03-08,502.0777893066406,519.5629320729014,495.52829549516997,510.254715842795,18597100
2024-03-11,479.8889465332031,493.51387789657764,472.3570385649575,493.2062528362001,20428300
2024-03-12,495.92523193359375,498.46563690206807,481.0201963453091,489.48491194914317,15448200
2024-03-13,491.7773132324219,497.14591307948467,487.2720502599328,491.5986980757558,12090700
2024-03-14,488.06585693359375,497.5130167599525,484.4239615573876,496.4313625069967,12620000
2024-03-15,480.39501953125,488.0658397573239,477.61643073962875,485.2674452189563,29153600
2024-03-18,493.1764831542969,493.61311813323977,483.0843037003027,488.14527802239974,11755300
2024-03-19,492.44207763671875,492.82910735533255,477.59658066238825,484.4338634191074,10903100
2024-03-20,501.65106201171875,504.3105740199144,491.3802985259637,495.6771461475813,11711100
2024-03-21,503.87396240234375,511.09821477284595,502.1373557038148,510.7707839758228,9712500
2024-03-22,505.67999267578125,506.06702240568086,500.4801059197025,503.11975164327384,8120600
2024-03-25,499.1701965332031,503.33806453967446,496.4114740821437,501.91901611098194,8380600
2024-03-26,492.0948181152344,506.09681547367757,491.41999934541593,501.2640919046953,11205400
2024-03-27,490.080322265625,496.0642018848251,484.3346567294072,495.4786906872178,9989700
2024-03-28,481.8636779785156,489.1177599265289,481.4369761827551,489.06812442310434,15212800
2024-04-01,487.58953857421875,493.62299295598973,478.0927737479156,483.4713059825083,9247000
2024-04-02,493.5634460449219,493.7222251422253,480.94079550745505,481.3873636113719,11081000
2024-04-03,502.8617248535156,503.3578981717305,494.9328849193272,495.11150004572073,12099200
2024-04-04,507.009765625,525.9437264523161,506.672341112813,512.4676419362434,26476300
2024-04-05,523.3040161132812,526.6382857287307,510.4729229079318,512.9041838822052,19263300
2024-04-08,515.2759399414062,527.4222518776436,514.9187097239936,525.2292047918388,13260600
2024-04-09,512.944091796875,521.845413635609,502.8618142600677,518.233256700452,10863800
2024-04-10,515.8515625,518.5606494016819,501.928910292975,505.3922206037786,11418500
2024-04-11,519.1560668945312,519.8507216900733,513.3309966786047,517.1217682967572,10369500
2024-04-12,507.9822692871094,516.2088319033819,505.4319310018834,513.7875035345007,11984500
2024-04-15,496.40155029296875,514.5615112314049,493.4741157112928,512.7653057412805,13512900
2024-04-16,495.9351806640625,500.90681687935023,493.3054377657289,494.2977844340761,9847900
2024-04-17,490.387939453125,499.30912582005857,483.4117439696621,499.2495874459534,12193700
2024-04-18,497.9595642089844,508.28992732102284,495.22070789767196,495.99473711582823,14808700
2024-04-19,477.3882141113281,498.95188761147057,472.08908659081203,498.95188761147057,25215400
2024-04-22,478.0431213378906,488.24444280786287,469.7768574979575,485.97196069601875,17271100
2024-04-23,492.30322265625,494.9428686127563,485.22778557062543,487.49033492134237,15079200
2024-04-24,489.72308349609375,506.09680361298444,480.87133784126775,504.17164864318624,37772700
2024-04-25,438.0019836425781,442.35836983181287,411.32769996695043,418.17488602057387,82890700
2024-04-26,439.8973693847656,443.023255377978,428.6540645124844,438.0813579966591,32691400
2024-04-29,429.3089904785156,436.3943598912081,425.28006561859786,436.195878453334,21502600
2024-04-30,426.8777770996094,436.2554348890997,426.43120898791216,427.7510167239678,18429500
2024-05-01,435.8287353515625,446.51629805901524,423.84117064830116,425.31978777610783,20344900
2024-05-02,438.2996826171875,440.562231878881,428.9716297061358,435.48142162693887,15221300
2024-05-03,448.5009765625,450.694084429791,440.4530598909977,442.5171275663126,16489100
2024-05-06,462.115966796875,462.592304076786,449.8704131384758,452.093259876696,15094600
2024-05-07,464.6563720703125,467.9212009325345,457.7794172557727,462.7213143300044,13406800
2024-05-08,468.9830627441406,471.94023656788784,459.4565282400275,459.95270159665824,11683900
2024-05-09,471.7814636230469,472.4363857703792,464.05107464244514,466.4029313871889,9437700
2024-05-10,472.5555114746094,473.8455500732435,466.00601718642696,473.4386842914545,10750000
2024-05-13,464.42816162109375,469.7272890553807,459.30764931420595,469.13187501336745,14668800
2024-05-14,468.2388000488281,468.9235216998096,456.558859918331,459.82368906593655,10478600
2024-05-15,477.8546142578125,478.8072585621629,467.59375353224107,471.34482265738814,13100500
2024-05-16,469.6082458496094,474.0341037096342,469.1319085251691,471.36468862920213,16608200
2024-05-17,468.29833984375,469.1815126685142,464.83505951456476,467.2265884372279,10807300
2024-05-20,465.2518005371094,469.5784476860999,463.4655886777014,466.3533210681569,11745100
2024-05-21,461.0740661621094,467.09761808342193,458.7321121308233,463.54499982976347,11742200
2024-05-22,464.1999816894531,470.0945240634998,462.08627817459524,464.28928926675434,10078600
2024-05-23,462.2152099609375,470.72953068178265,458.0076699601858,469.26087705798136,11747900
2024-05-24,474.5600280761719,476.17755800168163,462.73124238654253,464.0411472655585,12024300
2024-05-28,476.2470397949219,477.17981782811154,471.205901618862,472.9325751794718,10175800
2024-05-29,470.72955322265625,476.17755705003367,470.07463106847433,471.0272753949379,9226200
2024-05-30,463.4754943847656,468.1196997588506,461.1534068397315,468.06016138210737,10719600
2024-05-31,463.2572021484375,465.52968459800337,450.98187816881347,462.23508624663583,16919800
2024-06-03,473.83563232421875,475.9294996806374,464.6564250347683,467.25636863239123,11279400
2024-06-04,473.3393859863281,475.2248687174636,469.6081834348504,473.34931914302285,7088700
2024-06-05,491.2711181640625,492.8489456650612,480.2064593427849,480.74233500026116,15690500
2024-06-06,489.9810791015625,498.97173709860135,487.133049134123,489.20704994565904,10667300
2024-06-07,489.18719482421875,495.0916694898727,486.4185694824564,492.1146295476639,9380700
2024-06-10,498.7534484863281,498.81298686453346,489.63378005499686,490.0803178915368,11220900
2024-06-11,503.5861511230469,503.71516103182034,494.4565499121785,496.332099600009,9673700
2024-06-12,504.9456481933594,510.07609352042476,500.60909832909755,510.05622720634506,11983200
2024-06-13,500.241943359375,505.4616660517263,497.52289299395886,501.83960690092306,9954600
2024-06-14,500.7981872558594,503.7682397757163,497.41092202237064,499.2982464674773,10243300
2024-06-17,503.2517395019531,507.3442620321648,492.70255969673593,498.3248218231231,11266600
2024-06-18,496.1593322753906,502.6259325307895,491.71913754817786,501.19553219490325,13060400
2024-06-20,498.3546447753906,500.31150990328194,493.45749528868265,498.652632230771,11801200
2024-06-21,491.4808044433594,500.09300619870635,489.1067567329838,500.09300619870635,22359200
2024-06-24,495.583251953125,504.41395731690596,490.9940631467727,495.87132670955725,13525300
2024-06-25,507.19525146484375,507.3045034181857,492.1959343844585,493.7355866348011,12063200
2024-06-26,509.698486328125,510.383887800089,501.3147622286422,503.27162738652333,8882300
2024-06-27,516.0955200195312,519.3933892059828,510.47328813668884,510.8209300507455,10121200
2024-06-28,500.8578186035156,518.4000638324243,500.48034762615777,513.7016232829023,15855100
2024-07-01,501.3147888183594,503.20211356432793,489.88155805871406,501.58300786062364,10328200
2024-07-02,506.10260009765625,507.0959319918616,496.11962668652535,497.42088904280774,7739500
2024-07-03,506.5595397949219,507.87074521081,502.6458095867641,502.9934818232005,6005600
2024-07-05,536.309814453125,537.2634349299381,508.18862031678924,508.18862031678924,21354100
2024-07-08,525.7904052734375,539.1904418001548,523.1382262947874,538.7334873376542,14917500
2024-07-09,526.4659423828125,533.8960460931625,524.6680139481037,530.1909372581625,8753200
2024-07-10,531.1246948242188,535.2867583710278,524.8368862253591,527.2506757341519,10983300
2024-07-11,509.2812805175781,531.8895244068907,504.98013638714235,527.3499903194348,16458300
2024-07-12,495.5435485839844,504.7020711802023,490.93450369436476,494.44096457337395,19750500
2024-07-15,492.8515625,503.30140324613546,490.0801579921721,495.3050935222818,12539200
2024-07-16,486.5240478515625,500.58963142634576,482.55072018571695,498.1559561053816,14075800
2024-07-17,458.909423828125,475.9748899890231,456.0585659449274,475.9748899890231,28076600
2024-07-18,472.677001953125,476.04438141112735,461.4424203212603,471.83266375516723,19267200
2024-07-19,473.6107482910156,483.46458424586564,472.5379328105717,472.88560505542085,15149400
2024-07-22,484.14996337890625,488.77889368380687,480.67330171898413,483.3354239432015,12023100
2024-07-23,485.4313659667969,491.9178220255653,484.4678328165319,486.5736915826986,9455500
2024-07-24,458.1942138671875,473.12399173942754,457.5088124022394,469.1606069922724,17649700
2024-07-25,450.3866271972656,460.45899705158166,439.69836609184694,460.1709526223855,18240500
2024-07-26,462.5946350097656,466.6374724287372,456.35651246945713,461.1046372980924,14222400
2024-07-29,462.6045837402344,470.7995717926328,461.91918231436165,466.7467910394615,11339600
2024-07-30,460.1013488769531,469.57774253113496,453.65463533543635,463.8859405276519,11390400
2024-07-31,471.6637878417969,473.3226655061121,463.6376791709923,467.87919560673834,24285800
2024-08-01,494.4209899902344,523.6547393365818,488.81861406662085,517.525898740057,43083100
2024-08-02,484.8850402832031,497.80826747717975,472.9749703834954,485.73929115246585,24044700
2024-08-05,472.5578308105469,480.256153607523,447.7940416649235,448.340392438967,21396200
2024-08-06,490.79534912109375,499.2088714287347,475.4583023384702,475.8059745622405,20955000
2024-08-07,485.6598205566406,506.74823629276204,483.6135290604077,499.7750576315179,20105300
2024-08-08,506.2317199707031,506.55950614585913,491.4211383206397,494.18259967510517,16156800
2024-08-09,514.3175048828125,514.8837113715979,502.3279809305961,504.3245575432351,13696600
2024-08-12,512.5096435546875,514.5658480140165,505.7053134773553,513.4135489736507,9767400
2024-08-13,525.0155639648438,527.9558478978068,514.6948927145733,516.5424752985086,13743800
2024-08-14,523.2474975585938,530.4392104871642,519.6416980752537,524.538816844259,11444200
2024-08-15,533.7471923828125,536.1709253050141,523.18806655555,528.244093353811,13482100
2024-08-16,523.903076171875,530.1014573197285,521.1614705192093,528.3532441619528,14776700
2024-08-19,525.750732421875,528.1148065447744,519.2741890909025,523.3567686125551,9879700
2024-08-20,523.2177734375,527.5487472706451,522.3734654428142,524.8269665148338,7944400
2024-08-21,531.591552734375,535.8033315503418,523.4164493710769,523.6350139485368,13423300
2024-08-22,528.383056640625,540.6010274942679,525.0653618809546,533.4192569001465,15708300
2024-08-23,524.479248046875,536.2700929585844,521.55884980876,533.3397517008707,11323900
2024-08-26,517.6452026367188,524.4793321175962,511.51636075055256,524.0819750389632,9584000
2024-08-27,515.6385498046875,520.5158432413665,511.87384384105246,515.5193548304624,6282700
2024-08-28,513.3340454101562,517.6153031156273,509.0329016673362,514.2180646497437,9106100
2024-08-29,514.7645263671875,523.6846897588916,512.2414846857666,515.5890089774397,8317400
2024-08-30,517.8339233398438,520.0490343879956,511.7646791262931,517.8736347952997,9157500
2024-09-03,508.3475341796875,521.9859615332059,505.22845751609213,516.1749942685213,12459100
2024-09-04,509.3210144042969,513.1453787891634,500.70884337263965,502.6955072728807,8335200
2024-09-05,513.41357421875,518.1517873635855,507.74165686241577,508.3078633902029,8640900
2024-09-06,496.9341735839844,521.0821016570909,494.92765391819984,518.4000932131843,14744500
2024-09-09,501.4240417480469,507.9204108518389,498.7320903469637,502.78490166446124,11047800
2024-09-10,501.4240417480469,510.751412962104,496.69577198232815,504.77156555740726,9899000
2024-09-11,508.4170837402344,509.6984904565573,492.29532543071457,503.6292467318183,10782500
2024-09-12,522.09521484375,523.1978593142228,511.7844250205015,513.6022393471186,11970500
2024-09-13,521.1217651367188,524.0620493225885,513.6618330302761,516.8703362242966,10321400
2024-09-16,530.2294311523438,531.0446869851908,514.4402669362904,521.5393768501115,9527600
2024-09-17,533.251953125,538.9988566946421,527.5348463816464,534.5245992433219,11690800
2024-09-18,534.8727416992188,541.0869894169668,530.8459213153205,533.9977707656788,10323500
2024-09-19,555.9017333984375,558.8547755441265,543.393738974814,546.8538127706381,15647000
2024-09-20,558.1387939453125,561.2707987619654,553.1176944195414,556.7965408444652,22066800
2024-09-23,561.1812133789062,570.6964745858071,559.1926545649918,566.2421222621582,12830700
2024-09-24,560.1075439453125,564.5022427843289,551.0198138385321,563.4383563302257,12993000
2024-09-25,565.0588989257812,573.5798802972372,560.4951299755024,560.8232591553777,16543400
2024-09-26,564.5917358398438,574.0970460697704,559.1330900425771,572.436555499505,14400800
2024-09-27,564.1144409179688,567.5745750797583,561.2807684246667,566.8387572234752,9398400
2024-09-30,569.1654663085938,571.3926430971433,561.5691549372068,564.452590303178,12792300
2024-10-01,573.1723022460938,579.7047261626475,566.8387463764593,574.6736740742251,15259300
2024-10-02,569.5332641601562,572.705018338464,566.0831432657689,571.5715250916941,6524700
2024-10-03,579.436279296875,580.0228702133212,565.4765563823341,566.8884769556879,11581000
2024-10-04,592.5309448242188,593.4357124935896,578.1039391514795,580.3907699305325,14169500
2024-10-07,581.4347534179688,599.5007936445444,580.698935664524,594.7978106805275,12014200
2024-10-08,589.4984130859375,590.1645633879729,582.6179549512773,586.3167064096679,7857400
2024-10-09,587.1320190429688,590.9898285010107,578.2829068901802,590.5920924118491,9529700
2024-10-10,580.4902954101562,586.8536486528583,579.1877915177303,584.2088915296315,7740400
2024-10-11,586.5751953125,587.8279971754954,579.3766215385939,581.4844891955055,8587100
2024-10-14,587.0425415039062,596.6671607014488,586.5852117292404,590.8207918278077,8252000
2024-10-15,582.9163208007812,587.2314602827565,576.821381994876,586.7840223253323,9564200
2024-10-16,573.4905395507812,578.7503177573541,570.7463786831075,578.0742148752304,11268400
2024-10-17,573.6297607421875,581.6237474143095,571.9096763385753,579.9931748825336,8701200
2024-10-18,573.1723022460938,580.6293988605148,571.9593103260983,577.7758214109436,7694300
2024-10-21,571.8697509765625,573.9378692579733,565.8543723443174,572.7348299431258,8171900
2024-10-22,578.6806640625,580.1919884331684,568.8472245196812,571.0047942012734,8544500
2024-10-23,560.4653930664062,581.6534860008076,559.2821980776996,576.6522311713827,14248400
2024-10-24,564.5320434570312,565.6257266322763,558.3078440792799,563.885737507838,7184700
2024-10-25,569.9706420898438,577.964626282837,568.4493655425151,570.6467447711022,11337900
2024-10-28,574.8527221679688,580.4107723688168,570.8358540442795,578.67078290133,10925100
2024-10-29,589.88623046875,590.2739533915471,572.1085063582906,576.8313344603039,13019100
2024-10-30,588.4146118164062,597.7608636426235,586.0084723536592,597.5420905900066,26864900
2024-10-31,564.3331298828125,586.525453807229,559.7892656536117,581.6534603775302,26838400
2024-11-01,563.9156494140625,570.3884199876283,559.341987056596,564.3630874174274,15303200
2024-11-04,557.47265625,565.4368452329544,554.6986381254013,560.87307535209,12064600
2024-11-05,569.1554565429688,570.1994379718212,563.4283964137084,564.0547974082218,9775400
2024-11-06,568.777587890625,569.7221655728422,551.9941447200907,559.5308004818795,18305400
2024-11-07,588.3152465820312,591.3974890420855,571.9195858236583,573.5899682554951,14653700
2024-11-08,585.9686889648438,589.7071287920577,581.1762546419226,588.156055247851,9415700
2024-11-11,579.8340454101562,583.6421534545929,573.2121696554306,583.0057999151439,10209100
2024-11-12,581.474609375,596.2296848177605,577.0600054748132,585.1733003985561,16287700
2024-11-13,576.68212890625,582.2898800347385,571.8797417717248,579.2771839216865,10757600
2024-11-14,573.8583374023438,577.4377800631241,569.7321138322568,573.6992793820006,11053700
2024-11-15,550.910400390625,569.2946185704093,548.3451422976771,567.9523048385856,17712900
2024-11-18,551.2285766601562,556.6971138862053,546.9432344613651,553.8534284072965,14327300
2024-11-19,557.8804321289062,558.2184532479198,547.4503869397267,548.7031890906989,9522400
2024-11-20,562.284912109375,563.1101203268514,551.0296618909093,559.7097017322158,9797300
2024-11-21,559.868896484375,566.7393414481576,545.9091728138703,566.2621066854078,11154700
2024-11-22,555.9414672851562,560.6046406773982,551.4175075908335,560.32621328156,9164000
2024-11-25,561.8773803710938,569.3146337097819,553.2072906140769,558.884588798054,13599800
2024-11-26,570.2590942382812,574.1964632618979,561.9668364413141,562.7622479761632,10356600
2024-11-27,565.9439697265625,571.6908743519631,560.8731072719025,571.601423170664,7200200
2024-11-29,571.0346069335938,575.1509386081322,563.6570700717043,565.7450327371056,7130500
2024-12-02,589.4387817382812,591.0992116485587,572.2775064388576,574.196458750282,12522400
2024-12-03,610.1397094726562,610.6865511232141,587.8678218422003,591.5963703951107,14907200
2024-12-04,610.2689208984375,614.2460390304662,601.6385211482492,609.4536043990507,14697000
2024-12-05,605.4466552734375,616.353933785045,603.5774048146206,613.5500580968196,8081200
2024-12-06,620.2018432617188,626.1873655515558,605.0490309451652,606.609996608488,16935500
2024-12-09,610.0601806640625,622.8168057440383,602.7024868767651,620.3509509110658,11426000
2024-12-10,615.7771606445312,622.0113122599781,609.2347848248279,614.0272190903004,10938900
2024-12-11,629.060791015625,634.7481017123007,617.9746102226054,619.804050647096,10837200
2024-12-12,627.1815185546875,633.017934128409,623.6220417827839,627.887478818055,7474700
2024-12-13,616.8012084960938,627.4698678453126,613.3610405721996,623.6319031965186,8453300
2024-12-16,621.169677734375,628.0457250425881,615.5375430599308,626.8814359361309,10885600
2024-12-17,616.3933715820312,629.2597698587709,613.5076105410767,623.0902515630854,12897800
2024-12-18,594.2527465820312,624.2743396016706,593.3870305020766,617.9456355913278,17075500
2024-12-19,592.6406860351562,608.5122478337648,592.0734823017316,607.3878008993366,14958100
2024-12-20,582.3714599609375,600.143601343373,577.1472819775203,587.6752614717944,48989400
2024-12-23,596.8995971679688,598.1335492116074,583.366513431805,586.7000120717197,10205800
2024-12-24,604.7608032226562,604.9996130735921,596.3324917694366,599.7555139461255,4726100
2024-12-26,600.3823852539062,603.3178877600023,595.9941026607926,602.5019136601244,6081400
2024-12-27,596.8599853515625,598.8899302682426,586.8992072611702,596.4619283553646,8084200
2024-12-30,588.33203125,594.0040084763427,582.6998961577467,585.854287801351,7025900
2024-12-31,582.6302490234375,591.0486006579675,580.9783795227164,589.3570104919964,6019500
2025-01-02,596.2926635742188,601.9347590067932,584.9288491785778,586.8194676993116,12682300
2025-01-03,601.6561889648438,606.5022314682295,593.4765866809927,601.7855544308446,11436800
2025-01-06,627.100341796875,627.8864342776167,602.6412227555535,608.8207004232554,14560800
2025-01-07,614.8509521484375,628.9910220723464,605.2384303850833,628.5930258941997,12071500
2025-01-08,607.7161254882812,613.4080230721381,599.82513672869,610.382997271492,10085800
2025-01-10,612.8308715820312,626.8117543633127,594.4020036952091,607.0295902270824,19256600
2025-01-13,605.3380126953125,605.9748187670136,595.5066015316934,604.1140210154849,10785000
2025-01-14,591.3271484375,602.5118541569082,585.6551720564437,602.093936955974,13598000
2025-01-15,614.0846557617188,619.3984173951854,603.516895686969,607.2086697081857,15524300
2025-01-16,608.2933349609375,613.2190007447427,606.7111893194766,608.4923634164871,8355300
2025-01-17,609.7561645507812,621.8961113451103,600.7008856525179,620.9806532892833,17280600
2025-01-21,613.427978515625,618.4431675349931,606.0146090104106,614.791235345522,11674000
2025-01-22,620.433349609375,630.5831936184607,616.3833603918935,620.2343211513619,12274000
2025-01-23,633.3196411132812,633.468866899262,618.0949061109532,624.2743234364817,9910200
2025-01-24,644.3053588867188,648.7931865048288,631.0807466276091,633.2699382382675,19065300
2025-01-27,656.6344604492188,660.6048263723562,622.025492753922,623.5280757089856,28399200
2025-01-28,671.0133666992188,679.222789585596,656.2264085295512,662.7243202820943,20950100
2025-01-29,673.1627197265625,677.7002892439266,662.3959298804792,671.6800579089199,21377800
2025-01-30,683.6209716796875,707.2939380483791,672.7745593343109,693.3926790288638,29322900
2025-01-31,685.7902221679688,701.8309301836515,682.2079532641749,687.6012776839267,19303900
2025-02-03,694.0296630859375,700.5374751524545,671.9288779782597,672.5856051378313,21415700
2025-02-04,700.7265014648438,704.2292080677055,688.2083581609453,699.0448111623289,13826300
2025-02-05,701.403076171875,714.6078268132073,695.5719132902365,700.0895613334081,17778200
2025-02-06,708.4880981445312,715.3641456188349,700.0398655613205,702.4081644926629,13080700
2025-02-07,711.0057373046875,721.4441337624995,708.2493417869568,713.2744918121093,16427100
2025-02-10,713.8715209960938,717.652818700605,707.8313687608933,715.0257888589608,12904300
2025-02-11,716.2597045898438,720.1007048878689,706.5476987131067,709.8115954275665,12998000
2025-02-12,721.812255859375,723.523766963731,709.0950845634602,711.7818168815365,12016500
2025-02-13,724.9766235351562,725.4144618537392,714.5083460221898,717.9712711727863,12569100
2025-02-14,733.0466918945312,737.2658278537506,722.0510531620941,722.5685149916063,16901200
2025-02-18,712.8465576171875,733.3750946365709,702.9654052178096,732.3800130970368,21938700
2025-02-19,700.30859375,703.5226878675882,691.9698051227019,700.6369269472729,17535500
2025-02-20,691.4224853515625,702.1593933249234,690.228375354197,693.8504867433877,12587400
2025-02-21,680.18798828125,700.4080528713276,679.0038387952945,693.1539301625503,15660400
2025-02-24,664.8438110351562,683.8896856241412,659.1917553729045,682.9045646514273,15677000
2025-02-25,654.26611328125,664.7144694629277,638.703023401866,662.6944247816905,20579700
2025-02-26,670.386474609375,679.6506817176414,654.763681609393,656.4055905153153,14488700
2025-02-27,655.0025024414062,685.2629678985895,654.3358147754243,679.0934498337167,12500000
2025-02-28,664.9135131835938,666.3364725318584,639.4393887052988,654.8034504822056,17534200
2025-03-03,651.828125,677.8992724698688,647.638870751695,670.3664982200642,10843800
2025-03-04,636.8522338867188,646.5542796373367,620.5826737681288,642.3351433054311,21495200
2025-03-05,653.2410888671875,656.2562148067185,634.5236092639633,637.8472080229061,13770000
2025-03-06,624.841552734375,647.3602531536812,621.040333910999,644.812846805576,13446500
2025-03-07,622.5826416015625,631.667740220239,597.6558630930216,622.29408984179,21375700
2025-03-10,595.0487670898438,607.1091498209839,583.9834658430217,605.0792054575583,21999900
2025-03-11,602.7308349609375,611.9054572036264,590.4117211785095,592.1232321992892,17401500
2025-03-12,616.5126953125,630.2149870827395,606.352891273559,626.8018648059933,15747000
2025-03-13,587.7350463867188,617.4481701854057,583.6253542710872,617.1993997703431,16480300
2025-03-14,605.1494750976562,606.4044031406513,592.381232702444,600.3688460487675,12364500
2025-03-17,602.46044921875,610.6273298059427,595.5882527559658,605.0101222504932,15473900
2025-03-18,580.01123046875,597.8290917063831,572.34227369431,597.6298861819188,20297700
2025-03-19,581.7044677734375,589.9311646960157,572.4519564790293,581.9236121177603,20537500
2025-03-20,583.6365356445312,607.7389439842362,577.172720940167,580.4096129893901,24336500
2025-03-21,593.84521484375,595.1299901540924,578.6069346961235,581.0669435562578,25015900
2025-03-24,616.35400390625,620.0291236750295,609.7308614385815,612.4896480218807,15741300
2025-03-25,623.7839965820312,631.3234729455945,618.674681768664,624.2321938231848,15312500
2025-03-26,608.5157470703125,624.2221622117868,604.1633772244318,622.3696786412489,12609800
2025-03-27,600.1497802734375,611.7726975303846,597.6797409070035,599.572102422941,10436500
2025-03-28,574.4139404296875,599.3230823357646,571.605306475786,597.8888875675808,17602800
2025-03-31,574.035400390625,576.365989409716,551.0684088090011,561.2272821521618,21124700
2025-04-01,583.6365356445312,587.5307390242879,567.70106709451,568.537705940541,12836600
2025-04-02,581.5748901367188,590.2696609066593,571.0475136953103,572.5912500878843,13470800
2025-04-03,529.4758911132812,550.3314393515183,528.1612075786397,544.016982785148,34777500
2025-04-04,502.6943359375,515.9108044848922,492.20680670689774,504.5766973919698,38589800
2025-04-07,514.1678466796875,537.1945936136326,479.9563819403582,483.14348777248983,36606100
2025-04-08,508.3912658691406,545.2220987278512,500.83185110030036,541.0589647931961,28034200
2025-04-09,583.4075927734375,585.5190378914372,500.0849618351514,507.21608900363117,39216600
2025-04-10,544.0867309570312,578.9555415344041,533.141064552052,573.1689763297147,28173500
2025-04-11,541.377685546875,545.1922554454453,526.4581222037267,533.3501954996136,17642300
2025-04-14,529.3364868164062,555.5204964254532,526.1494412576809,553.926912857093,14130900
2025-04-15,519.4166870117188,535.7704467995947,515.41288054515,529.9639426413264,15558700
2025-04-16,500.2840881347656,511.29947867102186,493.6310371089192,506.459094542153,18735100
2025-04-17,499.4574890136719,505.25399323772916,496.00148267523775,503.212273262548,14593500
2025-04-21,482.7052917480469,491.50963495584347,477.8648771062618,489.3483735420339,16166000
2025-04-22,498.2622985839844,504.8356859267328,484.3984265448332,489.886213659528,17399400
2025-04-23,518.1716918945312,533.1809196011152,514.4368162114096,526.398387792126,18173900
2025-04-24,530.999755859375,531.7467310045646,515.4128501808216,516.6378699664548,13910000
2025-04-25,545.0628051757812,547.6423253119987,534.0872308807745,544.5946691393716,17098900
2025-04-28,547.5227661132812,556.2374754096683,538.409706579595,553.3989944115831,15179000
2025-04-29,552.2039184570312,554.3253329246786,541.9255322333729,543.7979549633997,11835000
2025-04-30,546.7858276367188,546.8854000110363,527.3644731031741,536.2286028212618,29244000
2025-05-01,569.9022216796875,590.5585647326062,568.1990964565776,589.6920784232152,31159000
2025-05-02,594.6121826171875,601.9026676753685,575.9975586829169,581.1068737819331,24739300
2025-05-05,596.8530883789062,600.7772002962906,585.6783084359005,588.8355064073843,13887700
2025-05-06,584.9412841796875,593.6261466616496,584.2142478367141,590.140262710858,10600700
2025-05-07,594.4029541015625,600.6476855016655,584.3038359796805,587.9789559689339,13139100
2025-05-08,595.5982055664062,608.8345844494372,594.2137969163823,603.8447803031055,14622800
2025-05-09,590.1004638671875,604.5220462267766,589.3236412362096,601.2851535548689,10427300
2025-05-12,636.85107421875,637.8072242767122,618.5253206919152,628.3753866174048,21965100
2025-05-13,653.3842163085938,658.2544484118764,640.2374406337076,642.9364721174845,18570800
2025-05-14,656.7007446289062,659.9973927569988,651.6711237576287,658.543319934739,12348200
2025-05-15,641.2831420898438,654.6589696292252,636.0045299274248,651.6412216753015,14341800
2025-05-16,637.7574462890625,637.8570186595293,623.6246741050281,635.3870402976211,18519000
2025-05-19,637.8470458984375,640.4066880114517,625.2679796518272,625.7161768945482,9592400
2025-05-20,634.5304565429688,636.7713819580241,629.7100110253076,633.4448867170665,6743500
2025-05-21,632.9369506835938,644.0021281038256,627.6284302053292,629.2418916838421,11464600
2025-05-22,634.0026245117188,640.6556757699244,628.1662733645643,631.492768599171,8228400
2025-05-23,624.531005859375,629.8992820739184,620.1388185495641,621.4833495575277,8454100
2025-05-27,639.7294311523438,640.4863756807556,630.1980211513535,632.8472662118028,9508400
2025-05-28,640.9843139648438,648.254859263292,639.9584390080566,640.0082251890005,9042900
2025-05-29,642.448486328125,650.6851526800369,636.9208817638153,649.0219048494392,8858800
2025-05-30,644.8786010742188,646.790840509364,630.227966818394,639.9087359485001,16241000
2025-06-02,668.1941528320312,670.5446198991036,641.6615825955165,641.7910631431,15766300
2025-06-03,664.1605834960938,672.8554169240846,662.3479770125841,668.7420682651148,11585000
2025-06-04,685.1754150390625,686.2211680866209,665.8735723856402,666.6205475323237,14031900
2025-06-05,681.8588256835938,691.5794719470881,679.4983890924821,688.8704104821669,13083100
2025-06-06,694.8960571289062,699.9754637799698,689.0795839414949,693.3622292653906,11728000
2025-06-09,691.2607421875,702.3458579741853,691.1412310298801,695.6430205968694,12773200
2025-06-10,699.567138671875,700.3937473880201,688.7708312874433,698.5213248498013,10850100
2025-06-11,691.3404541015625,706.0110265671628,689.1991010267074,700.871864292101,9582500
2025-06-12,690.5635986328125,692.5754712333077,684.229263706634,690.5038430500748,7322700
2025-06-13,680.1159057617188,691.768730540237,678.2634219344503,685.1754345871889,9274400
2025-06-16,699.8262939453125,704.839891030923,691.2444358848513,697.0454302800655,13720300
2025-06-17,694.9522705078125,703.6637089538638,693.7861096962511,699.7067073456836,10066100
2025-06-18,693.4970092773438,699.2980032265184,692.6298563461756,695.8991092834594,10068300
2025-06-20,680.1209106445312,699.5273387091719,676.4529395748931,698.460826828492,22538600
2025-06-23,696.2481079101562,696.7663678330139,676.5326949790629,681.4565596787132,11080100
2025-06-24,709.8733520507812,710.8601081222891,699.8162879347926,702.5872352556954,13823200
2025-06-25,706.3648681640625,714.2390846812559,703.0756608117819,710.9897247556078,9320400
2025-06-26,723.7180786132812,725.8410644855094,708.7271714667934,712.026356119824,13964800
2025-06-27,731.2333984375,733.0275060697373,723.4887618360168,724.1466398304902,18775700
2025-06-30,735.6788330078125,745.4567832484664,731.851350759088,742.1176905331245,15402100
2025-07-01,716.8704223632812,735.3399177465482,713.0330238804761,734.4727647300622,13431200
2025-07-02,711.2388916015625,717.946886332231,710.4713875973353,712.9931517050737,9336700
2025-07-03,716.6611328125,726.6484187341657,712.0861007528597,724.23628063908,8601700
2025-07-07,716.0032348632812,724.6250009558648,711.1790804792781,715.2556849998467,9457100
2025-07-08,718.3157348632812,720.5484076114845,712.4748926138262,719.2128191233631,7770700
2025-07-09,730.3861694335938,735.1206520424314,720.3589752323313,720.3589752323313,11418000
2025-07-10,724.8641967773438,733.3962299961528,717.2491410105094,729.1601141641413,9913600
2025-07-11,715.1660766601562,722.791049443565,707.3815924903404,720.1397657932962,10873900
2025-07-14,718.5648803710938,725.6217684499236,714.2091611608587,715.2557188520466,8939400
2025-07-15,708.0693359375,722.1032960553172,707.501190694441,721.5352116480268,11529500
2025-07-16,700.6136474609375,711.6375132851348,696.985585155631,711.0394977501286,13067600
2025-07-17,699.1185913085938,703.5939743779064,694.8326508122145,702.0888975460598,11803300
2025-07-18,701.979248046875,702.407835998619,689.3905035678976,699.8960490076172,12779800
2025-07-21,710.640869140625,714.657733300232,703.4544614129026,704.4910420819451,9404400
2025-07-22,702.507568359375,714.2590316242121,699.1186509323247,713.8503977542969,8921100
2025-07-23,711.2489013671875,712.2954590710364,702.6271347622425,704.062433018762,8771600
2025-07-24,712.46484375,721.2560374369583,711.6674693968201,714.7074933384354,10920800
2025-07-25,710.3518676757812,718.2958635630055,709.5744473509037,714.5780070551219,8271700
2025-07-28,715.28564453125,722.3724029167645,710.3518030699777,712.8635901780652,8715700
2025-07-29,697.7132568359375,722.1032896273051,697.6235240780348,717.6479213169642,13267000
2025-07-30,692.9389038085938,706.1854660197899,688.9419939778502,705.7768321791035,27077300
2025-07-31,770.913330078125,782.1863801577031,763.0092430876867,772.667590247117,38831100
2025-08-01,747.559814453125,763.4975672525204,742.8751566383397,758.2447642610286,19028700
2025-08-04,773.833740234375,774.3121526971289,755.9323902785536,757.5172228150747,15801700
2025-08-05,760.9659423828125,780.571667176634,760.507423214992,773.913496774336,11640300
2025-08-06,769.4680786132812,771.1127127816184,757.9757760743282,767.4845892138412,9733900
2025-08-07,759.3412475585938,772.4682063669705,757.0686667309535,770.9631295472946,9019700
2025-08-08,766.7869262695312,767.3850027593771,756.1019743449502,760.2583352301862,7320800
2025-08-11,763.3680419921875,770.9332736584846,762.171949999175,767.5643106154529,7612000
2025-08-12,787.4192504882812,791.077244402737,769.9066403638383,770.4747856043563,14563100
2025-08-13,777.5316772460938,792.861439232817,775.687684264025,788.5655214330485,8811800
2025-08-14,779.5748901367188,785.2363270315518,769.986322264654,775.3387743217048,8116200
2025-08-15,782.664794921875,793.6488143059948,778.269228256533,781.5883668624648,13375400
2025-08-18,764.8631591796875,773.2755899130946,754.0884756033142,772.5579712024165,16513700
2025-08-19,749.0250854492188,764.663832621222,746.9120158198551,764.6140081257292,12286700
2025-08-20,745.27734375,747.7492835360712,728.611993296026,745.1278702665168,11898200
2025-08-21,736.6854858398438,743.0646026719377,730.7150636889187,742.2772053426181,8876300
2025-08-22,752.32421875,754.4273720053774,731.9908982789533,736.81505282597,10612700
2025-08-25,750.8390502929688,756.40083816002,747.679423323267,752.3541041091971,6861200
2025-08-26,751.636474609375,752.4039786334924,745.4966249237331,748.3472672479323,7601800
2025-08-27,744.9384155273438,751.6863183207686,740.4132689939565,749.8423255190061,8315400
2025-08-28,748.65625,750.5899148175357,738.3799332684189,741.5694916361576,7468000
2025-08-29,736.2868041992188,744.6992345800578,732.9477115811937,742.8453254860702,9070500
2025-09-02,732.7085571289062,733.595664312695,719.3722615167949,723.6681793458474,9350900
2025-09-03,734.6421508789062,737.8317091036498,731.5921498947655,733.5955932459119,7699300
2025-09-04,746.2042846679688,758.673365064992,743.3835128663812,746.1245289832817,11439100
2025-09-05,749.9918823242188,755.4739147328357,742.596139272426,750.1613099282893,9663400
2025-09-08,749.8423461914062,764.0059463353695,749.5632925404257,753.5302710608411,13087800
2025-09-09,763.1986083984375,763.7966239723705,750.9686728075005,755.0154070864886,10999000
2025-09-10,749.5234375,763.1986490989516,748.5466583985636,762.6305038555339,12478300
2025-09-11,748.4468994140625,754.6265958852796,745.9251355026145,752.1846484905694,7923300
2025-09-12,753.1216430664062,755.095155276553,741.330272625368,746.2840072815898,8248600
2025-09-15,762.2018432617188,771.5412279036273,749.5333431691193,754.9954213012545,10533800
2025-09-16,776.4552001953125,778.8074760600178,762.6005837137456,764.4944012192615,11782500
2025-09-17,773.1858520507812,780.7311297077449,763.8066193659058,777.4419223006557,9400900
2025-09-18,777.7010498046875,786.2032128794,770.8335437165625,778.1994163857863,10955000
2025-09-19,775.8372192382812,788.2166289656076,766.6772383880447,783.8509325355676,23696800
2025-09-22,763.175048828125,783.6916948825968,762.4868363426395,779.8217552362186,11706900
2025-09-23,753.4404296875,768.6009504341728,749.1216451610411,767.254476840496,10872600
2025-09-24,758.686767578125,759.1356124217834,750.5779133776451,755.5349916265823,8828200
2025-09-25,746.96728515625,754.806942419776,742.6186096970315,751.4955472633491,10591100
2025-09-26,741.8206787109375,749.9794521140951,735.4372562509625,748.0544659269957,9696300
2025-09-29,741.4715576171875,748.8324179023273,737.2325826153279,746.777703342028,9246800
2025-09-30,732.4749755859375,741.0426584785586,724.4159185837501,740.3245554260684,16226800
2025-10-01,715.4791870117188,719.9774365591268,708.3576941566364,719.618385039583,20419600
2025-10-02,725.1640014648438,725.8821654223162,716.2771410193245,720.7056259804448,11415300
2025-10-03,708.7167358398438,729.1037149276121,708.3377167266436,727.7372737109582,16154300
2025-10-06,713.8035278320312,715.0203947681905,688.718804278428,703.3607165744016,21654700
2025-10-07,711.230224609375,716.636147605649,703.9192222306009,715.8581417735932,12062900
2025-10-08,715.9779663085938,717.783268775081,705.9739546774089,711.5993392573523,10790600
2025-10-09,731.607177734375,731.607177734375,710.5918290846139,716.416706057987,12717200
2025-10-10,703.4703979492188,733.3626856542741,702.6824691715568,729.0239332852144,16980100
2025-10-13,713.8433837890625,718.072374881022,705.8042950194317,711.1603595995662,9251800
2025-10-14,706.8117065429688,713.6937706407739,697.5158763660478,705.9439682909708,8829800
2025-10-15,715.6886596679688,722.0222242634773,707.6695373823591,715.1999404706222,10246800
2025-10-16,710.2228393554688,723.6080097298942,702.0540824517458,715.6886043056783,9017000
2025-10-17,715.0602416992188,716.6760344343375,704.2882698394852,705.2458014471516,12232400
2025-10-20,730.2706298828125,731.866515781436,718.3117433877071,719.3191330444083,8900200
2025-10-21,731.367919921875,736.5843338414116,726.859625303898,734.1107864324557,7647300
2025-10-22,731.5075073242188,738.6788588958609,722.1518950553793,731.9264616753367,8734500
2025-10-23,732.095947265625,740.4841042897723,731.1982575844598,732.7941435868839,9856000
2025-10-24,736.4446411132812,739.2872845910176,729.253383189777,734.8787064697904,9151300
2025-10-27,748.872314453125,753.7895182960361,746.069606274355,747.7851152228061,11321100
2025-10-28,749.4906616210938,756.4326283200122,743.5860359773924,750.677577029167,12193800
2025-10-29,749.7200927734375,757.1906533932021,740.5838813084906,752.7921200604676,26818600
2025-10-30,664.7410888671875,679.1935516668058,648.4833846789722,667.414190282622,88440100
2025-10-31,646.6681518554688,673.139345897249,643.8953948481166,672.7603267493847,56953200
2025-11-03,636.0557861328125,657.6196984387726,634.5297257704245,654.298319497033,33003600
2025-11-04,625.6926879882812,640.0752642850032,624.3860886703497,626.410791028598,27356600
2025-11-05,634.30029296875,640.5639703518489,624.9146693781357,630.6697208898194,20219900
2025-11-06,617.3344116210938,634.3501538797125,616.3968476378337,634.2005186436334,23628800
2025-11-07,620.0972900390625,620.516183502649,599.6404837711106,614.8907991985972,29946800
2025-11-10,630.1211547851562,633.3527401283538,616.5065400363918,629.4529098843899,19245000
2025-11-11,625.4533081054688,627.9268552540688,617.7832543081277,626.3709044869131,13302200
2025-11-12,607.43017578125,627.3583261459861,606.1934022078184,626.5005716840028,24493300
2025-11-13,608.3079223632812,616.0478021853295,601.4357808374693,611.4796659420805,20973800
2025-11-14,607.8790283203125,612.088052043071,593.6560102918138,600.2288811530552,20724100
2025-11-17,600.4483032226562,610.1031845088386,593.8554651895852,607.4600346656293,16501300
2025-11-18,596.1395874023438,602.0940719298206,582.2656968950795,590.065358149623,25500600
2025-11-19,588.7886962890625,593.7857099116716,579.7422168855177,592.1798400423816,24744700
2025-11-20,587.6217041015625,605.1460720070379,581.8367012414765,601.9344542639864,20603000
2025-11-21,592.70849609375,596.5684523172222,580.3506215479276,586.9734117815261,21052600
2025-11-24,611.459716796875,615.1002729325323,596.0797338085368,597.1668722231478,23554900
2025-11-25,634.5695190429688,635.3973829418613,616.6960233021972,622.3812488080194,25213000
2025-11-26,631.96630859375,636.7039864006342,629.9914644832529,636.0357415239101,15209500
2025-11-28,646.2691650390625,646.3688812783262,633.8514494094911,634.4299618769652,11033200
2025-12-01,639.2074584960938,643.6459265392308,636.1055410281542,637.8908755177382,13029900
2025-12-02,645.4213256835938,646.1893476978298,636.4147821721649,640.6737247939117,11640900
2025-12-03,637.9407958984375,647.1668005690203,635.8961259576193,642.7383158920676,11134300
2025-12-04,659.81396484375,674.3461154685141,658.3377626918029,674.2463992276428,29874600
2025-12-05,671.673095703125,672.9398207362489,660.6717397649775,662.2775487290173,21207900
2025-12-08,665.0702514648438,674.9545781663558,663.344758713728,667.603701448277,13161000
2025-12-09,655.2557983398438,662.7562492699393,651.6451938720459,662.0481300460407,12997100
2025-12-10,648.4435424804688,652.812185461044,641.7310198416047,648.2640167126568,16910900
2025-12-11,651.016845703125,653.5801862453618,639.1377070000864,641.6212380225077,13056700
2025-12-12,642.5587768554688,709.1555875928369,636.9533606253732,648.1143349664432,14016900
2025-12-15,646.3570556640625,651.8372704406642,637.5627451568915,644.5502809809109,15549100
2025-12-16,655.9798583984375,661.3602142938313,642.054686531657,642.3541401459643,14309100
2025-12-17,648.343505859375,660.0526000253047,648.0440522221027,654.4426118233187,15598500
2025-12-18,663.2669067382812,669.366012780715,655.2911433094866,655.8601356908653,20260300
2025-12-19,657.5969848632812,669.8051880946751,657.0080086354003,665.2333263832898,49977100
2025-12-22,660.3220825195312,672.380589007267,655.4807431709672,660.4718397886508,15659400
2025-12-23,663.7559814453125,664.8140915262984,657.0778915122911,658.8746741689592,8486800
2025-12-24,666.3613891601562,666.9902722948509,661.0209394131572,661.3503688947783,5627500
2025-12-26,662.10888671875,667.7588423243637,660.1424238558649,666.8704124858896,7133800
2025-12-29,657.5171508789062,659.0743707339258,653.2248195668056,656.8383689858442,8506500
2025-12-30,664.7642211914062,671.0230153954109,656.6686764849229,657.5171386037911,9187500
2025-12-31,658.9146728515625,663.8159033150052,658.2658058687088,663.5663484641349,7940400
2026-01-02,649.2518920898438,663.2070415689074,642.3542224297569,661.5499631466852,13726500
2026-01-05,657.616943359375,663.3567049684374,646.5966230035071,649.8508280292294,12213700
2026-01-06,659.4437255859375,664.3350252422523,650.7392812609531,658.3956073528642,11074400
2026-01-07,647.5349731445312,657.9763704555172,643.6618768302103,654.4726104611178,12846300
2026-01-08,644.9096069335938,645.9477331499952,634.5879917891143,644.7299347572825,11921700
2026-01-09,651.8970947265625,653.7837438291153,641.7052537227476,644.2906685217797,11634900
2026-01-12,640.826904296875,652.8055375702352,640.0882316599212,651.3681600668523,14797200
2026-01-13,629.96630859375,641.1263941859123,622.9887038024194,641.1263941859123,18030400
2026-01-14,614.4240112304688,627.3309804807691,613.7252454803604,625.3844405077801,15527900
2026-01-15,619.694580078125,623.0585745209008,613.1362714280776,617.378703801015,13076100
2026-01-16,619.1455688476562,627.9598630097294,618.9758886129073,623.0685636897582,17012500
2026-01-20,603.0443115234375,610.3113781504126,598.9316523845154,606.7976262932837,15169600
2026-01-21,611.8685913085938,617.169133937088,599.0115204374271,605.659634898437,14494700
2026-01-22,646.476806640625,659.3937675491238,625.4343255489129,628.2293275614567,21394700
2026-01-23,657.5870361328125,665.3032527677875,643.3025186421843,643.6219561683764,22797700
2026-01-26,671.1627807617188,674.0776252750454,660.1124846991261,663.9456740004919,16327400
2026-01-27,671.7716674804688,675.6148486525956,663.4764668627315,673.3888389297905,13297400
2026-01-28,667.5392456054688,676.4733214975852,664.9139236867763,673.2989910894674,25709600
2026-01-29,736.995361328125,742.6752321400184,711.2812198864386,736.1169233837337,59852900
2026-01-30,715.2241821289062,730.8662626744616,712.3193905555435,726.2045952530067,23744600
2026-02-02,705.152099609375,720.0156002559207,702.2672920108814,713.3275184694113,14365200
2026-02-03,690.4683227539062,715.7232596178901,685.1877035052055,706.1104025957663,13760700
2026-02-04,667.7987670898438,687.603466213174,666.2715231343633,686.5053883494637,16882800
2026-02-05,669.0166015625,680.2864759062725,652.3363345630947,662.3984025060512,17131800
2026-02-06,660.2822265625,670.7934451675868,645.3488423980709,664.3050190645899,18159300
2026-02-09,676.0140991210938,682.0932819515241,657.6069922476072,661.9991209626965,14837500
2026-02-10,669.5256958007812,679.4380681924739,668.597359057372,676.3934502400131,10455800
2026-02-11,667.4993286132812,678.0605068549233,655.9299390360635,672.7998711552045,14323800
2026-02-12,648.6529541015625,674.7963229561075,644.1310518439949,668.7770306530766,14960100
2026-02-13,638.630859375,650.2700710327099,633.4401061931457,643.9513250294082,12336400
2026-02-17,638.151611328125,641.4557148619026,627.6803003409905,638.3612593202278,12674700
2026-02-18,642.0746459960938,643.8515057528024,627.0315334227189,632.67143641335,14649200
2026-02-19,643.6318969726562,646.0375787806976,635.5861905818066,637.432932921519,10035700
2026-02-20,654.4924926757812,662.1688021543367,637.6426055733327,638.5509584025834,14183500
2026-02-23,636.1152954101562,656.5288937722072,634.8675211939732,651.3780476889771,8605900
2026-02-24,638.16162109375,639.9683956881865,627.8599900449855,631.9527259539814,10135600
2026-02-25,652.5260620117188,652.7157261405878,640.9966397738364,641.3859599741169,11330700
2026-02-26,655.8401489257812,659.823034651462,646.3470725216666,649.3916295582877,10637700
2026-02-27,647.02587890625,648.2836451675449,636.983793627941,642.3043203814821,15703000
2026-03-02,652.396240234375,658.764884603327,633.3701817354564,636.0254184162494,9816100
2026-03-03,653.91357421875,657.866484005116,637.7025010942567,647.1356255764312,12263800
2026-03-04,666.541015625,671.5720803574089,656.4989309709863,656.788453587829,10810100
2026-03-05,659.393798828125,669.5057662619517,649.1520579976961,660.751362594833,13341400
2026-03-06,643.7117309570312,648.3135076492586,634.9773114336934,646.7463568472266,13159400
2026-03-09,646.2373046875,646.596649067328,625.6640164348609,633.6497720389343,13489700
2026-03-10,652.9053344726562,659.1242214972237,647.8443550809549,652.3962328583322,9859300
2026-03-11,653.6939086914062,657.9463328691638,647.2054829186618,653.5941111270305,8977200
2026-03-12,637.0436401367188,652.336368433984,635.7659510050273,647.5948263527883,11617500
2026-03-13,612.6171875,628.0496188589474,608.4645611002024,622.7790526456299,18957600
2026-03-16,626.8690185546875,634.1622468505053,622.5230098937741,631.4147932406764,15134900
2026-03-17,622.0834350585938,635.9605885584036,621.1243629754691,627.4085169382369,10348800
2026-03-18,615.1099243164062,622.0735023862151,614.04090772979,615.769347359454,11726300
2026-03-19,606.1382446289062,612.4323990135786,601.7023533616688,611.5832104537112,13247700
2026-03-20,593.1102905273438,603.400802317344,586.7062525156723,602.9712077810872,21214900
2026-03-23,603.5006713867188,608.0764476338709,598.4553596033379,605.2290499891692,13638000
2026-03-24,592.3709716796875,600.443507118967,590.4527665679026,598.5452420228083,10739700
2026-03-25,594.3391723632812,603.1110107561809,592.850561795072,598.1855830392399,12585000
2026-03-26,547.032958984375,582.460145169462,542.8468364624507,581.9506076701073,35780100
2026-03-27,525.233154296875,543.0966023049141,519.7782492802263,539.599843303006,30133000
2026-03-30,535.8833618164062,539.0504095872608,528.0505941707193,535.8833618164062,22795200
2026-03-31,571.6002197265625,573.1587727471259,546.2637174010383,549.4707059552647,32898300
2026-04-01,578.6936645507812,592.0013387220274,573.2887005646345,579.5928556215499,23608100
2026-04-02,573.9281005859375,577.9643377947169,559.1817578546791,565.5158531822124,13518500
2026-04-06,572.4894409179688,582.2503530791108,571.4703658572956,577.1550997330287,9515700
2026-04-07,574.5175170898438,574.6973431004155,564.2370671243236,571.9498894780604,9580800
2026-04-08,611.8529052734375,629.3667024291958,591.2820049792073,605.4388670235439,32036600
2026-04-09,627.8081665039062,636.9097166035551,622.4231426572783,626.3894374266143,19012900
2026-04-10,629.2767333984375,637.9886903650855,623.7518859014353,633.882449891805,13294800
2026-04-13,633.9425048828125,634.4120404303904,623.8218795800174,628.9171329935918,9538900
2026-04-14,661.8765258789062,665.6430543798978,638.7779398291946,642.624350345733,17818000
2026-04-15,670.9581909179688,677.8717665104965,663.6049593103575,666.3824145357423,14952600
2026-04-16,676.2432250976562,676.9525896021297,667.131674939706,675.3640350842893,9544800
2026-04-17,687.9124145507812,690.8796961433965,674.5048580761284,677.9716157075654,16283500
2026-04-20,670.2887573242188,682.7472426832454,667.381478611767,680.7290935491282,12534000
2026-04-21,668.220703125,675.5738733736962,666.7120915784461,670.3786762058809,8660100
2026-04-22,674.09521484375,677.7518600207422,669.1298460769134,673.7355628200382,9215600
2026-04-23,658.5396728515625,668.9400066983026,652.4452846667049,663.0854475032797,11667000
2026-04-24,674.4049682617188,680.0396994180859,653.2345872360809,659.7085674039201,13348300
2026-04-27,677.9916381835938,681.8680504402118,670.2188736545023,670.3786986745525,12805200
2026-04-28,670.7183837890625,677.5520159823654,665.0136491453696,673.6156618787633,10606800
2026-04-29,668.5004272460938,673.6256820299297,663.1953464496755,668.290599742094,18947500
2026-04-30,611.3433837890625,620.2751083620838,599.4444385151393,618.7465567527638,52765000
2026-05-01,608.1863403320312,618.3069655430758,605.548770151405,614.120842749119,21404000
2026-05-04,609.8447875976562,613.4314904063681,602.1919069095087,607.3771038685389,16203900
2026-05-05,604.3998413085938,613.7811000159977,599.8040642277598,612.7420849871345,17171300
2026-05-06,612.3125,619.3759607512419,597.5461564796674,600.4934370812971,19915500
2026-05-07,616.2388305664062,624.4012480600104,612.9718390781961,614.150739078972,12307400
2026-05-08,609.0654907226562,616.1988937552933,605.4987892063378,614.6303402495529,13557000
2026-05-11,598.3054809570312,604.3498668649182,597.5262348938886,604.010215830275,15940600
2026-05-12,602.441650390625,603.1909559259367,592.0512559095129,594.2692320029287,11351600
2026-05-13,616.0590209960938,619.3260125714435,596.1074810052941,598.275515544453,14634400
2026-05-14,617.8573608398438,623.152441138389,614.4305441468357,615.429618202359,10651200
2026-05-15,613.6612548828125,620.6248329546977,608.7458274653094,613.421486859321,13272600
2026-05-18,610.64404296875,615.0199919776213,603.1309869574205,608.5459509764945,13772400
2026-05-19,602.052001953125,613.361527578881,599.9939118379299,608.3561568042173,11749900
2026-05-20,604.499755859375,607.4370360716302,597.2564688338498,600.2037495434126,11329700
2026-05-21,606.8175659179688,609.0354809096541,594.2591985256718,599.4443949814065,13476100
2026-05-22,609.6949462890625,614.2407210713809,606.3880135859368,607.3171451453314,11688600
2026-05-26,611.7730102539062,613.9009818092591,604.7394901495815,608.3261927003538,12234200
2026-05-27,634.6718139648438,637.908804248614,608.4361186960156,608.8357727220844,23143600
2026-05-28,634.7017211914062,642.4046039468743,628.7272779804616,638.9078448274123,16772400
2026-05-29,631.92431640625,633.9124639439917,622.7727642602187,632.9133899267435,19806500
2026-06-01,599.9139404296875,635.1613007084701,598.974869401479,629.8162791560948,29138800
2026-06-02,597.0765991210938,608.3161816139932,596.1274666259658,602.68138962268,18252000
2026-06-03,622.4031372070312,623.5720977596394,599.7142043737263,602.4416570391962,23020100
2026-06-04,626.9888916015625,641.8051764288737,621.8536364911718,623.0924785224576,21469200
2026-06-05,592.450927734375,628.567480013855,582.3702434655938,622.8827460758752,30091600
2026-06-08,584.8479614257812,591.4518261333767,578.6836307521693,591.4518261333767,19512400
2026-06-09,584.0487060546875,597.0766092757164,580.4720040020986,590.4527436689563,16977400
2026-06-10,570.4512939453125,590.7724873942649,570.0716409197756,580.192266144374,17064000
2026-06-11,567.9036254882812,571.6401524850257,556.4942175026772,565.3060574843756,17628000
2026-06-12,566.4549560546875,575.5365655300229,560.3806300495169,572.4194595335534,14326400
2026-06-15,593.47998046875,601.27001953125,579.2999877929688,579.9000244140625,17653300
2026-06-16,600.2100219726562,605.8099975585938,592.0,593.6500244140625,11344400
2026-06-17,567.5800170898438,593.8099975585938,566.1900024414062,592.0,20478300
2026-06-18,577.219970703125,580.219970703125,563.0999755859375,572.8200073242188,28824600
2026-06-22,563.8499755859375,575.8099975585938,559.8099975585938,572.02001953125,15405500
2026-06-23,562.2000122070312,572.2000122070312,561.02001953125,562.25,13103300
2026-06-24,557.6699829101562,569.0399780273438,555.5499877929688,561.8900146484375,13963600
2026-06-25,542.8699951171875,556.3400268554688,540.1799926757812,555.5499877929688,16968600
2026-06-26,550.25,556.8499755859375,540.4000244140625,543.3400268554688,18867700
2026-06-29,562.5999755859375,570.9000244140625,558.0,560.0,15011400
2026-06-30,563.2899780273438,565.5399780273438,551.4299926757812,560.9400024414062,18111100
2026-07-01,612.9099731445312,628.280029296875,595.0999755859375,607.9099731445312,45536300
2026-07-02,582.9000244140625,610.0,580.4199829101562,607.9000244140625,21705900
2026-07-06,600.2899780273438,603.5800170898438,581.760009765625,594.8400268554688,17674100
2026-07-07,615.5800170898438,625.3699951171875,603.6599731445312,607.5900268554688,18560800
2026-07-08,603.1199951171875,616.0,598.010009765625,614.3900146484375,13606500
2026-07-09,631.47998046875,633.27001953125,577.0700073242188,583.989990234375,26579700
2026-07-10,669.2100219726562,677.8599853515625,658.010009765625,660.3400268554688,40608900
2026-07-13,656.72998046875,676.6199951171875,654.2000122070312,661.3800048828125,19840700
2026-07-14,661.0399780273438,666.5,649.0499877929688,652.0,16748200
2026-07-15,681.3099975585938,686.0800170898438,656.6599731445312,663.5999755859375,19003400
2026-07-16,664.5399780273438,681.9000244140625,660.1599731445312,677.280029296875,15816000
2026-07-17,646.010009765625,652.2000122070312,626.0,647.7000122070312,22267900
2026-07-20,645.8499755859375,653.2999877929688,636.010009765625,646.7000122070312,10225200
2026-07-21,643.8099975585938,655.8800048828125,643.2000122070312,654.1799926757812,9140500
2026-07-22,627.1699829101562,649.0,624.0,647.7000122070312,11019600
2026-07-23,606.0999755859375,614.6500244140625,597.219970703125,608.4099731445312,15494800
2026-07-24,595.1900024414062,609.97998046875,594.4500122070312,605.2999877929688,11503500
2026-07-27,593.8699951171875,611.260009765625,593.1300048828125,607.219970703125,11195300
2026-07-28,593.4099731445312,601.0,587.0,596.8200073242188,12009300
2026-07-29,585.6099853515625,599.969970703125,582.219970703125,593.25,22371100
2026-07-30,539.030029296875,539.8800048828125,524.489990234375,526.0,42271500
2026-07-31,556.7100219726562,558.3300170898438,540.219970703125,543.5999755859375,24261500
2026-08-03,590.239990234375,597.52001953125,559.3599853515625,562.239990234375,25938100
2026-08-04,587.9400024414062,592.7899780273438,578.25,581.5,17959200
2026-08-05,588.77001953125,601.0,580.1199951171875,600.4600219726562,14897200
2026-08-06,589.9000244140625,595.3099975585938,586.0,586.9500122070312,11811500
2026-08-07,592.0999755859375,598.739990234375,585.6199951171875,585.6400146484375,11250300
2026-08-10,594.9199829101562,608.2100219726562,592.030029296875,599.1300048828125,14967300
2026-08-11,599.1199951171875,612.4299926757812,593.4000244140625,598.0,13146900
2026-08-12,578.8499755859375,604.5,578.2100219726562,601.0700073242188,16186900
2026-08-13,594.969970703125,595.8499755859375,579.3900146484375,580.7100219726562,11164200
2026-08-14,589.8499755859375,601.8599853515625,589.2899780273438,596.97998046875,8758000
2026-08-17,568.969970703125,590.239990234375,564.75,589.75,17225600
2026-08-18,543.6699829101562,560.6599731445312,543.2100219726562,557.47998046875,27094900
2026-08-19,546.030029296875,554.0700073242188,537.27001953125,541.3400268554688,16971700
2026-08-20,545.8300170898438,549.989990234375,539.3099975585938,546.9500122070312,13872200
2026-08-21,549.9000244140625,553.8699951171875,543.22998046875,546.8900146484375,13848000
2026-08-24,559.02001953125,561.4199829101562,546.2999877929688,550.2000122070312,12990600
2026-08-25,570.0499877929688,570.7999877929688,561.4000244140625,563.8800048828125,9769100
2026-08-26,576.1400146484375,593.3400268554688,561.8800048828125,590.3099975585938,31416300
2026-08-27,571.0999755859375,588.3900146484375,567.6199951171875,576.47998046875,15191500
