Price,Close,High,Low,Open,Volume
Ticker,MSFT,MSFT,MSFT,MSFT,MSFT
Date,,,,,
2020-01-02,151.82952880859375,151.93350926772743,149.66486306224806,150.09023242281285,22622100
2020-01-03,149.9390411376953,151.19625463787472,149.40969112155793,149.65547107455467,21116200
2020-01-06,150.32656860351562,150.3927445508696,147.94447970171677,148.48329153461876,20813700
2020-01-07,148.9558868408203,150.93150084251536,148.71012143982094,150.60066446698147,21634100
2020-01-08,151.3285369873047,151.99968621410528,149.30565620651117,150.23201839712107,27746500
2020-01-09,153.21910095214844,153.34199090041147,152.21711516271918,152.98278300469048,21385000
2020-01-10,152.51014709472656,154.28726267501992,152.35890014667973,153.90915972860566,20725900
2020-01-13,154.34396362304688,154.3723206204449,152.43451073060453,152.90714658550698,21626500
2020-01-14,153.2569122314453,154.6464628468558,152.86934735532085,154.44794943449625,23477400
2020-01-15,154.24945068359375,154.96786650736908,153.67284871260028,153.72010076525626,21417900
2020-01-16,157.07582092285156,157.14199687545099,155.0529397493098,155.35543366341506,23865400
2020-01-17,157.95494079589844,158.30468678450072,156.37632402467744,158.2574203045993,34371700
2020-01-21,157.38775634765625,158.98526801417273,157.32158039758605,157.55789835006,29517200
2020-01-22,156.63153076171875,158.3235753219564,156.61262128751815,158.2384898999051,24138800
2020-01-23,157.59571838378906,157.6713418599453,156.22507713475247,157.09472547499433,19680800
2020-01-24,156.00762939453125,158.36136103516702,155.44992257333556,158.34245156321265,24918100
2020-01-27,153.39869689941406,154.4385015834786,151.4325299482661,152.3305352170298,32078100
2020-01-28,156.40472412109375,156.68829420507248,154.14552443525076,154.81665953227673,24899900
2020-01-29,158.84344482421875,159.5145940552649,156.62206505752158,158.65439337526382,34754500
2020-01-30,163.32400512695312,164.52450394494198,161.44290968960823,164.52450394494198,51597500
2020-01-31,160.91360473632812,162.9648426873359,160.29918387299614,162.7852531721158,36142700
2020-02-03,164.83651733398438,164.94994534557068,161.07432481438784,161.1026818172844,30107000
2020-02-04,170.26234436035156,170.75388971293165,166.6608612717509,167.44543856138947,36433300
2020-02-05,170.05435180664062,174.11902249336677,168.6459063808411,173.958328055295,39186300
2020-02-06,173.5802459716797,173.75984990152529,170.20561909708994,171.06581980124434,27751400
2020-02-07,173.82603454589844,175.47081270658518,172.4931978169128,172.8429581987189,33529100
2020-02-10,178.37277221679688,178.50510968178952,173.22104418313037,173.53298558426346,35844300
2020-02-11,174.34593200683594,180.2633282452073,173.45737421261373,180.21606177076302,53159900
2020-02-12,174.60116577148438,175.6787750789202,171.89768776529226,175.42354764661337,47062900
2020-02-13,173.65589904785156,176.03797374039397,172.86185972663358,173.06037316286404,35295800
2020-02-14,175.2061004638672,175.26281445325165,172.65385555196474,173.22102429320978,23149500
2020-02-18,176.98324584960938,177.42752477655208,175.34792957469273,175.4519100559709,27792200
2020-02-19,177.5140380859375,178.36710062256168,176.74627891035584,178.25336280783833,29997500
2020-02-20,174.80322265625,177.48565105394613,171.6563550822755,177.20129197806145,36862400
2020-02-21,169.2771759033203,173.93114068656777,168.00705551331956,173.61834725384844,48572600
2020-02-24,161.97869873046875,165.4478463263177,154.71813679067944,159.02140017038658,68311100
2020-02-25,159.30577087402344,165.72272971041576,158.90765961105674,165.11610394922226,68073300
2020-02-26,161.2962646484375,164.22512915124068,159.43847946980046,160.86026003967774,56206100
2020-02-27,149.93148803710938,158.31999888346724,149.74192019388477,154.80346983288783,93174900
2020-02-28,153.56178283691406,155.17314580344524,144.0737718821789,144.46239539589996,97012700
2020-03-02,163.77964782714844,163.90287344639816,153.8461442900306,156.68970562212584,71030800
2020-03-03,155.931396484375,165.8743863348176,153.79872580292735,164.7369648639986,71677000
2020-03-04,161.6564178466797,161.79859008690633,156.98349255557616,159.70384194438486,49814400
2020-03-05,157.599609375,161.95972690449452,157.0498525958926,157.39108044281798,47817300
2020-03-06,153.14471435546875,154.60440254772644,147.86516281770332,154.13047574382352,72821100
2020-03-09,142.76571655273438,149.5239179145605,142.17805189974058,143.12590557907217,70419300
2020-03-10,152.52859497070312,152.6328594420787,144.62349965654747,149.91252432041284,65354400
2020-03-11,145.61874389648438,149.4765002813039,143.26805670517658,148.93623128461837,56371600
2020-03-12,131.8085479736328,145.46712479186598,131.3535821963336,137.72316093092766,93226400
2020-03-13,150.54762268066406,153.4670141569079,133.39146289991785,139.8084372561925,92727400
2020-03-16,128.3583526611328,141.56196287538836,127.9602558230332,132.6995245572196,87905900
2020-03-17,138.92691040039062,139.8084073143908,127.96023720300174,132.69950524755737,81059800
2020-03-18,133.0786590576172,138.38664577676045,127.97921578102556,130.80381587118453,81593200
2020-03-19,135.26820373535156,142.3202228977112,131.7516602526152,135.32507264150863,85922700
2020-03-20,130.18771362304688,139.4292873501573,128.77540638008531,138.38664247775617,84866200
2020-03-23,128.88912963867188,133.23978869379377,125.60956425248216,129.86541769841315,78975200
2020-03-24,140.60464477539062,141.79894995189665,133.9033251888628,136.25399882324018,82516700
2020-03-25,139.2586669921875,146.28226653788022,136.90799381312664,141.14490110421414,75638200
2020-03-26,147.9694366455078,148.4907590553709,140.63304405067825,140.66147850366175,64568100
2020-03-27,141.8937225341797,146.81308647128938,141.41979559554642,143.83682587519655,57042300
2020-03-30,151.87460327148438,152.22531899610644,142.1875367282903,144.4908288761412,63420300
2020-03-31,149.48597717285156,156.1872936874246,148.39593700408997,151.08783738874433,77927200
2020-04-01,144.1780242919922,149.5239184853041,142.9552994047509,145.02161349129338,57969900
2020-04-02,147.16375732421875,147.37228629111345,142.5192800719628,143.94106059364518,49630700
2020-04-03,145.80833435058594,149.17321783075897,144.25385488302902,147.01211258227983,41243300
2020-04-06,156.65176391601562,157.8176197600713,149.3627676322206,151.95989162657898,67111700
2020-04-07,154.96458435058594,161.13510584413748,154.74656761748417,160.74648241184053,62769000
2020-04-08,156.51905822753906,157.97874630175247,154.97405234356808,157.03089277059914,48318200
2020-04-09,156.52857971191406,158.64228968699842,154.81296660681633,157.6849625327283,51385100
2020-04-13,156.87925720214844,156.936140571891,153.83665499194112,155.77975792648093,41905300
2020-04-14,164.6421661376953,164.6895617099437,159.2394035526362,160.1872571452114,52874300
2020-04-15,162.91709899902344,164.5189740701982,160.4147658031758,162.2725509605704,40940800
2020-04-16,167.80801391601562,168.0355040124014,163.883900147735,165.21090401533556,50479600
2020-04-17,169.2866973876953,170.6136869453631,166.6990460555909,170.13976003718153,52765600
2020-04-20,165.93125915527344,169.42884146949478,165.86491691998498,167.4193963415168,36669600
2020-04-21,159.06883239746094,164.6137684753668,157.4479960281646,164.4526350641902,56203700
2020-04-22,164.47161865234375,164.92658449092568,161.91241592355348,162.45268514503766,34620200
2020-04-23,162.4810791015625,165.93126598218663,161.99767892251862,165.0308078621168,32790800
2020-04-24,165.4478759765625,165.45734930740483,161.8081210252355,163.08771491777517,34277600
2020-04-27,164.9739227294922,167.67529682402676,164.26303252623075,167.38146452077441,33194400
2020-04-28,160.9550323486328,166.50945553550488,160.55693553548355,166.43362550493845,34392700
2020-04-29,168.17767333984375,168.41463676243595,162.9170969287767,164.18721740272696,51286600
2020-04-30,169.86488342285156,170.99281727965172,167.0402687259744,170.61368155033583,53875900
2020-05-01,165.466796875,169.3245532026523,164.93598675176287,166.63265266160045,39370500
2020-05-04,169.51417541503906,169.66583549891993,164.73699847760517,165.39101993412743,30372900
2020-05-05,171.33399963378906,174.0732957690794,170.51884501586025,171.2013007175261,36839200
2020-05-06,173.02117919921875,174.59461955013938,172.15864346792125,172.58517466921734,32139300
2020-05-07,174.0259552001953,174.92641337480944,173.05914032044407,174.5662243197236,28316000
2020-05-08,175.049560546875,175.35288057989348,173.79840156841175,175.33391946205603,30877800
2020-05-11,177.00218200683594,177.73201884699927,173.31503217434738,173.5993766766979,30892700
2020-05-12,172.99273681640625,177.28651200785853,172.79369568104167,177.05903642458475,32038200
2020-05-13,170.37664794921875,174.45242044507359,167.3340321839716,173.03064035092157,44711500
2020-05-14,171.11605834960938,171.26771844026905,166.5189612853163,168.2819700657037,41873900
2020-05-15,173.60887145996094,177.30549477035595,167.77008972494357,169.7226658562342,46610400
2020-05-18,175.2676239013672,176.49034876011717,174.3671658161669,176.06381750534854,35264500
2020-05-19,174.05435180664062,176.86947800382345,173.92165288832314,175.3813409898155,26799100
2020-05-20,176.4686279296875,176.6492240164961,174.83377793793983,175.6607026476636,31261300
2020-05-21,174.34902954101562,177.42863394594616,174.21596102062003,176.22150304446987,29119500
2020-05-22,174.42506408691406,175.32804455149363,173.50308419399207,174.12091369625077,20826900
2020-05-26,172.5811309814453,177.2670574968158,172.1343978264107,177.11497503906327,36073600
2020-05-27,172.80923461914062,172.980331004467,167.85717121330865,171.27893938264498,39517100
2020-05-28,172.4195098876953,175.03336693369795,171.45001698942932,171.792195219223,33810200
2020-05-29,174.17791748046875,175.14742482016004,171.47851967536127,173.68365684604478,42130400
2020-06-01,173.77870178222656,173.94028391212214,172.47653052735325,173.5030505874689,22622400
2020-06-02,175.75576782226562,175.84130876193302,172.37201306609043,175.12843859127653,30794600
2020-06-03,176.1834716796875,176.7347596373877,174.49159444895008,175.67021158300358,27311000
2020-06-04,173.86427307128906,176.63971241141127,173.2749717295189,175.1759587709763,28761800
2020-06-05,177.932373046875,178.43613342107156,172.99930966240385,173.57911125390655,39893600
2020-06-08,179.03492736816406,179.2155234245811,175.30899518943008,176.7347352095089,33211600
2020-06-09,180.40367126464844,181.25910962308345,177.98940962513453,178.6927800443984,29783900
2020-06-10,187.09515380859375,188.6919905733056,181.55377446710472,181.66784355961488,43872300
2020-06-11,177.0483856201172,186.068557478218,176.85828986662466,183.56877003820745,52854700
2020-06-12,178.44564819335938,182.22860811999774,176.01237274212465,181.1070182904642,43373600
2020-06-15,179.58624267578125,181.3731750815915,174.9003022190702,175.44209047106233,32770200
2020-06-16,183.9870147705078,185.89750128714283,181.98147311232987,183.34067171544817,42556700
2020-06-17,184.62387084960938,186.60089915769962,184.10109650074745,185.37475436642524,25687800
2020-06-18,186.6008758544922,186.76245799607426,184.39572415045265,184.39572415045265,23061600
2020-06-19,185.48878479003906,189.42382696188116,184.7474010839948,188.75848446971048,44441100
2020-06-22,190.64048767089844,190.82106925250457,185.5648413739242,186.09711541174806,32818900
2020-06-23,191.91412353515625,193.85312366603114,191.45787626628606,192.08520538344897,30917400
2020-06-24,188.045654296875,193.18782826180146,186.8290236235657,191.6195195901801,36740600
2020-06-25,190.421875,190.67851232035468,185.79297603620233,188.00762775594458,27803900
2020-06-26,186.6103973388672,189.99415200060372,185.23218461473925,189.84206955429684,54675800
2020-06-29,188.6159210205078,188.70146194950837,183.96800866755066,186.08760498304542,26701600
2020-06-30,193.43496704101562,194.28090585114805,187.9506288521649,188.0836973895998,34310300
2020-07-01,194.56602478027344,196.1343478236479,191.78108566908128,193.083257178087,32061200
2020-07-02,196.0487823486328,197.72166017594725,194.85116577047972,195.49749438312054,29315800
2020-07-06,200.26898193359375,200.6777016892989,197.78819326414938,198.49156369076422,31897600
2020-07-07,197.94024658203125,204.04241234730003,197.69312352420133,200.03132911943715,33600700
2020-07-08,202.29359436035156,202.70229972700125,198.35855066361538,199.67023673032216,33600000
2020-07-09,203.70977783203125,205.66779215946096,201.00086550314717,205.6202645828633,33121700
2020-07-10,203.09194946289062,203.48165528840798,200.63017471738777,203.04442188603093,26177600
2020-07-13,196.8186798095703,205.11648332076217,196.27689159753407,203.86182504239108,38135600
2020-07-14,198.0353546142578,198.5106014316634,192.02822788062798,195.9252575847065,37591800
2020-07-15,197.7406768798828,200.86780886223525,194.879696441531,199.18543117423306,32179400
2020-07-16,193.82464599609375,195.51652338118896,192.2943507766109,195.23137241106915,29940700
2020-07-17,192.83615112304688,194.88920632879422,191.4199104017401,194.34743250474673,31635300
2020-07-20,201.12445068359375,201.78979330001377,192.959699672657,194.85118714961936,36884800
2020-07-21,198.41551208496094,203.34857552033253,197.73115562552331,203.08243850870448,37990400
2020-07-22,201.2669677734375,201.7897420189791,198.07330952284784,198.84320681929202,49605700
2020-07-23,192.512939453125,200.47807930746816,192.14224758300097,196.93274275439686,67457000
2020-07-24,191.33432006835938,192.81708741886504,187.7319420405287,190.4978812538678,39827000
2020-07-27,193.7581024169922,193.87215699393317,190.91612168004946,191.4959232851321,30160900
2020-07-28,192.01873779296875,194.56605390035716,191.75260072214854,193.53001926727976,23251400
2020-07-29,193.95773315429688,194.51852093061618,192.0092182585042,192.4749653712374,19632600
2020-07-30,193.8056182861328,194.3379068274269,189.68999420605252,191.04919294548517,25079600
2020-07-31,194.86062622070312,194.94618164027338,189.1576664204421,194.28082472754153,51044000
2020-08-03,205.81985473632812,206.86540338070947,200.02185312701084,201.0483878405726,78983000
2020-08-04,202.7307891845703,204.13753026340575,199.89832209925245,203.5672282581068,49280100
2020-08-05,202.39810180664062,204.35611622762954,201.09593026524874,204.2610610698923,28806400
2020-08-06,205.63926696777344,205.65826639464163,201.07689543479427,201.8277788907073,32656800
2020-08-07,201.96083068847656,205.02142055306317,200.48756303882877,204.2135098766214,27820400
2020-08-10,197.94024658203125,201.39054219594667,196.1343149595848,201.19093220446166,36716500
2020-08-11,193.31134033203125,197.3699364556353,193.08321670897732,196.90420400071076,36446500
2020-08-12,198.833740234375,199.86977468236574,194.61354671761342,195.12680683296387,28013100
2020-08-13,198.3679962158203,200.88681276479966,197.845221875211,199.07136664712925,22588900
2020-08-14,198.55809020996094,199.21393305825572,197.23690479940333,198.42502169750838,17958900
2020-08-17,199.86981201171875,200.73476475059846,198.57714001293255,199.223483264017,20184800
2020-08-18,201.01986694335938,201.84679161192986,198.85274301626632,200.1073868408774,21336200
2020-08-19,199.80026245117188,202.0869694902149,199.37150942461267,201.50576642003222,27627600
2020-08-20,204.449951171875,204.85012175813844,199.047626449657,199.6478750598317,26981500
2020-08-21,202.96356201171875,206.04107316088508,202.80158927107192,203.76390303789307,36249300
2020-08-24,203.60195922851562,205.34556891515348,202.40143298022446,204.65002085311673,25460100
2020-08-25,206.25071716308594,206.38410735274064,203.03981539454313,203.03981539454313,23043700
2020-08-26,210.70974731445312,211.6053732804045,207.09867541897606,207.59413086494803,39600800
2020-08-27,215.88343811035156,220.23768646081993,209.0423895356834,212.3676361540944,57602200
2020-08-28,218.1034393310547,219.75176405329466,215.8834340675416,217.40789128020305,26292900
2020-08-31,214.88299560546875,217.90334192876838,213.72058919228218,216.2835998158093,28774200
2020-09-01,216.54083251953125,216.71232793524112,213.83489480690253,214.86391091647602,25725500
2020-09-02,220.71408081054688,221.86696458633978,216.61709018577795,217.2078160912499,34080800
2020-09-03,207.04150390625,218.48451950532868,204.81197627565626,218.4464142591676,58400300
2020-09-04,204.135498046875,208.0514701428707,195.50321280100798,204.94537631657883,59664100
2020-09-08,193.0926513671875,200.11471725105895,192.6543610562122,196.75136576926477,52924300
2020-09-09,201.3152313232422,204.697642740119,196.9419235287555,197.79944426823292,45679000
2020-09-10,195.67469787597656,204.60236011002283,194.47418635865475,203.32560902386254,35461500
2020-09-11,194.3979949951172,198.78084050234108,191.73971383980165,197.4183414729298,33620100
2020-09-14,195.7128448486328,199.32391711756875,194.3979883338327,194.59808088373535,30375800
2020-09-15,198.92373657226562,199.87652772915487,197.16106711664477,198.58073117424792,21823900
2020-09-16,195.36984252929688,200.70546463715695,194.97919463994998,200.67688206363792,26328100
2020-09-17,193.3308563232422,194.68381801574102,190.52012532988843,190.60587304442362,34011300
2020-09-18,190.92977905273438,194.03587233482992,186.98522507722865,193.22600874545523,55225300
2020-09-21,192.9783172607422,193.140304553541,187.109134700145,187.88089322203805,39839700
2020-09-22,197.62796020507812,198.27586581793489,192.54005839678513,195.37937226358838,33517100
2020-09-23,191.120361328125,198.27583172140538,190.58680064366783,198.08526187258073,30803800
2020-09-24,193.5976104736328,195.8652577628293,189.79596905441002,190.41529194301134,31202500
2020-09-25,198.00906372070312,199.17145554804117,192.9783130746284,193.94064144048286,29437300
2020-09-28,199.55258178710938,202.53482275392867,198.23772534118714,200.92460337616922,32004900
2020-09-29,197.47549438476562,200.1528498081341,197.04674126220954,199.4668389966685,24221900
2020-09-30,200.4005584716797,201.97265800789293,196.78947197711074,197.9232957386492,33829100
2020-10-01,202.43002319335938,203.8877925550821,201.34384181524362,203.4113969587429,27158400
2020-10-02,196.45596313476562,201.0293624820539,195.8366403105082,198.1805123827155,33154800
2020-10-05,200.4481964111328,200.47677898107784,197.20869794579374,197.43737304379223,21331600
2020-10-06,196.18919372558594,200.2576007330671,195.15065504902162,198.96181896017427,28554300
2020-10-07,199.9241943359375,200.19097472900563,196.9610128986642,197.28495844189817,25681100
2020-10-08,200.63873291015625,201.2199360086041,198.4854304583913,200.57203056091348,19925800
2020-10-09,205.62185668945312,205.6694991548574,201.25807145801653,201.25807145801653,26458000
2020-10-12,210.94796752929688,213.29184029670688,206.574659376011,208.4611818961351,40461400
2020-10-13,212.33901977539062,214.57808461932888,210.02372990076108,212.20562960629036,28950800
2020-10-14,210.43345642089844,213.634835303714,208.78513178296774,212.47242892410338,23421700
2020-10-15,209.2901153564453,209.9570662787995,205.81241880530467,206.85097224701303,22733100
2020-10-16,209.2901153564453,211.79594628889316,208.96616984250753,209.75697373287338,26057900
2020-10-19,204.10691833496094,211.80547245913127,203.630522766919,210.0142204709931,27625800
2020-10-20,204.51663208007812,207.10822539351736,203.03028008469627,205.61235071965658,22753500
2020-10-21,204.65953063964844,206.67944311393921,203.05883403594683,203.05883403594683,22724900
2020-10-22,204.74526977539062,205.86003356811165,201.70586397565597,203.83058396322997,22351500
2020-10-23,206.02206420898438,206.06970668294008,203.09700240015934,204.87871752625654,18879600
2020-10-26,200.16238403320312,206.12685191973097,198.2758614620614,203.7544110534523,37111600
2020-10-27,203.1826934814453,204.53565504160957,200.4005453317281,201.60105683311497,36700300
2020-10-28,193.11175537109375,198.98095392679537,192.55914914892438,197.86618972534097,51195600
2020-10-29,195.05538940429688,197.57075725259926,193.76911564184445,194.43608102293118,31432600
2020-10-30,192.91162109375,194.64569338891974,190.19616056013263,193.8929947937588,36953700
2020-11-02,192.77822875976562,195.58895965178482,190.67255399086878,194.64569121058761,30842200
2020-11-03,196.6846466064453,198.294865783627,193.53091060305985,194.26456377162967,27512000
2020-11-04,206.1745147705078,208.01340959252195,202.39193203736167,203.91640397669642,42311800
2020-11-05,212.74874877929688,213.5395672501234,210.70977611493413,211.55775973379434,36080100
2020-11-06,213.15843200683594,213.76821774632472,207.73704817031117,211.76735056508159,25231900
2020-11-09,208.080078125,217.35073281065687,207.5941598268988,213.84446802922895,44395000
2020-11-10,201.0484619140625,206.27929073276394,199.81936768721027,204.37370837033654,44045100
2020-11-11,206.32691955566406,207.74656901719345,202.1822723760831,202.36330501469286,29440800
2020-11-12,205.269287109375,208.76602819410925,204.33555603769582,206.9557311823016,21593900
2020-11-13,206.28880310058594,207.15584652138176,204.04975265970353,206.1458902459224,18621100
2020-11-16,206.9748077392578,207.46074050757483,204.39275198534924,204.72622014915032,24953300
2020-11-17,204.33560180664062,207.4035760150649,203.97353650780587,205.89817875225006,24154100
2020-11-18,201.6416473388672,205.54876119156788,201.49834578058193,204.09672327796935,28372800
2020-11-19,202.92178344726562,203.5045082981434,200.54311684420654,201.92829274858192,24792700
2020-11-20,200.98252868652344,203.75285098407457,200.60996790062518,202.71159322047438,22843100
2020-11-23,200.7150115966797,202.79752672651188,198.85220802263296,201.5174478168078,25683500
2020-11-24,204.29742431640625,204.6699851999878,199.5209952568966,200.2183498181637,33979700
2020-11-25,204.30690002441406,205.66340365073432,202.95995858181058,205.49145926182734,21012900
2020-11-27,205.6061553955078,206.59966077461192,204.4693629792754,205.24315670928127,14512200
2020-11-30,204.49798583984375,205.1571206288047,201.4124030008416,204.52664324038548,33064800
2020-12-01,206.5422821044922,207.6026495809282,203.81016502138235,204.9182851110949,30904500
2020-12-02,205.7398681640625,205.83540256077225,203.28479159484732,205.27178751909085,23724500
2020-12-03,204.66041564941406,206.7047264846699,204.09678600267054,205.01386669744562,25120900
2020-12-04,204.77500915527344,205.74940448853005,203.64776463709416,204.6412697625912,24666000
2020-12-07,204.70816040039062,205.90226749133078,203.46630068701492,204.7845850033911,24620000
2020-12-08,206.35121154785156,207.2491822324255,203.37072551096753,204.4024355798504,23284100
2020-12-09,202.32955932617188,205.6061830116457,201.76594413575899,205.53932057750657,32440600
2020-12-10,201.1067657470703,203.55229500263158,200.9539165244717,202.30087296767672,26733300
2020-12-11,203.72421264648438,203.7815420297955,199.75978302617932,200.65775387019116,30979400
2020-12-14,204.62216186523438,206.54229514941832,203.36119251919632,203.57135650628612,28798400
2020-12-15,204.55528259277344,205.7875944368426,202.74979363543983,205.54877306906567,27000600
2020-12-16,209.47506713867188,210.26795609458796,205.11896626282314,205.1476236704402,35023300
2020-12-17,209.60877990722656,211.01305100787835,208.17585140260252,210.03865554331327,32515800
2020-12-18,208.81585693359375,209.8666768292249,206.3607807432557,208.81585693359375,63354900
2020-12-21,212.6370391845703,213.98399551182237,207.56447448034749,207.82240569921558,37181900
2020-12-22,213.92662048339844,215.54105518446676,211.9300774427927,212.73251370172053,22612200
2020-12-23,211.13722229003906,213.5636412417296,210.92705829699878,213.1337656474204,18699600
2020-12-24,212.7898712158203,213.6114174296126,211.30917559396767,211.51933959585654,10550600
2020-12-28,214.90106201171875,215.92321005733746,213.04780555492192,214.413857010838,17933500
2020-12-29,214.12725830078125,217.02177246063968,213.58275309646694,216.19067866518566,17403200
2020-12-30,211.76773071289062,215.54112095562053,211.56712887519555,215.15899792298163,20272300
2020-12-31,212.47462463378906,213.0286920393946,209.857136802446,211.78681782520988,20942100
2021-01-04,207.95614624023438,213.0287109719447,205.2049187614072,212.57972552709433,37130100
2021-01-05,208.15670776367188,208.7489946946385,206.05508254722616,207.54532561749676,23823000
2021-01-06,202.7593536376953,206.80976953034184,202.46321745578845,202.68292904615478,35930700
2021-01-07,208.52928161621094,209.53233438460273,204.15408651290377,204.4693179251259,27694500
2021-01-08,209.79983520507812,210.71691586641606,207.32564880606074,208.90186433865418,22956200
2021-01-11,207.76507568359375,209.12157952096553,207.03904928013995,208.701251514019,23031300
2021-01-12,205.3195343017578,207.3925169546865,203.78153842458812,206.81933974373354,23249300
2021-01-13,206.66647338867188,207.06769157243323,204.36423170367146,204.45021848172806,20087100
2021-01-14,203.49496459960938,207.73643545452734,203.22748576880403,206.25573969910283,29480800
2021-01-15,203.14146423339844,204.91829592070977,202.5491918631282,203.97257256514928,31746500
2021-01-19,206.7620391845703,207.27788704877008,203.12240300079074,204.1923183200217,30480900
2021-01-20,214.3087615966797,215.6939227599558,207.57399540278436,207.96566598543168,37777300
2021-01-21,214.9105987548828,216.18113032934212,212.47461760314508,214.65266756607497,30709400
2021-01-22,215.84677124023438,219.7825576936173,215.703484235591,216.92624859688442,30172700
2021-01-25,219.26670837402344,219.50552978031035,214.19414403672963,218.87503776935245,33152100
2021-01-26,221.94146728515625,223.70873659737057,219.79207505231525,221.49248196373176,49169600
2021-01-27,222.48602294921875,229.6888849420293,219.84943979215547,227.35798561441428,69870600
2021-01-28,228.24636840820312,231.79048419595736,224.5780754115442,225.0748279766649,49111200
2021-01-29,221.5880584716797,227.377086987308,221.00533366135892,225.437858347954,42503100
2021-02-01,228.93418884277344,231.65675864090633,222.0370256255715,224.54943142500284,33314200
2021-02-02,228.8004608154297,231.47526355109804,228.0171341621031,230.51043029200613,25916300
2021-02-03,232.13436889648438,234.13091202772802,228.56159599596987,228.85774673552945,27158100
2021-02-04,231.18865966796875,232.36367143508832,229.6219918883106,231.80960404543467,25296100
2021-02-05,231.3701629638672,232.40187313232684,229.66975580932288,231.3988203649493,18054800
2021-02-08,231.62808227539062,232.78396959711438,230.04230480647178,232.27766943528493,22211900
2021-02-09,232.86997985839844,233.81570329400722,230.58684780779984,231.05492843301977,23565000
2021-02-10,231.96243286132812,234.92380917506196,230.1187242605503,234.04494826138287,22186700
2021-02-11,233.5577850341797,234.18826246133182,231.32240561908912,233.8348114486024,15751100
2021-02-12,234.03546142578125,234.3315976764022,231.87650629918292,233.02284628528176,16561100
2021-02-16,232.8031005859375,235.12445220145085,232.05797897515586,234.0736321982964,26728500
2021-02-17,233.81800842285156,233.92333243578818,230.69661025502367,231.0604595015452,21653500
2021-02-18,233.42544555664062,233.5594929778077,230.62001931004644,231.5200582564853,16925600
2021-02-19,230.7253875732422,233.4925213487546,229.96896550082693,233.38719731120597,25262600
2021-02-22,224.54000854492188,227.8146085025634,222.51971275294736,227.32629596320396,36446900
2021-02-23,223.3527374267578,224.84641307604537,219.00574330888236,220.53772657537354,30228700
2021-02-24,224.5782928466797,225.20065276027566,219.26424384032524,220.2312992194705,26339700
2021-02-25,219.25466918945312,224.61658067323245,218.19185941267452,222.21329667802732,39542200
2021-02-26,222.5005645751953,225.36343789150433,219.78129368104075,221.6866957656996,37819200
2021-03-01,226.86669921875,227.37416554950934,223.2378196722922,225.87090575494236,25324000
2021-03-02,223.92721557617188,227.2113997050835,223.5250732642781,226.9337206213468,22812500
2021-03-03,217.88546752929688,223.64953616836328,217.59821886567516,222.28990807796603,34029500
2021-03-04,217.0907745361328,222.60590268379033,214.72578318866238,217.100358745604,44727800
2021-03-05,221.7537078857422,223.3527073519188,216.83223166317447,219.76213575150246,41872800
2021-03-08,217.72268676757812,223.44844753169778,217.47374572916362,221.53347600830642,35267400
2021-03-09,223.84104919433594,225.3730324555147,221.82075339106805,222.97931774121983,33080500
2021-03-10,222.538818359375,226.9241044948039,222.17496912842194,226.9241044948039,29746800
2021-03-11,227.0486297607422,229.0018945134101,224.34851258579613,224.97088716934874,29907600
2021-03-12,225.72731018066406,225.79434120924878,223.31444152290632,224.06127938672344,22653700
2021-03-15,224.82725524902344,225.1911045555788,221.95479763324937,224.9708868958571,26034900
2021-03-16,227.60394287109375,229.8540256057872,225.9091890116329,226.23473065851354,28092200
2021-03-17,226.9624481201172,228.4082611592605,223.31442922996186,226.11028626548793,29562100
2021-03-18,220.9110870361328,224.2335633607968,220.537668222615,222.67285709939273,34833000
2021-03-19,220.55690002441406,222.58676561470907,219.59941405011241,221.19841387398696,46430700
2021-03-22,225.95712280273438,226.82842394520614,220.35582394786778,220.48030180111087,30127000
2021-03-23,227.47950744628906,230.80198476946413,226.9911948849572,227.39333721959682,31638400
2021-03-24,225.44964599609375,227.88165385671942,225.31559854881638,227.73803680966364,25620100
2021-03-25,222.46224975585938,226.86669032919292,221.72499620085964,225.29641418401795,34061900
2021-03-26,226.42625427246094,226.64648654164532,221.70585594983098,221.70585594983098,25479900
2021-03-29,225.2389373779297,226.73261270612565,222.02178489794144,226.53153428421984,25227500
2021-03-30,221.99305725097656,223.90802858077555,221.27494300230194,223.60162615517325,24792000
2021-03-31,225.74639892578125,228.9348279377608,222.51009270862264,223.0079893443559,43623500
2021-04-01,232.04669189453125,232.51585059097783,227.92949998956965,228.33164227655556,30338000
2021-04-05,238.4810028076172,239.33316461233116,232.38180813268252,232.43925494489872,36910600
2021-04-06,237.32244873046875,238.7969705443699,236.38411666707708,237.08307726255737,22931900
2021-04-07,239.27572631835938,240.26193565026267,236.68094764862093,237.27458424566834,22719800
2021-04-08,242.48329162597656,243.33545344847238,241.28643431291647,242.02370250858237,23625200
2021-04-09,244.97274780273438,245.10679523034713,241.70771771793406,242.11942959914686,24326800
2021-04-12,245.03016662597656,246.7153507921409,243.79500190327002,243.88118671909228,27148700
2021-04-13,247.50050354003906,248.17075531097734,245.91107355136577,246.3228146667329,23837500
2021-04-14,244.7238006591797,247.82604540903546,244.31208876364178,246.53346291002805,23070900
2021-04-15,248.46749877929688,248.8792105505677,246.7727598849081,246.96423946170992,25627500
2021-04-16,249.6548309326172,249.9037865838757,246.6483408019082,248.438834520983,24878600
2021-04-19,247.73985290527344,250.36338372256756,246.85898238104167,249.12821892691306,23209300
2021-04-20,247.28030395507812,249.13782883405526,245.92066119680084,246.8590078451978,19722900
2021-04-21,249.50164794921875,249.59740237748605,246.31323295097548,247.93138636220118,24030400
2021-04-22,246.2366485595703,250.6506442962717,244.77168176983514,249.14738450102254,25606200
2021-04-23,250.04747009277344,250.39218025695422,246.33241963300034,246.91650130391747,21462600
2021-04-26,250.43045043945312,251.28262700113714,249.1091443105685,250.53578909343992,19763300
2021-04-27,250.83253479003906,252.00066853516242,249.06118036716788,250.45910133423507,31014200
2021-04-28,243.73756408691406,245.63339634375507,242.19601148356284,245.1929318712651,46903100
2021-04-29,241.77471923828125,245.2121041526669,238.41394954646933,244.59931386273354,40589000
2021-04-30,241.45877075195312,242.3205167691212,238.98847015559804,239.1225175880365,30945100
2021-05-03,241.15235900878906,243.5365037605011,240.44381430171563,242.62688061963894,19626600
2021-05-04,237.25537109375,240.52998498828993,235.31167632498756,240.30018316461653,32756100
2021-05-05,235.9915313720703,238.89271223968217,235.36917143271003,238.47141614100633,21901300
2021-05-06,239.11293029785156,239.23740812996687,234.28720818218096,235.9723779697014,26491100
2021-05-07,241.7268829345703,243.48865338351683,240.4917180124829,241.43005005006262,27032900
2021-05-10,236.6713104248047,241.02787332068948,236.6138636199037,240.20443502693968,29299900
2021-05-11,235.76171875,236.11599842229506,232.25733191028016,234.15314965767922,33641600
2021-05-12,228.839111328125,233.9903897227852,227.948656527006,231.8743396289335,36684400
2021-05-13,232.69776916503906,235.1585146453804,231.15621646675106,231.5200657402829,29624300
2021-05-14,237.60011291503906,238.58632219282524,235.05321160322504,235.13938182515005,23901100
2021-05-17,234.75636291503906,236.10642140799038,233.16694758064864,236.06812840418084,24970200
2021-05-18,232.7456817626953,235.934111664792,232.57332669794846,235.80006421891147,20168000
2021-05-19,233.3214569091797,233.42702413188286,228.98363837074533,229.66501482689426,25739800
2021-05-20,236.5460205078125,237.95677572091842,234.03162003124936,234.1275955514667,21800700
2021-05-21,235.28880310058594,238.3214477349381,234.87614061014176,237.59208362345646,21863100
2021-05-24,240.6727752685547,241.03746475817613,237.53456246361,237.80327641054836,21411500
2021-05-25,241.57485961914062,242.56334606960098,240.7111384283455,241.62284738392032,17704300
2021-05-26,241.35415649414062,242.74571394261974,240.64397558156952,241.29656238462576,17771600
2021-05-27,239.261962890625,241.34450280661412,239.2043834362174,241.04699919630258,24426200
2021-05-28,239.6170654296875,241.92034629984425,239.501906511513,240.88387210484515,18270200
2021-06-01,237.42893981933594,241.16215911508314,237.00668560397568,241.10457966043438,23213300
2021-06-02,237.33299255371094,239.2235961900808,235.93182895373278,238.12954255758635,19406700
2021-06-03,235.80709838867188,236.41169739236216,233.20631371426092,235.33684170241455,25307700
2021-06-04,240.6823272705078,241.50766701250188,237.53452328797448,237.77444746130055,25281100
2021-06-07,243.58062744140625,243.84934135732763,239.74184047817525,239.90498716685534,23079200
2021-06-08,242.39060974121094,245.69196883019157,242.3330156367018,244.87622075345962,22455000
2021-06-09,243.36949157714844,245.23130558654012,243.00481677554484,243.58062603040793,17937600
2021-06-10,246.8723907470703,247.08352521054456,243.44628085125785,244.04128816987938,24563600
2021-06-11,247.4962615966797,248.07205633914475,246.26782137908282,247.592207862006,18999700
2021-06-14,249.4155731201172,249.47315257534447,246.45008473782653,247.50575689635525,19150500
2021-06-15,247.94720458984375,249.51151476586116,247.29461791752257,249.30038033803766,18038900
2021-06-16,247.00677490234375,250.07778718714908,244.16606584099102,248.94535195627006,27220000
2021-06-17,250.38487243652344,251.2006205192293,245.6919706294516,245.74955009057246,27565500
2021-06-18,248.97415161132812,251.72847693840555,248.32156476965892,249.16610270011282,37202200
2021-06-21,252.0451202392578,252.89923497520954,247.5249574987105,249.34837516306666,26696100
2021-06-22,254.80905151367188,255.07776538792695,251.82437988299503,252.13148982146245,24694100
2021-06-23,254.57875061035156,256.0758752225199,253.77260884130868,255.26973345347702,19518700
2021-06-24,255.94154357910156,257.0547953887674,254.77071230407563,255.4329054433391,21446900
2021-06-25,254.33880615234375,256.47894031384675,254.08930492861072,255.50006023392783,25611100
2021-06-28,257.8897705078125,258.06250893308584,255.19302436974561,255.46173834937989,19590000
2021-06-29,260.46173095703125,260.70165518033133,257.1795839833562,258.0336989887395,19937800
2021-06-30,259.9818115234375,260.42326377323786,258.7342176179776,259.7802834314268,21656500
2021-07-01,260.65362548828125,260.88394332062984,258.7342321183935,258.7438091696623,16725300
2021-07-02,266.45977783203125,266.79567752816956,261.5173457785115,261.82445574570187,26458000
2021-07-06,266.4693908691406,268.11046403566195,263.244794707822,266.8244739642971,31565600
2021-07-07,268.6479797363281,269.37735884345193,265.9800231926627,268.13934148731516,23260000
2021-07-08,266.23907470703125,267.49627505663517,263.791830519067,265.74001367275713,24618600
2021-07-09,266.738037109375,266.8435896621881,264.22363706383976,264.6075097912873,23916700
2021-07-12,266.1430969238281,268.49433627554,265.43290144744316,267.9089353442858,18931700
2021-07-13,269.6555480957031,271.4501759643952,266.2102409837941,266.33497693412966,26120100
2021-07-14,271.1239013671875,272.2275466221714,269.2428749057434,270.97034639354206,23113700
2021-07-15,269.70361328125,271.1239752085975,268.55196530906284,270.6345204272743,22604200
2021-07-16,269.4347839355469,272.64977296736697,268.1967672887934,270.70159030489407,26186800
2021-07-19,265.8456115722656,269.0701786607104,263.3887901846065,267.68821296919947,32935600
2021-07-20,268.0624694824219,269.64596306299137,265.1258001402408,266.8244526302893,26259700
2021-07-21,270.0586853027344,270.1738442376785,266.1143453427813,267.65944319932055,24364300
2021-07-22,274.60760498046875,274.8763188626381,271.9972290018453,272.40028518129105,23384100
2021-07-23,277.9953308105469,278.30241146815854,274.9530796603886,275.78801102778897,22768100
2021-07-26,277.40032958984375,278.01454955841905,275.08748623115633,277.3523564681326,23176100
2021-07-27,274.99151611328125,277.9089731585834,271.54620828066527,277.76502450299625,33604100
2021-07-28,274.68438720703125,278.4559881617901,272.3906980646863,277.3427364892114,33566900
2021-07-29,274.95306396484375,276.9876159825094,274.5499785237899,274.70353348763825,18168300
2021-07-30,273.42718505859375,275.1066542513288,272.46748837703086,273.676715567838,20944800
2021-08-02,273.34088134765625,275.2122727524046,272.3043922822221,274.81879350419587,16267400
2021-08-03,275.5481262207031,275.6537080927837,272.5538770462147,273.91665931799884,17879000
2021-08-04,274.9627685546875,275.9992283215032,273.17771708876165,274.68444825278436,16191300
2021-08-05,277.8513488769531,277.9569307324331,274.5692029085165,275.31776508444204,13900200
2021-08-06,277.7937927246094,277.83218879233317,276.02795434835366,276.8820984514025,16589300
2021-08-09,276.7093505859375,279.7995752873609,276.2103188203015,278.07213285524966,16117600
2021-08-10,274.8955383300781,277.5922838439448,273.70552373680465,277.16040859309794,18616600
2021-08-11,275.3849182128906,277.0259910024665,274.33882327065885,275.6344193835293,13955900
2021-08-12,278.12969970703125,278.2832546943312,274.7995509694879,275.0778712144452,14561300
2021-08-13,281.0472106933594,281.09518381779094,277.64026951768847,277.81303719840986,18249000
2021-08-16,282.7265625,282.93769687741525,278.3311366304303,281.37338707487623,22507600
2021-08-17,281.26788330078125,281.6037829881996,279.34848998709674,280.60571955216835,20075300
2021-08-18,279.5467529296875,283.4794229415405,279.104426221495,280.80635995342857,21813000
2021-08-19,285.35443115234375,286.0275166816487,277.53718447593633,277.5852494378773,29850500
2021-08-20,292.6524353027344,294.0755159975354,286.5947836444188,288.1909333937579,40817600
2021-08-23,292.9313659667969,293.65251656215764,290.2390821482606,291.5852240575287,22830200
2021-08-24,290.9793701171875,293.892816520206,290.3832238228718,293.2870454973741,18175800
2021-08-25,290.3928527832031,292.8735972507259,288.86401745475416,292.59474421285233,20006100
2021-08-26,287.585205078125,290.7967251675743,287.4506055747187,289.4121138382239,17666100
2021-08-27,288.1910095214844,289.2967678980411,285.4121618113785,287.4890790455241,22605700
2021-08-30,291.912109375,292.51788050210155,289.47942948011064,289.53711917376893,16348100
2021-08-31,290.26788330078125,292.78709763966935,289.9024956924805,292.71018783230056,26285300
2021-09-01,290.21978759765625,293.4505570216653,289.89286956645867,291.2197911507648,18983800
2021-09-02,289.5660400390625,291.6910225631767,288.6333506218128,290.57566863051477,16285600
2021-09-03,289.5562744140625,290.96010540909754,288.710120057489,289.4120208831666,14747900
2021-09-07,288.63330078125,289.50830033860336,286.7294820320938,289.43139052137866,17180400
2021-09-08,288.6620788574219,289.04668654196234,286.0274854074498,288.248626330133,15046800
2021-09-09,285.81591796875,290.51783226857776,285.5755345221825,289.2486006282176,19927000
2021-09-10,284.335205078125,288.38328426235665,284.01791177587137,286.9409832920089,19633400
2021-09-13,285.5660400390625,287.0564356937497,282.7679719235952,286.10449685746556,23652900
2021-09-14,288.2582702636719,289.7967304480166,286.6332755453167,288.0371068920759,21853400
2021-09-15,293.0947265625,293.5754934405264,290.2101252943416,291.59473625055216,28356300
2021-09-16,293.4793701171875,293.565904644582,289.19093725653136,292.07553887775646,19550800
2021-09-17,288.3352355957031,292.78714332382805,288.0083175119213,292.4698499713523,41372500
2021-09-20,282.97943115234375,287.2294241436648,278.3833000222743,284.9313439067863,38278700
2021-09-21,283.4601745605469,286.09479733126966,282.7582736118841,284.31595379410885,22364100
2021-09-22,287.09478759765625,288.6717173261203,283.18136680799097,285.3159733040297,26626300
2021-09-23,288.037109375,289.32556135418525,286.085196618995,287.35442848279695,18604600
2021-09-24,287.8351745605469,288.26784720291187,285.50824964587054,286.7582613035244,14999000
2021-09-27,282.8544006347656,285.06591655736753,281.67170353978287,284.7486233260551,23571700
2021-09-28,272.61407470703125,279.5948200559048,271.8737041842086,278.65250629111523,43186200
2021-09-29,273.07562255859375,275.73906084869554,272.123713405147,274.1333156978042,26353700
2021-09-30,271.0757141113281,276.7583549818857,270.78723626688867,274.71990732676227,32343600
2021-10-01,277.9794921875,278.8256468235506,270.4699138080857,271.26797413672585,30086300
2021-10-04,272.21990966796875,276.68144205400307,269.4699361794418,276.3448992444517,31350700
2021-10-05,277.652587890625,279.22948850924683,273.1237412861691,273.1237412861691,24993000
2021-10-06,281.835205078125,282.3352215175468,274.5275704532508,274.7871740588591,28002600
2021-10-07,283.50823974609375,285.229393421509,282.6140203768225,283.8255329809802,20430500
2021-10-08,283.50823974609375,285.229393421509,282.46017145140775,284.82553632433496,17685700
2021-10-11,282.9122009277344,286.50832922582435,281.4891198350352,281.65259355026353,19298600
2021-10-12,281.6140441894531,284.07556854608913,281.10443241273595,283.979409290472,17974100
2021-10-13,284.9121398925781,285.84482905516467,282.20060694439593,283.5659981485587,23416300
2021-10-14,291.1043701171875,291.6043571503594,286.3736107122371,287.70053210668726,27262900
2021-10-15,292.50823974609375,292.7390278517721,288.9601770620516,290.71017592364666,25384800
2021-10-18,295.46978759765625,296.3543824347761,291.04672538099135,291.89287998601975,22729300
2021-10-19,296.3736572265625,297.4024763811832,295.4024984250073,296.48903662007575,17682100
2021-10-20,295.585205078125,297.7871264122316,294.3351931255189,297.3159547433428,16537100
2021-10-21,298.8063049316406,299.0562838093166,294.57553200250277,295.3544015118529,16918100
2021-10-22,297.2678527832031,299.1236063471209,295.96015129406624,298.4601455444869,17449300
2021-10-25,296.2774353027344,297.4985727507945,294.6716608327069,297.46010317986077,17554500
2021-10-26,298.1812744140625,300.3831953408259,296.7293781263278,299.03705370094167,28107300
2021-10-27,310.73895263671875,313.55624018654,303.8447410132644,303.8447410132644,52588700
2021-10-28,311.87359619140625,312.37358336767323,308.9985892327168,311.8543467291355,26297900
2021-10-29,318.8638610839844,319.22924865393935,311.4408183451514,311.6619817016203,34766000
2021-11-01,316.7004089355469,318.7388560634213,313.81580729941845,318.6138519641994,27073200
2021-11-02,320.31585693359375,320.6235548856837,317.30625052903974,317.6043237502232,26487100
2021-11-03,321.15240478515625,322.0177796478746,317.9312595271054,321.05624550181125,21500100
2021-11-04,323.49853515625,323.59469443504923,316.8351108815185,320.0851008365663,23992200
2021-11-05,323.1331481933594,325.75814685735793,321.55624752371233,325.4889184823601,22570100
2021-11-08,324.02740478515625,324.66202088646315,321.57550428148005,324.325478043448,20897000
2021-11-09,323.02728271484375,325.69072070181716,321.6618918462256,324.14263606886954,21307400
2021-11-10,318.0754089355469,321.75810028088216,317.2292837348111,321.7004105931885,25500900
2021-11-11,319.64276123046875,320.93121335247633,317.79663226365136,318.50815807964443,16849800
2021-11-12,323.76776123046875,324.25815300827657,320.95047337818704,321.0754775053688,23831000
2021-11-15,323.1427001953125,324.88307418193443,321.18116285112575,324.5561561818509,16723000
2021-11-16,326.450439453125,327.5658224885891,322.6043031971898,322.76774755560007,20886800
2021-11-17,326.6720275878906,329.6293451502645,325.59314376774387,326.49864184480543,19053400
2021-11-18,328.7430114746094,329.87971962558396,324.7453511615108,325.7664394516795,22463500
2021-11-19,330.51544189453125,332.43241492443923,329.638871148073,330.06272241316236,21963400
2021-11-22,327.3559265136719,336.83475779834544,327.08620558426253,331.9701093321085,31031100
2021-11-23,325.2848205566406,326.9898682292672,321.31605752223925,324.6779411746802,30427600
2021-11-24,325.5063781738281,325.7472014512142,321.65320573565054,323.9362057016911,21661300
2021-11-26,317.5784606933594,325.5256287318422,316.0757258160542,322.07705238453224,24217200
2021-11-29,324.2734069824219,326.5853048710873,322.45276865427024,322.645439060566,28563500
2021-11-30,318.455078125,325.38115820776426,316.9138032094252,323.0114652960252,42885600
2021-12-01,317.9638366699219,326.8261467091806,317.29919134448687,322.82848542960454,33337600
2021-12-02,317.3954162597656,321.2485884430419,315.76744866054173,318.1756812750894,30766000
2021-12-03,311.1532897949219,320.48760157043654,306.3560799414712,319.8036423557392,41779300
2021-12-06,314.21661376953125,315.43037261838606,307.51210127524547,312.05884639145665,30032600
2021-12-07,322.6261901855469,323.47386355690173,317.98310963695894,319.46658948224007,31021900
2021-12-08,322.67425537109375,323.1847994820111,318.6573106513333,323.0017714613644,24761000
2021-12-09,320.87298583984375,324.1385346542755,319.9289478765384,322.13489763920364,22214200
2021-12-10,329.9664306640625,330.4095372641144,322.5009090494943,322.68393709248,38095700
2021-12-13,326.94171142578125,331.17058275210826,326.6334505414845,328.17472556559255,28899400
2021-12-14,316.2876281738281,322.3563918673137,312.2128880966609,320.98850283752,44438700
2021-12-15,322.3659973144531,322.886183766917,312.58857922136355,316.54769934976275,35381100
2021-12-16,312.9739685058594,324.39864164478854,311.1629725069746,323.38716610207007,35034800
2021-12-17,311.9142761230469,312.99318902693045,305.6047184390456,309.10147689497717,47750300
2021-12-20,308.1671447753906,310.95104695993683,305.9130421153367,308.301990542722,28326500
2021-12-21,315.2762145996094,315.7000659257097,308.06112911488344,311.42304210587787,24740600
2021-12-22,320.9692687988281,321.3641930953662,313.7927235316347,316.2491091479911,24831500
2021-12-23,322.40460205078125,324.0422122425746,320.51655561829773,320.53581089915843,19617800
2021-12-27,329.8797607421875,329.908658361648,323.1174238146764,323.14632143413695,19947000
2021-12-28,328.7237548828125,331.18978275080303,327.827899397402,330.5540058070814,15661500
2021-12-29,329.3980407714844,331.6617557188024,327.2113469290697,328.7718768270416,15042000
2021-12-30,326.8645935058594,330.53473754796454,326.3829469974742,329.35951889161,15994500
2021-12-31,323.97479248046875,326.90318279060705,323.5220434776535,326.0844070470572,18000800
2022-01-03,322.46234130859375,325.5930436513956,317.6747737807834,323.04032300520043,28865100
2022-01-04,316.9330749511719,322.89586164300437,314.1491437576021,322.5394184991603,32674300
2022-01-05,304.76666259765625,314.1009746877151,304.3813512536725,313.89866197929246,40054300
2022-01-06,302.3584899902344,307.0015705102463,300.0562050121712,301.65527533473295,39646100
2022-01-07,302.5125427246094,304.88223527940386,298.70752360593445,302.6184908441429,32720000
2022-01-10,302.734130859375,303.1676245403952,293.505795319919,298.1295907297212,44289500
2022-01-11,303.4180603027344,304.98820330544083,298.5149021278563,301.87678551872176,29386800
2022-01-12,306.58734130859375,311.5386828731419,305.44101995485215,307.9359754170271,34372200
2022-01-13,293.6116943359375,309.10146222236773,292.8410716956861,308.7065085650938,45366000
2022-01-14,298.8135070800781,299.41074404993253,292.6002553313774,293.0819018422109,39846400
2022-01-18,291.5406494140625,298.42818916600646,290.66404916965183,292.90853854423693,42333200
2022-01-19,292.1956481933594,302.38730443677275,291.5887983066239,295.0470165949494,45933900
2022-01-20,290.5291748046875,300.2102576999121,290.08606825576,297.7249746936836,35380700
2022-01-21,285.1636962890625,292.9470927232566,284.7591001939449,291.5792327867731,57984400
2022-01-24,285.49114990234375,286.20397733564954,265.9170285250383,281.4742344395524,85731500
2022-01-25,277.9004211425781,284.1618263856482,274.70231034504417,280.81919810306823,72848600
2022-01-26,285.8186950683594,297.17592925056107,282.27378342148563,296.6846403493407,90428900
2022-01-27,288.8338623046875,296.02002216009936,286.9939685564183,291.5503564920198,53481300
2022-01-28,296.9446716308594,297.15659723966525,283.64159935308487,289.20943100549425,49743700
2022-01-31,299.56488037109375,300.9134847485598,295.1240841669652,297.60939667442534,46444500
2022-02-01,297.4263916015625,299.2277450230752,293.9296328904505,299.01581936187534,40950400
2022-02-02,301.953857421875,303.5529275513087,297.54198780490606,298.26445765509385,36636000
2022-02-03,290.19207763671875,299.8057543934319,288.94942117258597,298.12960422865086,43730000
2022-02-04,294.7098388671875,297.46484251298546,288.9589789477584,289.1901598418486,35096500
2022-02-07,289.9030456542969,296.54011926462067,288.8915703465275,294.93143638637616,28533300
2022-02-08,293.3805236816406,294.343816714322,288.9397569117174,290.192026095255,32421200
2022-02-09,299.7865295410156,300.4801019620381,296.1067711102672,298.49571991804794,31284700
2022-02-10,291.2806091308594,297.77319603906335,289.6622835734979,292.879679406839,45386200
2022-02-11,284.2100524902344,293.1205151712114,283.420144959361,292.06088670264677,39175600
2022-02-14,284.1714782714844,285.8668836168061,280.65546416556623,282.9866171180097,36359500
2022-02-15,289.4406433105469,289.7585170595813,286.11727076561556,288.9975367703456,27058300
2022-02-16,289.102783203125,290.42521859996504,283.48481887693396,288.0120067201393,29982100
2022-02-17,280.6373291015625,286.4965868814694,279.9326604203937,286.0718591090062,32461600
2022-02-18,277.93450927734375,283.65864238707985,276.3707522552186,282.87676387601726,34264000
2022-02-22,277.73175048828125,281.4191455825817,274.6235321794877,275.106174591051,41736100
2022-02-23,270.5404357910156,281.573666522266,270.37635382579157,280.10641436358,37811200
2022-02-24,284.3633117675781,284.9135313013762,262.0941791874867,263.0498313930732,56989700
2022-02-25,286.9888916015625,287.29778988293907,281.5253747646306,284.8942395707059,32546700
2022-02-28,288.41748046875,288.7553360718081,282.8284727085798,284.0929935575526,34627500
2022-03-01,284.7108459472656,289.5565664408294,282.00803005009567,286.1104916374732,31217800
2022-03-02,289.7688293457031,291.00439263836535,283.5041407905039,285.10648754064266,31873000
2022-03-03,285.6470947265625,292.6067899776218,283.8419873820218,292.37513104919077,27314500
2022-03-04,279.7974548339844,285.39612468595874,277.20086566715224,284.0736891436429,32356500
2022-03-07,269.2276306152344,279.6334012626767,268.8608176186458,278.5136671787281,43157200
2022-03-08,266.2738342285156,274.1022802945537,260.6269119121218,268.1561220285429,48159500
2022-03-09,278.4847412109375,279.54656067391153,271.0327393319232,273.6004011394195,35204500
2022-03-10,275.6757507324219,276.6506980483507,270.83966326078166,273.1949611124185,30628000
2022-03-11,270.3473815917969,279.4596745025475,269.72958504143236,277.9634650523489,27209300
2022-03-14,266.8433532714844,275.4922975054639,266.2448813621328,270.6079583933382,30660700
2022-03-15,277.18157958984375,277.8283334961411,269.0538964529326,270.6176534268287,34245100
2022-03-16,284.1702575683594,284.34400179367987,273.3687163552092,279.0735246270153,37826300
2022-03-17,284.9714050292969,285.3478508163391,279.32448255840876,283.1084122705425,30816600
2022-03-18,290.0005187988281,290.5507382302181,282.5678431701578,285.1161798417101,43390600
2022-03-21,288.7745666503906,289.72055623598095,284.66244451195047,288.51395039330725,28351200
2022-03-22,293.5045166015625,294.4118867402999,288.39815136686497,289.3923936093338,27599700
2022-03-23,289.0932312011719,292.7034175820103,287.38468714348056,290.07784087692966,25715400
2022-03-24,293.5431823730469,293.6397167673037,287.9638360996713,288.75537689115174,24484500
2022-03-25,293.1376647949219,294.89449010379474,288.9000800753359,294.6338738271322,22566500
2022-03-28,299.9140625,300.01056743386323,293.7651722801995,293.7651722801995,29578200
2022-03-29,304.4605407714844,304.8563111504665,298.3213129462688,303.01261329342486,30393400
2022-03-30,302.9642639160156,304.98173500944773,300.76341581769765,302.8677590054926,28163600
2022-03-31,297.6070556640625,304.19996958946103,297.20165240659253,303.0029959983566,33422100
2022-04-01,298.67852783203125,299.3638720029751,294.93321694040014,298.6302459022579,27110500
2022-04-04,304.0357971191406,304.1709216917822,298.9583889350334,299.32520192359516,24289600
2022-04-05,300.0877380371094,303.9392148944746,299.11279097971965,302.3947533501223,23156700
2022-04-06,289.102783203125,296.3424188426022,286.40963049695665,294.5952557982606,40110400
2022-04-07,290.9079284667969,293.10877703347046,286.06220849283096,286.3614444787001,31411200
2022-04-08,286.6606750488281,290.6666017314044,285.99462607140345,290.01021503016705,24361900
2022-04-11,275.357177734375,282.4519981244576,275.1061942358303,281.66048690117145,34569300
2022-04-12,272.268310546875,280.64697807098315,270.75280588328843,279.1990504337595,30966700
2022-04-13,277.6352233886719,278.5618885948695,271.5346160767129,272.914995798149,21907200
2022-04-14,270.11566162109375,278.3012882088098,269.6233863517897,278.088924351685,28221600
2022-04-18,270.7817077636719,272.65436281401867,268.67739376545774,269.2276132247998,20778000
2022-04-19,275.39581298828125,276.2356357266572,268.74501431186735,269.6813419887161,22297700
2022-04-20,276.41900634765625,279.64308426283594,275.46338359699905,279.35348107967593,22906700
2022-04-21,271.0616760253906,283.11807613900845,270.33771228198214,278.56192980216474,29454600
2022-04-22,264.5169982910156,273.3686730601937,263.8895690490661,271.901421279217,29405800
2022-04-25,270.97479248046875,271.351238292918,261.3701954398088,263.8027323682706,35678900
2022-04-26,260.8392639160156,268.69666699273034,260.6269000783663,267.8665361916543,46518400
2022-04-27,273.3880310058594,280.8689900877158,269.4689760886624,272.30691647120665,63477700
2022-04-28,279.5755615234375,280.8787024552728,271.68916835558514,275.2896928123423,33646600
2022-04-29,267.88592529296875,279.81686511286546,266.90134504097585,278.5909341142436,37073900
2022-05-02,274.5946044921875,275.0482895864189,266.63100384066234,268.06926895596354,35151100
2022-05-03,271.99798583984375,274.26641131232816,270.42456669386183,274.10229991297473,25978600
2022-05-04,279.9132995605469,280.7820499971457,267.1232758393873,272.77983068105766,33599300
2022-05-05,267.7218017578125,276.4093667940325,264.8162844690875,275.62748829742554,43260400
2022-05-06,265.1927185058594,269.5557954403699,261.85281170163194,265.2699283325795,37780300
2022-05-09,255.39505004882812,262.9049649269727,254.17881118176808,260.6848215778592,47726000
2022-05-10,260.1442565917969,264.24671703897735,255.86805194857527,262.258232684761,39336400
2022-05-11,251.50498962402344,261.939717895706,250.29838339965534,256.45690628213566,48975900
2022-05-12,246.4855194091797,250.8582590815856,241.3405488261486,248.7442826712676,51033800
2022-05-13,252.05520629882812,253.90856640021337,246.48552263469378,248.41609257198036,34925100
2022-05-16,252.42201232910156,256.59205034843524,246.9005812826205,250.9354652701601,32550900
2022-05-17,257.557373046875,259.01493349139474,253.348714764612,256.87199942771946,28828800
2022-05-18,245.830810546875,255.04172974493503,244.56334455457838,254.46120398258716,31356000
2022-05-19,244.9213409423828,249.30427969315693,243.70225448849024,245.65666082139012,32692300
2022-05-20,244.36019897460938,250.14605852725083,238.43890011882908,248.88824756705642,39199300
2022-05-23,252.1875,253.0099090514097,245.20190974301659,247.19504035705393,33175400
2022-05-24,251.19091796875,252.84539116572356,245.2696206096745,249.51710474100852,29043900
2022-05-25,253.99676513671875,255.98988085349984,248.78177736180598,249.75899518887167,28547900
2022-05-26,257.26702880859375,258.43773551666885,252.94215494918038,253.75487915760345,25002100
2022-05-27,264.36871337890625,264.4654725864212,258.8731329025277,259.7632762741946,26910800
2022-05-31,263.04315185546875,265.84899122205303,260.1986029072962,263.6817270812585,37827700
2022-06-01,263.575439453125,268.67432940880065,261.27270543224773,266.2651808958061,25292200
2022-06-02,265.66522216796875,265.7329565705162,253.10666158963318,255.86413679429918,44008200
2022-06-03,261.2533264160156,264.5719880166716,259.69561200341536,261.53391933554974,28059000
2022-06-06,260.0245056152344,265.27820295854366,258.5441812387559,263.2270376292287,22400300
2022-06-07,263.65277099609375,264.26232157625736,257.3057561922374,257.9830411761452,22860700
2022-06-08,261.6306457519531,264.13655309709793,260.85660150666956,262.88842705123176,17372300
2022-06-09,256.1930847167969,263.8559299419898,256.0382758855006,259.0859990893106,26439700
2022-06-10,244.7761993408203,252.1197571149294,244.33112762791936,252.1197571149294,31422800
2022-06-13,234.39459228515625,240.93512629318718,233.6882971691395,237.15206786424903,46135800
2022-06-14,236.55218505859375,237.76160149558388,233.6689256431726,235.94263445006774,28651500
2022-06-15,243.58612060546875,247.0111959438157,238.41949755027613,240.2481344636705,33111700
2022-06-16,237.0166015625,239.38705487358806,235.12991483585378,237.99380474825406,33169200
2022-06-17,239.60960388183594,242.36707955457766,236.10713823491153,236.7553837419542,43084800
2022-06-21,245.50189208984375,246.47909535720655,241.40921581403924,242.13486575130284,29928300
2022-06-22,244.91165161132812,248.8204934956348,242.24125087999028,243.71190528540944,25939900
2022-06-23,250.45559692382812,250.94904823926845,245.39541785280727,247.27243437521878,25861400
2022-06-24,259.0085754394531,259.2794834769708,253.22271792711476,253.309792347021,33923200
2022-06-27,256.2899169921875,259.589179651512,254.73217298282648,259.5021051953525,24615100
2022-06-28,248.15292358398438,258.2442876848407,247.99811473013298,255.40942252018837,27295500
2022-06-29,251.81019592285156,253.46466940003842,247.45628183135534,249.22686932972684,20069800
2022-06-30,248.4915313720703,251.10388274506582,244.68913309560924,248.70438985080898,31730900
2022-07-01,251.15223693847656,251.33607059535083,246.343610863831,248.0658334178518,22837700
2022-07-05,254.31610107421875,254.44188511131125,246.46940643072733,247.84330176827007,22941000
2022-07-06,257.5669860839844,259.2891938730712,253.88068722348527,255.18686285339652,23824400
2022-07-07,259.68597412109375,260.32454974633936,256.41570631003805,256.5124655611561,20859900
2022-07-08,258.9700012207031,259.3957182917226,254.74188485909252,256.1931850029924,19658800
2022-07-11,255.92222595214844,257.8766324611341,253.66785697508126,257.0251984883415,19455200
2022-07-12,245.4341278076172,257.3057634702687,243.8570440782721,257.2477138444937,35868500
2022-07-13,244.5149688720703,245.31802312540924,240.05464064203076,242.06711128352157,29497400
2022-07-14,245.830810546875,246.85639326542395,237.95509174418504,242.43477469827525,25102800
2022-07-15,248.38510131835938,251.91659126646923,246.4984147054872,247.41756820782146,29774100
2022-07-18,245.9953155517578,252.3713557823353,245.07616196648328,251.3167481398981,20975000
2022-07-19,251.10389709472656,251.2877307699049,245.44382181429663,249.2171954923263,25012600
2022-07-20,253.7549591064453,256.2705517022864,250.5040612485148,251.46190980901676,22788300
2022-07-21,256.2414855957031,256.2898799710948,248.68505377050542,251.35545481408533,22404700
2022-07-22,251.90695190429688,256.71559351171373,250.6588552259502,256.6285190592783,21881300
2022-07-25,250.4265899658203,253.00991644481692,248.47218365007052,252.52614987417672,21056000
2022-07-26,243.7216339111328,251.44256032376273,241.46729429960848,251.42319076050507,39348000
2022-07-27,260.0149230957031,261.2823895198712,250.44603287969764,252.6810327285299,45994000
2022-07-28,267.43585205078125,268.81941742326114,259.17311035737987,260.99207747518795,33459300
2022-07-29,271.6252136230469,272.84431469044125,267.6486670392354,268.68393446863337,32152800
2022-08-01,268.9839172363281,272.14774020428075,266.8843571782586,268.8000835642348,21539600
2022-08-02,265.89752197265625,268.867856439552,263.5367382397174,267.0392042376813,22754200
2022-08-03,273.29913330078125,274.295691421878,267.62937279083735,267.7745264077172,23518900
2022-08-04,274.4407958984375,274.58591997817257,271.07379914150016,272.65085351031576,18098700
2022-08-05,273.7247619628906,274.44072692749853,269.6320867822846,270.0868284690186,16774600
2022-08-08,271.2189025878906,276.63709419104765,270.25136942756865,274.8277823787597,18739200
2022-08-09,273.13458251953125,273.88925715701384,268.5968499150632,270.5609704551994,23405200
2022-08-10,279.7718811035156,280.40077172746834,277.62395639158353,278.81403276129174,24687800
2022-08-11,277.7013244628906,281.7552902911237,277.20790268722305,281.4069925671231,20065900
2022-08-12,282.4326477050781,282.4326477050781,277.6240060475437,279.11401558943726,22619700
2022-08-15,283.94195556640625,284.62889583747915,280.6910288186994,281.55214749764076,18085700
2022-08-16,283.2066650390625,284.49350086788803,280.9910350330185,282.5100398793754,18102900
2022-08-17,282.4600830078125,284.4283433719824,280.6663411966556,280.9281190261752,18253400
2022-08-18,281.3450622558594,283.0321341039528,280.28818642679033,281.36444334293145,17186200
2022-08-19,277.4472351074219,280.4529598691973,276.875182491092,280.11359859796744,20570000
2022-08-22,269.302734375,273.8694799294029,268.7888545532896,273.5010322101689,25061100
2022-08-23,268.0326232910156,270.37900717902073,267.02424456116967,268.0326232910156,17527400
2022-08-24,267.40240478515625,268.7986124206689,266.7430631426748,267.03395699391723,18137000
2022-08-25,270.36932373046875,270.53413693993167,266.1709957164904,268.89553264663925,16583400
2022-08-26,259.9365234375,271.8139618186625,259.8298830917029,270.5922729736932,27549300
2022-08-29,257.16357421875,259.2675614677576,255.82553940593357,257.76471343275216,20338500
2022-08-30,254.97219848632812,258.9280989361752,252.73245572753953,258.5596808701505,22767100
2022-08-31,253.51788330078125,258.9863379304906,253.3821269343252,257.31867689878567,24791800
2022-09-01,252.48043823242188,252.95555596320528,247.64220877512267,250.9969713685728,23263400
2022-09-02,248.2724151611328,256.68842221316766,246.7307755662362,253.74089939007345,22855400
2022-09-06,245.54788208007812,249.98857705648493,244.27772561001785,248.40817526683784,21328200
2022-09-07,250.2406463623047,250.95813110475615,245.51876351834204,246.953747797965,24126700
2022-09-08,250.65760803222656,252.5095226601968,247.04105284590432,249.67834533210234,20319900
2022-09-09,256.41693115234375,257.1635319672501,252.37377054080144,252.57737549512018,22084700
2022-09-12,258.54034423828125,259.316031521762,257.09566920762467,257.6968083589195,18747700
2022-09-13,244.32618713378906,252.48040101382477,243.93834353048703,250.96784794774865,33353300
2022-09-14,244.5491943359375,246.49805856116708,242.26096879830945,245.8193507310912,23913000
2022-09-15,237.91722106933594,243.75412313348235,236.5985823888046,242.1737066610615,31530900
2022-09-16,237.2966766357422,237.83964287173066,234.69817634172827,236.83126432370605,39791800
2022-09-19,237.0834197998047,237.68455901162233,233.52503724889056,235.09576347059402,26826900
2022-09-20,235.07632446289062,236.10408413767027,232.35178783208616,234.70789152713547,26660300
2022-09-21,231.68280029296875,240.12790919362467,231.63431798619996,236.84101000293197,28625600
2022-09-22,233.6510467529297,236.44346175605514,230.3447666716902,230.6356309055808,31061200
2022-09-23,230.68409729003906,233.79647753038185,228.04681992346752,232.25482322354088,34176000
2022-09-26,230.22836303710938,234.10670990585737,229.6950873837127,229.84053426812227,27694200
2022-09-27,229.2200469970703,234.44611989699393,227.3681324316485,232.68146460352042,27018700
2022-09-28,233.73831176757812,234.95998588678188,227.5911198226186,229.60786226959718,29029700
2022-09-29,230.27685546875,232.65234007148365,227.28083593148932,231.6245804731783,27484200
2022-09-30,225.81680297851562,233.22444695507593,225.6519749663668,231.0428762379574,35694800
2022-10-03,233.41835021972656,234.26188606885609,227.52326022905194,228.25045038719026,28880400
2022-10-04,241.310791015625,242.74577547683293,237.52939325058418,237.6360484007584,34888400
2022-10-05,241.62107849121094,242.95911329133793,236.67619364655312,238.50871249272885,20347100
2022-10-06,239.2843780517578,242.72641498774018,238.59597954139576,240.389706680764,20239900
2022-10-07,227.1160430908203,233.98072018796898,226.07857799580754,233.5734806664739,37769600
2022-10-10,222.27777099609375,227.42627446967683,219.83440814949287,225.96220374690327,29743600
2022-10-11,218.5545654296875,222.09355135270334,217.2940996232981,220.69734398530096,30474000
2022-10-12,218.8842315673828,220.93006041435294,217.14867761413385,218.54487025171542,21903900
2022-10-13,227.1160430908203,228.91947533494175,212.465584291104,213.16368804977824,42551800
2022-10-14,221.60879516601562,230.02481774633813,221.39548484935546,228.37650806401442,30198600
2022-10-17,230.3059539794922,231.69247081215326,227.98864209353195,228.64796881811276,28142300
2022-10-18,231.24649047851562,236.51134058165383,228.21167855259944,235.84233800532098,26329600
2022-10-19,229.2879180908203,232.32272998256715,227.16452030041103,229.8308844163688,19985700
2022-10-20,228.96792602539062,233.97099766347205,227.72685605551754,228.59949308712024,21811000
2022-10-21,234.7563934326172,235.60963470412872,227.36814542435465,227.60085162423684,26299700
2022-10-24,239.7303466796875,240.30239936572295,233.96130792884753,236.34648327507583,24911200
2022-10-25,243.0366668701172,243.4050998483293,238.3535601564571,239.74006238454706,34775500
2022-10-26,224.28485107421875,231.05256356203466,223.06316209926047,224.13940416091688,82543200
2022-10-27,219.8538055419922,226.58274025958372,218.9133051682239,224.01332637862237,40424600
2022-10-28,228.69642639160156,229.40423538492817,219.17509201652825,219.35931586973052,40647700
2022-10-31,225.0702362060547,227.77537744033944,224.1200302889491,226.65065296380033,28357300
2022-11-01,221.23060607910156,228.57038484843883,220.41615676312193,227.46505654968945,30592300
2022-11-02,213.40609741210938,224.26546848649176,213.34790976650638,222.4814320174644,38407000
2022-11-03,207.73399353027344,213.70665239090863,207.4722009244926,213.3963774811355,36633900
2022-11-04,214.65682983398438,214.85074424296624,206.93891208084915,210.9336199205367,36789100
2022-11-07,220.9397430419922,221.46332820770985,214.5501694748692,215.23858262395112,33498000
2022-11-08,221.9093780517578,224.60482880222662,218.97153054463013,221.74455003259666,28192500
2022-11-09,217.68191528320312,221.67662274199262,217.50739677017623,220.4549339719257,27852900
2022-11-10,235.59022521972656,235.92958655895382,227.8529257557349,228.2698410290553,46268000
2022-11-11,239.59461975097656,240.4478609583566,234.5721519094285,235.59992645228266,34620200
2022-11-14,234.20372009277344,236.49194578262,231.93489028356817,234.6303406985499,31123300
2022-11-15,234.6109161376953,239.48793649488397,232.72991540292844,238.1886937504624,31390100
2022-11-16,235.0387420654297,237.05145015358517,233.76500614633548,236.06939815763067,24093300
2022-11-17,234.9901123046875,236.51666066871482,231.0522311596021,231.19807311445172,23123500
2022-11-18,234.54286193847656,236.99311072037338,232.4134803048627,236.76946659991202,27613500
2022-11-21,235.34988403320312,237.8973557920272,234.51368886128466,234.74703599252672,26394700
2022-11-22,238.24737548828125,238.51962368090963,234.04696420457608,236.8472334482416,19665700
2022-11-23,240.72682189941406,241.40744246425524,237.50844728562427,238.3251919634337,19508500
2022-11-25,240.63931274414062,241.81581080755163,239.9003405690243,240.46428755240743,9200800
2022-11-28,235.0679473876953,239.8225889552407,234.13452901417463,239.26837457779106,24778200
2022-11-29,233.67752075195312,236.06941814268234,231.6162083930456,234.71789478419583,17956300
2022-11-30,248.07754516601562,248.2622882065125,233.22050747543122,233.9108607052224,47594200
2022-12-01,247.6399688720703,249.03037814735873,243.97432149003544,246.84266004055812,26041500
2022-12-02,247.9608917236328,248.97209734788092,242.77842766287273,242.90483392955983,21528500
2022-12-05,243.27427673339844,246.79408255563942,241.19351410319612,245.03417222631165,23435300
2022-12-06,238.3349151611328,244.88835294425144,237.03201078829815,243.8771473447241,22463700
2022-12-07,237.6056671142578,239.3461270027659,235.5054686619729,238.0529405287907,20481500
2022-12-08,240.55178833007812,241.85470746474556,236.33192613856002,238.06265330165112,22611800
2022-12-09,238.6266326904297,241.43663524920433,237.40151554994418,237.92656151403307,20609700
2022-12-12,245.5203857421875,245.54955413957768,240.32820329688917,240.6004515634759,30665100
2022-12-13,249.80825805664062,256.614492351379,246.0648232599692,254.44620988669473,42196900
2022-12-14,250.09994506835938,255.32129440920468,247.27049264402083,250.01243990135845,35410900
2022-12-15,242.11724853515625,247.16358859669754,240.49347691697452,246.69687943873564,35560400
2022-12-16,237.9168243408203,242.9242630632895,236.76947979184487,241.66997762867638,86102000
2022-12-19,233.79417419433594,238.42242358687312,232.1023480969562,238.08210589515767,29696400
2022-12-20,235.10679626464844,236.18607121939564,231.82035247090366,232.77322117622552,25150800
2022-12-21,237.6640167236328,238.82107914890844,233.463604755998,234.99987114249353,23690600
2022-12-22,231.5967254638672,235.2915415960275,227.396299165475,234.5817378584511,28651700
2022-12-23,232.12179565429688,232.25791977065128,227.46439246807083,229.57432368977197,21207000
2022-12-27,230.40077209472656,232.31622733519188,229.30204661323555,232.0925980656862,16688600
2022-12-28,228.0380401611328,233.08437961165026,227.6880046259404,230.33271426152407,17457100
2022-12-29,234.3386688232422,235.2234829457409,229.12703678909463,229.12703678909463,19770700
2022-12-30,233.18165588378906,233.31778001231856,230.1091228839325,231.61622098749143,21938500
2023-01-03,232.94827270507812,238.94748134129327,230.82860879757206,236.3513904454424,25740000
2023-01-04,222.75836181640625,226.42399496515415,219.70527974958796,225.85033012794412,50623400
2023-01-05,216.1563262939453,221.25128535832076,215.62154764960167,220.9109676292611,39585600
2023-01-06,218.70372009277344,219.51074669681162,213.27819276800588,216.82715141945476,43613600
2023-01-09,220.83314514160156,224.8391105735464,220.14280677677522,220.18169301907503,27369800
2023-01-10,222.51527404785156,224.90717117777552,221.03734458217542,221.4554347527597,27033900
2023-01-11,229.24371337890625,229.41872372216184,224.7127021200409,224.88771246329648,28669300
2023-01-12,231.90786743164062,233.25939064495995,227.09488993594465,228.74782975392716,27269500
2023-01-13,232.6079559326172,232.74408004932297,228.41726187215806,230.4396879177981,21333300
2023-01-17,233.69696044921875,234.24145690846152,230.52718988997353,231.3828356610212,29831300
2023-01-18,229.2825927734375,235.6707371669467,229.00062672780834,234.88316097298835,30028700
2023-01-19,225.51002502441406,229.00066284863416,224.2946258083473,227.30882179875937,28623000
2023-01-20,233.570556640625,234.07616685941196,228.0186065956563,228.35892430446629,35389800
2023-01-23,235.865234375,238.3835379806386,233.01633090813738,234.42620586269453,31934000
2023-01-24,235.3401641845703,237.19729766623655,233.7844621578948,235.78743760454404,40234400
2023-01-25,233.9497528076172,236.5652941592754,224.50852565701223,227.98943061234027,66526600
2023-01-26,241.1351776123047,241.43659421049372,235.30126202491022,236.90558287687787,33454500
2023-01-27,241.29075622558594,242.9145276437586,239.99756980206558,242.0977830088241,26498900
2023-01-30,235.99163818359375,238.80164053803622,235.49574581512883,237.74180116090332,25867400
2023-01-31,240.950439453125,241.08656355946167,236.22496713827303,236.7111267803919,26541100
2023-02-01,245.7537078857422,248.11643670951443,238.67522443009082,241.1351911203326,31259900
2023-02-02,257.27569580078125,257.3632009780913,250.12914292548695,251.6556913662783,39940400
2023-02-03,251.19869995117188,256.8867738555353,249.9833008123263,252.3557623051793,29077300
2023-02-06,249.66244506835938,251.15009258378038,247.72753893121822,250.31391213131076,22518000
2023-02-07,260.1537780761719,261.3302762498554,252.88081823202182,253.31837383415902,50841400
2023-02-08,259.3467712402344,269.09913389839613,258.8411461479816,265.63767911484825,54686000
2023-02-09,256.32281494140625,266.3960585481187,255.525505975814,266.2210185187912,42375100
2023-02-10,255.8171844482422,256.77977094962534,253.4447232542968,254.29063620070343,25818500
2023-02-13,263.8096618652344,266.99886776795535,259.75507760072225,260.23153420322126,44630900
2023-02-14,264.6361389160156,267.35862090148964,261.82612208741193,265.12229853290944,37047900
2023-02-15,262.5209045410156,263.89531203662176,259.46016095211655,261.54614998360546,28922400
2023-02-16,255.53195190429688,260.00607263961115,255.28826321666222,257.35473852825965,29603600
2023-02-17,251.54519653320312,253.5239473924271,249.53720422274546,252.8416369479222,30000100
2023-02-21,246.29127502441406,249.04009049318063,245.2385381346892,248.05557870006874,28397400
2023-02-22,245.16055297851562,247.91911060638247,244.0200917469653,247.6754219276689,22491100
2023-02-23,248.33824157714844,250.3559759296498,244.15653587973247,249.10829119149065,29219100
2023-02-24,242.9283905029297,244.6634528431663,241.83666989520626,243.64971440364852,24990900
2023-02-27,243.84461975097656,246.43747061453573,243.09405452761465,246.08655835575647,21190000
2023-02-28,243.123291015625,245.14104018082875,242.45070796055708,242.78213582911255,22491000
2023-03-01,240.05282592773438,244.59517118131993,239.58493299824488,244.42946467971646,27565300
2023-03-02,244.77064514160156,245.05331745079246,239.4094944705545,240.32576623774196,24808200
2023-03-03,248.84512329101562,249.16679413004076,245.04358587267618,245.82339261513917,30760100
2023-03-06,250.3852081298828,253.55316056454095,249.5176771350271,249.9563137281879,24109800
2023-03-07,247.73390197753906,251.18454195758378,246.99309375726955,249.82961864090797,21473200
2023-03-08,247.2952423095703,248.11403261472034,244.47820207332853,247.62665530828698,17340200
2023-03-09,245.95008850097656,253.00730230567757,245.22876474046697,249.36172961054302,26653400
2023-03-10,242.31427001953125,246.40823683070676,241.3492723748031,244.74141460422547,28333900
2023-03-13,247.5097198486328,251.39899658512076,239.52647621107045,241.1543148292338,33339700
2023-03-14,254.20628356933594,254.47921369225799,249.4007352202757,250.26826629818711,33620300
2023-03-15,258.7388916015625,259.7526448252449,252.66615907277222,253.41673923474747,46028000
2023-03-16,269.2272644042969,269.57816182335324,256.6334203873444,258.514689849532,54768800
2023-03-17,272.37567138671875,276.1772083863334,269.3441988521381,271.23522516040924,69527400
2023-03-20,265.3574523925781,270.47491398328793,263.0375317119125,269.9875366889346,43466600
2023-03-21,266.8683776855469,268.0575797747977,262.7159125670362,267.94061395407743,34558700
2023-03-22,265.4159851074219,273.9450893595406,265.30874661401754,266.497948625342,34873300
2023-03-23,270.650390625,273.9645506194871,268.25250241830935,270.92332074814243,36610900
2023-03-24,273.4869384765625,273.54542137989336,268.3304776871036,270.24098860593506,28172000
2023-03-27,269.4026794433594,274.3544196920251,268.56437502402,273.41866361100745,26840200
2023-03-28,268.2817687988281,269.1687992182552,265.18202599070054,268.8276290958363,21878600
2023-03-29,273.4284362792969,274.0425364680911,271.3814455656998,271.9175487241211,25087000
2023-03-30,276.8790283203125,277.2786812703255,274.3739316415299,277.0545067536676,25053400
2023-03-31,281.021728515625,281.9672416312898,275.85554123239365,276.5671227721079,32766000
2023-04-03,279.9788513183594,280.9925749626686,276.78165654264745,279.2867539444378,24883300
2023-04-04,279.9300231933594,283.117489822551,278.45816395278734,279.9787787723989,25824300
2023-04-05,277.1617126464844,279.90077062602654,275.7775778065867,278.63360157573726,22064800
2023-04-06,284.2384948730469,284.70635812116194,274.91008465074276,276.06028813189846,29770300
2023-04-10,282.0842590332031,282.28894917802717,277.52238471849756,281.90878059048885,23103000
2023-04-11,275.6898193359375,278.7603200001052,274.5298887759889,278.53611574215296,27276600
2023-04-12,276.3332214355469,279.7643772791171,274.84184782081707,277.60042049037634,27403400
2023-04-13,282.5229187011719,282.5814016075444,276.02132104979927,276.43070139440715,24222700
2023-04-14,278.91632080078125,281.197243201843,276.5281599154827,279.75459555412215,20987900
2023-04-17,281.50909423828125,284.2384247499491,278.93575776704006,282.61057160840295,23836200
2023-04-18,281.0899658203125,284.39439803515654,279.7643139062447,284.2091922902282,20161800
2023-04-19,281.16796875,281.75279769664104,277.3566747962618,278.7700510801762,17150300
2023-04-20,278.88702392578125,281.7333204424285,277.88302787911294,278.0487492496202,23244400
2023-04-21,278.5458984375,279.04300308117706,275.91404898236954,277.8148324496472,21676400
2023-04-24,274.6566162109375,277.75635870948304,271.6836263278282,274.9685448486902,26611000
2023-04-25,268.4669189453125,274.4908950976734,268.41816336812605,272.45366159943416,45772200
2023-04-26,287.9132995605469,292.0072813214267,285.3399625443694,289.20974000859206,64599200
2023-04-27,297.13446044921875,297.4951446738083,287.79632356423065,288.4981481341887,46462600
2023-04-28,299.50311279296875,301.1309363430766,295.65282016140077,296.33516029137365,36469600
2023-05-01,297.8460388183594,300.80930138647517,297.44638582832135,299.2204464922504,21294100
2023-05-02,297.6998291015625,301.3746435203023,296.237697087883,299.9905085390908,26404400
2023-05-03,296.71539306640625,300.81910296931943,296.413221419586,298.8793501886683,22360800
2023-05-04,297.6998291015625,299.9905085390908,295.74056268414336,298.5088623937183,22519900
2023-05-05,302.8075866699219,304.094270204725,296.58864599886385,298.00205242307055,28197100
2023-05-08,300.8580322265625,302.36891985995953,298.3626625741606,302.30067989163814,21318600
2023-05-09,299.24969482421875,302.2129574604757,298.5771116971217,300.22444953048654,21340800
2023-05-10,304.4256286621094,305.09821176430125,299.9027824610233,300.8287815493971,30078000
2023-05-11,302.2811584472656,303.2656701896078,298.5283767405059,302.2714311285641,31680200
2023-05-12,301.169921875,302.8075024197668,298.85975829449876,302.7100210129512,19774700
2023-05-15,301.6475830078125,302.0764774582507,299.82479646702666,301.2966855922646,16336500
2023-05-16,303.8699645996094,305.79023219423584,302.0081798964215,302.0081798964215,26730300
2023-05-17,306.7420654296875,307.1621190650021,303.5574089684494,305.0715994717328,24315000
2023-05-18,311.1575927734375,311.665592368816,306.4685537852504,307.2598287418547,27276000
2023-05-19,310.9817199707031,311.3822465947649,309.05725438357535,309.4186972410466,27546700
2023-05-22,313.756103515625,315.1335157612651,310.65939292099665,311.2357518358931,24115700
2023-05-23,307.97296142578125,315.26051959828607,307.9631830299581,312.63269496953484,30797200
2023-05-24,306.5955505371094,309.1842914063532,305.38419212471825,307.45521463229585,23384900
2023-05-25,318.3865966796875,319.34392557451787,312.60342028701615,315.76852037752286,43301700
2023-05-26,325.1954345703125,325.69362591247574,316.3936865085404,316.53043497879963,36630600
2023-05-30,323.5542297363281,327.9795197443462,322.8801763737934,327.4813284245179,29503100
2023-05-31,320.79949951171875,328.1749743960477,319.76397327421006,324.60934766264484,45950600
2023-06-01,324.8926086425781,325.82066191290807,317.2143019258067,318.3963251868189,26773900
2023-06-02,327.6474304199219,329.6988961808169,324.86330044529166,326.5240179212979,25873800
2023-06-05,328.1749267578125,330.73436207197636,326.92451447409195,327.4715679849584,21307100
2023-06-06,325.96722412109375,327.61816339427435,324.4921469370549,327.57907961755546,20396200
2023-06-07,315.9053039550781,326.7584898244199,315.04563976499446,323.98413800054084,40717100
2023-06-08,317.7418212890625,319.0899281933469,315.8759662068324,316.45232513607897,23277700
2023-06-09,319.23638916015625,322.362404562121,316.91139713131287,317.4779775476355,22529000
2023-06-12,324.179443359375,324.4236647224886,317.6440772974819,320.98500885005564,24260300
2023-06-13,326.5630798339844,329.1909043563213,322.75323214002157,326.738912078587,22951300
2023-06-14,329.54254150390625,331.20325873096044,325.11725150881233,326.6118850882896,26003800
2023-06-15,340.05389404296875,341.7536655006573,329.40584662971514,329.679373413851,38899100
2023-06-16,334.41717529296875,343.3459224105444,334.04598387273194,343.19939555884866,46552000
2023-06-20,330.2362060546875,334.1730543177765,328.0968239407517,331.4670916030304,26375400
2023-06-21,325.8499755859375,329.92360187076076,324.39442550484875,328.59502188215436,25117800
2023-06-22,331.85784912109375,332.2583758552548,325.63509167599443,326.39706136698237,23556800
2023-06-23,327.27618408203125,330.1482299651682,325.74249643584824,326.6314360457984,23146900
2023-06-26,321.0045471191406,328.34093617153155,320.89707422323846,326.00619557719705,21520600
2023-06-27,326.83660888671875,328.3800749537934,321.6884029069419,324.1892275549751,24354100
2023-06-28,328.0870361328125,330.1678072397065,326.0941811528345,326.92453987884056,20259500
2023-06-29,327.30548095703125,328.3409772213773,324.93165630266327,326.97334345829574,16997000
2023-06-30,332.6686096191406,334.80799133337183,329.40581549810116,329.94309061938924,26832800
2023-07-03,330.177490234375,333.0202303553527,328.79032964679084,331.3497646514175,12508700
2023-07-05,330.3338623046875,333.7529619318794,326.99293022093957,327.3445947298887,18172400
2023-07-06,333.3817138671875,335.0619581701481,327.7450950952517,329.5034771232006,28161200
2023-07-07,329.4253234863281,333.8896972947202,329.21040748776585,331.47678896129895,21214800
2023-07-10,324.159912109375,327.4813467591402,320.017927004541,326.86590410565805,32791400
2023-07-11,324.78515625,325.1661261312258,319.441590831674,323.4077439781263,26698200
2023-07-12,329.4058532714844,333.75297652887264,327.91121941871575,328.8197159187511,29995300
2023-07-13,334.7396240234375,335.7946473564409,331.18374612162296,331.711272694216,20567200
2023-07-14,337.2599792480469,343.3069035731136,336.35148278353853,339.55566639937143,28352700
2023-07-17,337.7386779785156,338.9695335941496,334.29027291358,337.689815809939,20363900
2023-07-18,351.1805725097656,358.30207642907544,334.26093764915,337.8363124834503,64738600
2023-07-19,346.87255859375,354.08197977472815,344.293595867751,353.38839928042864,39732900
2023-07-20,338.85235595703125,349.6957937644524,337.38702732933075,345.3975024189684,33778400
2023-07-21,335.82391357421875,342.20297462021114,331.9749823654145,341.07956227112305,69405400
2023-07-24,337.1329345703125,338.9011247209187,334.3976671440658,337.85585009967554,26678100
2023-07-25,342.8673400878906,343.75630961701245,337.09394225294653,339.0867675369492,41637700
2023-07-26,329.9626770019531,336.70321228068315,325.4103859956427,333.5478606909615,58383700
2023-07-27,323.0755615234375,333.44030197626535,321.44414968283064,332.6099731824386,39635300
2023-07-28,330.5487976074219,332.15090440744063,325.4690100380954,325.95745287046435,28484900
2023-07-31,328.1554260253906,329.8942812123279,325.6545714457516,329.13231163180893,25446000
2023-08-01,328.5657043457031,330.7148646247149,325.98674182307207,327.44229185029457,18311900
2023-08-02,319.92999267578125,325.9183054002414,318.81632892578153,325.9183054002414,27761300
2023-08-03,319.1094055175781,322.25497786737617,318.41582519365545,318.46465754141326,18253700
2023-08-04,320.20355224609375,327.393445572908,319.67602568873457,324.20878906184083,23741500
2023-08-07,322.4797058105469,323.4565914550908,319.94957556864017,320.7799343289393,17741500
2023-08-08,318.51348876953125,321.15109140709956,315.53400007450387,319.40245810571645,22327600
2023-08-09,314.7818603515625,319.5490370786911,313.629112676302,318.92384579160165,22373300
2023-08-10,315.46563720703125,320.6724537793776,313.75608752866935,318.4842099187915,20113700
2023-08-11,313.5900573730469,314.9576912566164,311.8316453980151,312.8573931698293,24355500
2023-08-14,316.54998779296875,316.5695147707091,312.68149972344554,313.9612471638397,18836100
2023-08-15,314.4203186035156,317.5756691585243,313.48251697268347,315.5339822625221,16966300
2023-08-16,313.65679931640625,317.59221281010525,313.06942104679297,314.04837487104845,20698900
2023-08-17,310.2108459472656,315.0958152353926,309.55493383854684,313.7938199901148,21257200
2023-08-18,309.8193664550781,311.679373042675,304.9931006267398,307.8712277189821,24755000
2023-08-21,315.10565185546875,315.9769051965937,310.3675190796091,311.23877242073405,24040000
2023-08-22,315.6734313964844,319.21723934340076,314.6944776045053,318.6494592891844,16084600
2023-08-23,320.1178894042969,322.2715996929162,316.6523846218089,317.00482352144604,21166400
2023-08-24,313.23583984375,325.97203798658785,313.2260407459276,325.84476921608996,23281400
2023-08-25,316.1824951171875,318.5123799630537,312.09044570865603,314.70426538436715,21684100
2023-08-28,316.88739013671875,319.2858092722639,314.949050654982,318.8061314202153,14808500
2023-08-29,321.4982604980469,322.056271402599,315.1056925945481,315.1056925945481,19284600
2023-08-30,321.8702392578125,322.86876141280084,319.57949087262745,321.75276957784916,15222100
2023-08-31,320.8619689941406,323.9456680844239,319.90258332981267,322.2716651283224,26411000
2023-09-01,321.74298095703125,325.00288418337306,319.9025429102048,324.33720272503615,14942000
2023-09-05,326.52996826171875,327.8026258939115,321.74290059124746,322.0757412372781,18553900
2023-09-06,325.87420654296875,327.420940690509,323.23101883954274,326.36368353432135,17535800
2023-09-07,322.9666442871094,326.06991103130065,322.10516018294953,324.31760527996926,18381000
2023-09-08,327.23486328125,329.08510023164433,322.52609807587226,323.1428437260037,19530100
2023-09-11,330.82769775390625,331.2976064014658,328.37051379787096,330.14241804396147,16583300
2023-09-12,324.78753662109375,329.7019045004539,324.5036614898463,328.75231798743556,17565500
2023-09-13,328.9872131347656,329.76059500536803,324.2001445661415,324.3371825636095,16544400
2023-09-14,331.5717468261719,333.686261272047,329.48656993131334,332.01225822101816,20267000
2023-09-15,323.2701416015625,330.29902307578516,322.71213073688756,329.829144347891,37679800
2023-09-18,322.1345520019531,323.4463465779978,319.4913646526402,320.90106058890035,16834200
2023-09-19,321.7331848144531,322.45763099664185,317.6803313099975,319.3053983263758,16505900
2023-09-20,314.01898193359375,322.65336113195434,313.7644742751729,322.5750579775089,21436500
2023-09-21,312.8050842285156,318.5026021085826,308.3704250255411,312.5407774764578,35560400
2023-09-22,310.3382263183594,314.6847845974936,309.49631031819246,314.5575157936644,21447900
2023-09-25,310.8570861816406,310.9843549917842,308.37053445932696,309.9270678577514,17836000
2023-09-26,305.5707092285156,309.23198754848005,303.4953016985724,308.4977720645104,26297600
2023-09-27,306.2070007324219,307.6852008158054,303.1722376476752,305.7272930031046,19410100
2023-09-28,307.0391540527344,308.84042586965904,302.9373343071566,304.4449019920562,19683600
2023-09-29,309.1046142578125,312.7463230222275,308.35083070419796,311.06252155319055,24147300
2023-10-02,315.02728271484375,315.1154148364271,308.5466141242197,309.62346914878606,20570000
2023-10-03,306.7943420410156,314.6259723470464,304.66020007739525,314.0777307403494,21033500
2023-10-04,312.2471008300781,313.3043876816742,307.3914982671209,307.420865686593,20720100
2023-10-05,312.6387023925781,313.2456789043345,308.2725763744339,312.3743955953389,16965600
2023-10-06,320.3724365234375,322.2618102249638,309.6430811517103,309.8878196065806,25673600
2023-10-09,322.8785400390625,323.34841872912307,316.37827265710837,317.9152372482106,19891200
2023-10-10,321.47869873046875,324.1316555430621,320.7738506985827,323.99458765130214,20557100
2023-10-11,325.423828125,325.81540366125716,322.21286092721374,324.23927254305164,20063200
2023-10-12,324.19036865234375,326.6083859172805,321.8017188086289,323.6127894514465,19313100
2023-10-13,320.83251953125,326.80411343693316,319.4913278140148,325.3846484410319,21072400
2023-10-16,325.6392517089844,329.0655904860134,323.6421773138597,324.08268866001004,22158000
2023-10-17,325.0714416503906,326.4419711859503,320.51931182231954,322.6534242330698,18338500
2023-10-18,323.1624450683594,328.5271229876209,321.3905409680336,325.4923600401383,23153600
2023-10-19,324.3469543457031,329.7899346500429,323.94557973464435,325.15947278983907,25052100
2023-10-20,319.794921875,324.9344304641934,318.6005967792609,324.73862771067326,25027700
2023-10-23,322.38909912109375,325.7273354388913,317.56286365993043,318.620120705819,24374700
2023-10-24,323.5735778808594,324.8560048878325,320.7052505981055,324.3273615041399,31153600
2023-10-25,333.500244140625,338.91385810810175,330.5144167677778,337.7586697804962,55053800
2023-10-26,320.9892272949219,334.44004510375515,320.0592090856676,333.3729888756814,37828500
2023-10-27,322.8687744140625,329.63334926048014,321.4884458683103,323.4757210351802,29856500
2023-10-30,330.21087646484375,332.3058517630052,324.8461993312582,326.3929629369711,22828100
2023-10-31,330.9941101074219,331.86539347468425,327.6461042839537,331.7185563552872,20265300
2023-11-01,338.7865295410156,340.10812307119625,332.50163335597534,332.63870122035286,28158800
2023-11-02,340.9892272949219,341.48847346531505,337.5139230484177,339.93194035995595,24348100
2023-11-03,345.3748779296875,346.9314407134558,340.01999961550734,342.27161121053757,23637700
2023-11-06,349.0264587402344,350.0152118128962,345.9133922766887,346.0112936490332,23828300
2023-11-07,352.9422302246094,354.83160398439014,350.1032700356418,351.83600759444016,25833900
2023-11-08,355.5560607910156,356.2119431597548,352.9618091115113,354.0680317747925,26767800
2023-11-09,353.098876953125,357.1125938314782,352.77580544293505,354.67497835793193,24847300
2023-11-10,361.8898620605469,362.3108050217642,353.47085345970584,353.8819973228906,28042100
2023-11-13,358.9627990722656,360.71513487046275,358.1992162461448,360.4703964021509,19986500
2023-11-14,362.4772033691406,364.1218684157094,359.6186750774512,363.2016494775537,27683900
2023-11-15,362.6243896484375,366.0184363495822,360.1131537221127,364.20368992773217,26860100
2023-11-16,369.0005187988281,369.17708096054344,363.1246629725075,363.88979560921166,27182300
2023-11-17,362.8009033203125,367.2347442560865,360.0052164965722,366.4892197868404,40157000
2023-11-20,370.24627685546875,371.6490149349355,363.9290160684621,364.1448242296059,52465100
2023-11-21,365.9595642089844,369.0495215118682,364.04671781694736,368.51001608638865,28423100
2023-11-22,370.6484680175781,372.5514954656195,367.8233538705503,370.7956031427492,23345300
2023-11-24,370.2364501953125,370.7661665682208,367.9901174917075,370.1383501357465,10176600
2023-11-27,371.3939514160156,373.3852898149662,369.02991062580026,369.59884307126106,22179200
2023-11-28,375.40606689453125,375.7003371685908,370.95258715281994,371.1389683050371,20453100
2023-11-29,371.62939453125,376.9755034472532,370.24626453575155,376.4458170169272,28963400
2023-11-30,371.68829345703125,372.8457964517108,368.3138546072338,371.27628513665223,30554400
2023-12-01,367.3721923828125,370.95262074245636,364.2331694742271,369.5793094459282,33040500
2023-12-04,362.1044616699219,362.47719398696046,355.98337139108264,362.06521566015255,32063300
2023-12-05,365.4200439453125,365.9693683802573,358.65155863650625,359.46575623768496,23065000
2023-12-06,361.77093505859375,367.04840106048385,361.0156214613024,366.4206145498899,21182100
2023-12-07,363.8800048828125,364.37047528705625,359.33824414976533,361.211844686289,23118900
2023-12-08,367.09747314453125,367.3230703614092,361.2118285564288,362.1633422956095,20154400
2023-12-11,364.2232666015625,364.51756677042914,359.1223929698161,361.45703660419446,27708800
2023-12-12,367.24462890625,367.28387492110465,363.3993277208236,363.78190900979564,24838300
2023-12-13,367.2347717285156,370.44246703468053,363.7033791572921,368.8533179256787,30955500
2023-12-14,358.9556579589844,366.63644114858533,357.18997650221536,366.19500581642444,43277500
2023-12-15,363.6641845703125,365.30233890168853,359.29898614385536,359.858129570657,78502300
2023-12-18,365.5475769042969,365.89091216563435,361.65324079721444,362.4085843593443,21802900
2023-12-19,366.1459655761719,366.1459655761719,362.79113493260104,364.40968123442,20603700
2023-12-20,363.5562744140625,368.8631677330293,363.46799333439736,367.852799906723,26316700
2023-12-21,366.420654296875,367.27406804850153,362.9873613143247,365.45932148482285,17708000
2023-12-22,367.4408264160156,368.0293969388241,365.60647173641576,366.557985599773,17107500
2023-12-26,367.519287109375,369.7558309565617,366.38139217856946,367.852803392138,12673100
2023-12-27,366.9405822753906,367.9117042203095,365.7045871193545,366.567819930812,14905400
2023-12-28,368.12744140625,369.2849443001597,367.0287925621367,368.2157224809446,14327000
2023-12-29,368.87298583984375,369.9716347431921,366.361779793351,368.8337398258849,18730800
2024-01-02,363.801513671875,368.7356447522221,359.7796503608471,366.73451711634624,25258600
2024-01-03,363.53662109375,366.14592688839195,361.4864586699457,361.97692900872954,23083500
2024-01-04,360.9273681640625,365.98902639400353,360.17205450864094,363.6053473830013,20901500
2024-01-05,360.7409973144531,364.9688499798779,359.51482125288123,361.93774634798484,21004600
2024-01-08,367.5487060546875,368.04899543580075,361.9769695664422,362.26142084093584,23134000
2024-01-09,368.6277770996094,368.82394731160934,364.11544312045595,364.91982181669266,20830000
2024-01-10,375.4747009277344,376.84804200266086,369.1476507008414,369.1966857666869,25514200
2024-01-11,377.29925537109375,383.2339350900792,373.1302570741052,378.64313944413783,27850800
2024-01-12,381.0660400390625,381.27202920676456,377.31883933016337,378.1428259369064,21661200
2024-01-16,382.83172607421875,386.5200727807335,380.2322391394401,386.1571295021332,27202300
2024-01-17,382.0469970703125,382.67478358686355,377.47580955942465,380.58540492477397,22234100
2024-01-18,386.3631591796875,386.4808672893111,382.68463107425833,384.2541423864291,23392100
2024-01-19,391.0716552734375,391.0716552734375,386.0001785110236,388.21711414753673,29331100
2024-01-22,388.9528503417969,392.9845027036078,386.0884900033909,392.39593223013395,27016900
2024-01-23,391.2972717285156,391.7681340805433,386.4219948473302,388.2073142541726,20525900
2024-01-24,394.8874816894531,397.8989767917514,392.8177112032317,393.8869329627974,24867000
2024-01-25,397.15350341796875,399.25273113363767,394.858105500646,396.613997943498,21021200
2024-01-26,396.2314147949219,398.4287425690661,394.7600035777077,396.6630311468464,17803300
2024-01-29,401.91107177734375,402.16612596865383,396.6237864171102,398.3208248033987,24510200
2024-01-30,400.8025817871094,405.1775691973873,398.7033841260815,404.40264755037606,33477600
2024-01-31,390.0024108886719,407.4043201802484,389.639467600293,399.20363992935813,47871100
2024-02-01,396.0843200683594,400.22389191253944,394.14204628655096,394.17147331645987,30657700
2024-02-02,403.38250732421875,404.78524558913676,395.86849663854684,396.11373185699847,28256700
2024-02-05,397.9186706542969,403.32366460035666,396.29030516570674,402.08766948512715,25352300
2024-02-06,397.7616271972656,400.1943708633147,395.2308134118543,398.1442084321405,18382600
2024-02-07,406.1585388183594,406.4037740259386,399.6352882839393,399.67453429921477,22340500
2024-02-08,406.21734619140625,407.63972220628386,404.6674730294275,406.15849214322577,21225300
2024-02-09,412.53460693359375,412.799480086422,407.17867899598485,407.3356331031592,22032800
2024-02-12,407.345458984375,412.72099505038886,406.84516963028506,412.54443290280494,21202900
2024-02-13,398.57586669921875,402.2543946406928,395.70171738557195,397.2221636270064,27824900
2024-02-14,402.4282531738281,402.77222335184723,397.59311635632974,401.03275815392834,20401200
2024-02-15,399.54876708984375,402.07445398469247,397.31792461353893,401.10153638347543,21825500
2024-02-16,397.0919494628906,401.24901355970684,396.48264621280646,400.9246876418879,22296500
2024-02-20,395.8437805175781,397.5144455402651,391.1462141740097,396.28600214507156,24307900
2024-02-21,395.2442932128906,395.3524118295115,390.3698381114288,393.2689765841808,18518900
2024-02-22,404.5510559082031,405.7106995132782,401.5241839575953,403.11624212580006,27009900
2024-02-23,403.2636413574219,408.68843759900807,401.91727194539897,408.5017417603321,16295900
2024-02-26,400.5118713378906,405.05219339501383,400.33495269298504,404.36425308702184,16193500
2024-02-27,400.4529724121094,401.27848291877046,396.88556737137105,400.95415701072204,14835800
2024-02-28,400.68878173828125,402.24152110085487,398.33017625490425,401.1408405413653,13183100
2024-02-29,406.5066833496094,407.05702360240457,398.91981558888216,401.5929096701564,31947300
2024-03-01,408.33465576171875,408.6982702714908,403.7943329800158,404.1775917906704,17823400
2024-03-04,407.7646484375,410.1527354833861,405.2094798738606,406.31016048803207,17596000
2024-03-05,395.7062072753906,407.1061687535314,393.7308905561475,406.8211614689715,26919200
2024-03-06,395.1559143066406,398.1729790488092,391.5197391699057,396.0207434176088,22344100
2024-03-07,402.08428955078125,402.71323699020854,395.30325783772497,399.11635103541613,18718500
2024-03-08,399.21466064453125,403.3422428484954,397.35723965535834,400.92464441897226,18002200
2024-03-11,397.54400634765625,398.6840056449402,394.3402457274735,396.79713300835283,16120800
2024-03-12,408.118408203125,408.4034154899357,399.7748296289143,400.5905029088669,22457000
2024-03-13,407.9415283203125,410.96839994406946,404.3544792559954,410.88979275530687,17115900
2024-03-14,417.8869934082031,420.4421618629372,410.7816654727546,412.99286375239626,34157300
2024-03-15,409.23876953125,415.31218703472393,405.67136478668334,412.05927102600424,45079900
2024-03-18,410.1232604980469,413.4744581297676,406.6442999374372,407.10619591579865,20106000
2024-03-19,414.1427001953125,414.39822603826195,408.38374152289526,410.62442124737834,19837900
2024-03-20,417.89678955078125,418.6141812833587,413.40559339888034,414.72248109059194,17860100
2024-03-21,421.9654541015625,423.39046066082557,419.7935742345306,422.41751294459345,21296200
2024-03-22,421.3462829589844,422.446963535343,418.7223444405752,422.2897491598315,17648500
2024-03-25,415.5676574707031,420.03920955948905,414.33921403828305,417.9066185646381,18060500
2024-03-26,414.3785095214844,418.6436612820826,414.0836951106592,418.270209700842,16725600
2024-03-27,414.162353515625,417.13029224439015,411.7841036640323,417.12045509904823,16705000
2024-03-28,413.464599609375,414.59476162825587,411.89218593509474,413.70045116356334,21871200
2024-04-01,417.2481994628906,420.5109524938084,414.9387197575333,416.6388963047316,16316000
2024-04-02,414.17218017578125,415.0959720756304,410.6342569413904,412.8650995128624,17912000
2024-04-03,413.19927978515625,415.960818454912,411.86271762245,412.49169510873463,16502300
2024-04-04,410.673583984375,421.27751676074166,410.3689323931849,417.66095627375125,19370900
2024-04-05,418.18182373046875,419.15477140454254,411.1060069616712,412.76686502075876,16554800
2024-04-08,417.26788330078125,419.91149627913853,416.00012113110665,417.8378979159273,14272400
2024-04-09,418.9287414550781,420.3635551563133,414.3491001983128,419.08598583198443,12496900
2024-04-10,415.9607849121094,416.7174952724338,412.4621804028437,414.90923013212864,16216600
2024-04-11,420.55023193359375,421.96540116941117,415.07628079166767,418.4766338120234,17966400
2024-04-12,414.62420654296875,417.8476407951663,412.53093421008157,416.7371231732088,19253800
2024-04-15,406.5066833496094,419.45938357073686,406.3002832613404,419.24317632918917,20273500
2024-04-16,407.43048095703125,411.1846115754289,406.59516335126955,407.42067380289205,16765600
2024-04-17,404.73773193359375,411.65633410094387,403.25376259314334,410.0544389834795,15855500
2024-04-18,397.2982177734375,404.78683351626455,396.98375907390033,403.54855304068116,21029900
2024-04-19,392.2370910644531,398.48742718931453,390.91036608589934,397.0624207324797,30565800
2024-04-22,394.04534912109375,395.9027700554988,388.9252051027742,393.18052011404563,20286900
2024-04-23,400.5413818359375,401.16052215978465,396.10914808184776,397.26879155025864,15734500
2024-04-24,402.00567626953125,405.3568737379943,399.76499652417516,402.4970536697523,15065300
2024-04-25,392.1584167480469,392.9937641834992,381.33827865259076,387.2348064445488,40586500
2024-04-26,399.31298828125,405.8777839816366,398.7626479226128,405.06211059014583,29694700
2024-04-29,395.3131103515625,399.31292950505053,392.30588312333157,398.2613746922827,19582100
2024-04-30,382.61590576171875,395.2246663994194,382.4586913890698,394.5662074998568,28781400
2024-05-01,388.1291809082031,394.7922572147303,383.57902141142335,385.8393454420747,23562500
2024-05-02,390.97918701171875,393.0331410549717,387.84419663220166,390.8022983361386,17709400
2024-05-03,399.6470642089844,400.12860445610875,394.92982324925293,395.3425934548566,17446700
2024-05-06,406.4084167480469,406.7916755135943,399.36205183771864,401.7108501382599,16996600
2024-05-07,402.28082275390625,407.5189223273103,402.0351340682459,407.5090851826696,20018200
2024-05-08,403.4601745605469,405.1210326153664,399.6962067828019,401.13105042212936,11792300
2024-05-09,405.20947265625,405.60256858412407,402.04500095122404,403.48965172941627,14689700
2024-05-10,407.5877380371094,408.2167155386998,404.6984363706866,405.81879129865774,13402300
2024-05-13,406.5852966308594,411.13545592488975,403.7353138522874,410.8013229086305,15440200
2024-05-14,409.3763122558594,410.29026696650755,404.4527014093116,404.9145973369448,15109300
2024-05-15,416.5338439941406,417.2525598208021,410.81374213755174,411.433999213995,22239500
2024-05-16,414.4761962890625,418.8376756715858,413.84611435268135,415.2736611097877,17530100
2024-05-17,413.7082214355469,416.3763121358098,411.5619590644,416.0021869426872,15352200
2024-05-20,418.75885009765625,420.16671696584166,413.4916228836326,413.7082200976142,16272100
2024-05-21,422.4016418457031,426.27082729608003,418.2764696581723,420.22581467067795,21453300
2024-05-22,423.8587341308594,425.71950537683756,420.5212017999642,423.43539455106486,18073700
2024-05-23,420.3931579589844,426.8910441613392,418.83761804177703,426.27078715380964,17211700
2024-05-24,423.5043029785156,424.39037161476875,417.84327052223153,420.58025544710625,11855300
2024-05-28,423.6618347167969,424.1540984130066,419.99939161518114,422.98250841239616,15718000
2024-05-29,422.5296325683594,424.27223522977,419.1034664398289,419.1034664398289,15517100
2024-05-30,408.2539978027344,417.7349716036768,407.8306281783295,417.7349716036768,28394500
2024-05-31,408.7068786621094,410.3018082986228,398.25120211572766,410.3018082986228,47995300
2024-06-03,407.1217346191406,409.98671278257075,402.59293289369214,409.10064418608687,17484700
2024-06-04,409.63226318359375,409.99653346155753,403.3411195872324,406.0485695449918,14348900
2024-06-05,417.4494934082031,417.5183874951578,409.8587651411263,411.3454112041521,16988000
2024-06-06,417.9515380859375,418.7293231019465,414.0724979392672,417.44944957036887,14861300
2024-06-07,417.29193115234375,419.6843254469309,416.45507688003147,419.60557647742206,13621700
2024-06-10,421.249755859375,421.45649821147657,417.3313558315188,418.1288206635897,13982900
2024-06-11,425.98529052734375,426.1231387794062,418.67025946007556,418.89671156901073,14551100
2024-06-12,434.2356262207031,436.5394165910894,426.54647009815636,428.58444890305617,22366200
2024-06-13,434.7475891113281,436.5296113185569,432.57179200487434,434.02890334988575,15960600
2024-06-14,435.7223205566406,436.2835084137765,429.9628289677156,431.4986893853765,13582000
2024-06-17,441.43255615234375,443.96279884211964,433.90092737019853,435.7419888452348,20790000
2024-06-18,439.4339599609375,443.1751821409538,438.00641324566425,442.75181252074634,17112500
2024-06-20,438.80389404296875,439.62103860195157,434.442414629224,439.3945864733692,19877400
2024-06-21,442.8207092285156,443.6083190884872,439.6013156180092,440.4578496032106,34187100
2024-06-24,440.743408203125,445.74479433203504,439.5028940256874,442.8404263927747,15913700
2024-06-25,443.9726257324219,444.4353547941903,439.83759879553867,441.3143898379412,16413400
2024-06-26,445.1639404296875,446.58166237734525,441.2553652071883,442.05283004707155,16507000
2024-06-27,445.8432312011719,449.1118693221635,444.7799248025884,445.18358463488477,14806300
2024-06-28,440.03448486328125,448.3340427180204,439.50283171327214,446.0597870787558,28362300
2024-07-01,449.6632385253906,450.2933204774516,438.76451231040363,441.71809469633655,17662800
2024-07-02,452.17376708984375,452.47896819642483,446.09921948918884,446.1878533998419,13979800
2024-07-03,453.640625,453.88675682054844,450.79535677806246,451.1005578319114,9932800
2024-07-05,460.3255920410156,461.1033770377166,451.8685059547019,452.498587816865,16000300
2024-07-08,459.02606201171875,460.4634937005408,457.27360437796756,459.33126311315795,12962300
2024-07-09,452.42974853515625,460.09919566591896,450.9135678636905,459.77431483044427,17207200
2024-07-10,459.0359191894531,459.24266153927346,451.76024698147666,454.0837473649462,18196100
2024-07-11,447.66461181640625,457.5886345893225,444.5633265323156,455.81649732303464,23111200
2024-07-12,446.5323486328125,449.2988679653278,443.6772254480025,447.30027873142194,16324300
2024-07-15,446.9360656738281,450.185024234339,444.44521246679955,446.28627396172595,14429400
2024-07-16,442.56475830078125,447.27079820143007,439.7490242805094,447.19204922721934,17175700
2024-07-17,436.6575927734375,437.9670310742686,432.38474735385836,435.74198947896895,21778000
2024-07-18,433.55633544921875,437.7701116080265,427.6787055457858,437.46491051123894,20794800
2024-07-19,430.3467102050781,434.3143840356024,425.3157901645021,426.398776194832,20940400
2024-07-22,436.0865478515625,437.72086686190295,432.1189038234256,434.95434740544323,15808800
2024-07-23,437.967041015625,441.4522765923751,436.24411798255437,437.0317279223722,13107100
2024-07-24,422.2637939453125,434.64916540683873,420.9740654607642,433.6351033912307,26805800
2024-07-25,411.92626953125,423.14987619224735,411.05005574464656,422.1653487650477,29943800
2024-07-26,418.68994140625,422.28349032231534,410.8137224917234,411.7293557750341,23583800
2024-07-29,420.12744140625,425.46356376438075,418.1288517330453,424.90237586444067,15125800
2024-07-30,416.3763427734375,422.4114705197089,410.90234276735913,421.1020622928212,32687600
2024-07-31,411.8770751953125,415.25399722383173,405.83206207673004,413.99380325758636,42891400
2024-08-01,410.65618896484375,420.84605305704525,406.69839983005807,414.2792724511176,30296400
2024-08-02,402.1695861816406,408.5788691410044,398.08380349930894,406.10769576372263,29437900
2024-08-05,389.0360412597656,394.83492274068107,379.61410573718445,383.1485859534076,40709200
2024-08-06,393.427001953125,399.3932659734361,392.33419089963513,393.8109820824443,24946500
2024-08-07,392.2652587890625,403.7349973998657,391.32012086399686,402.3173055349637,20650900
2024-08-08,396.4593505859375,399.58028569311574,393.7519001712231,396.2132187300544,20203000
2024-08-09,399.73785400390625,401.7364436734394,396.0360509489269,397.7786538479972,19276700
2024-08-12,400.5155944824219,402.43543495594565,397.98535182009545,400.76172633567404,16762900
2024-08-13,407.60418701171875,408.5296451452922,403.23288307516907,403.2525628062739,19414300
2024-08-14,410.4100646972656,411.25677385836923,406.0683254390975,408.3819407203729,18267000
2024-08-15,415.2627258300781,415.34161674551206,411.9388929382302,414.0495635460023,20752100
2024-08-16,412.73779296875,415.56847485047064,411.58380640221424,414.8386210132459,22775600
2024-08-19,415.755859375,415.9728470077707,410.75530126947416,413.22105614207504,15234000
2024-08-20,418.98101806640625,420.0264956299884,415.864330676567,415.9235063802004,16387600
2024-08-21,418.3301086425781,420.55913050260955,415.943244764668,418.27090283610073,16067300
2024-08-22,409.8577880859375,420.9438431425212,408.9306617888671,418.54710638332296,19361900
2024-08-23,411.080810546875,413.51697764071497,406.4451792024677,411.26821033098173,18493800
2024-08-26,407.8259582519531,411.5640508373135,405.7054152115458,410.6665125068156,13152800
2024-08-27,408.17120361328125,408.68406980179446,404.6303831532702,407.2046168469379,13492900
2024-08-28,404.9755859375,409.3153084895278,401.7306441001557,409.1969570716752,14882700
2024-08-29,407.4610595703125,416.26872882049446,404.975589475056,409.2561363555491,17045200
2024-08-30,411.42596435546875,411.7711459201445,406.48458250077,409.9070510926303,24308300
2024-09-03,403.8314514160156,414.1284456363182,401.45446023053216,412.18542969380115,20313600
2024-09-04,403.2988586425781,405.6068015782242,398.830912042889,400.3498254636215,15135800
2024-09-05,402.79583740234375,407.44131080829675,400.56678553175374,402.0363656944642,14195500
2024-09-06,396.197509765625,405.0248942566708,395.30981392110493,403.4566777506577,19609500
2024-09-09,400.1624450683594,403.0523026786457,396.64133973593033,401.6616132591262,15295100
2024-09-10,408.5262756347656,410.627073483588,402.11531302402886,402.6084639940855,19594300
2024-09-11,417.2451477050781,418.1821164133012,403.9695029843538,409.80842324527,19266900
2024-09-12,421.15093994140625,421.51586685329676,414.00025068010603,417.51148327493246,17395700
2024-09-13,424.69171142578125,425.914716092092,419.63197810212404,419.9969049719398,15874600
2024-09-16,425.4314880371094,427.5914917589124,422.3542307072933,424.7016342113202,13834700
2024-09-17,429.1893005371094,435.79753584231287,426.34874601904636,434.1997314507894,18874200
2024-09-18,424.9087219238281,430.05721907964937,424.5142071811442,429.04132931995406,18898000
2024-09-19,432.6807861328125,435.452292084435,430.91529729082623,435.1860014052933,21706600
2024-09-20,429.3076477050781,433.22326773049826,428.2720426762547,431.2309485866615,55167100
2024-09-23,427.57177734375,430.48135010026584,424.4945200082598,428.33121902605126,15128900
2024-09-24,423.29119873046875,427.4139334394583,420.2632446802758,427.0687217553129,17015800
2024-09-25,426.19091796875,427.1870925626301,422.69943076362244,423.94215074360574,13396400
2024-09-26,425.40191650390625,429.33725188250344,423.2517853511596,429.13013688877425,14492000
2024-09-27,422.15692138671875,425.93447445668835,421.6144673905514,425.6089779793521,14896100
2024-09-30,424.40570068359375,424.52408219664926,419.54323948144145,422.3443332995087,16807300
2024-10-01,414.9273681640625,422.61066875300435,413.07311568923785,422.58108089859957,19092900
2024-10-02,411.4161682128906,417.02822913913116,411.00190811888234,416.7914961856054,16582300
2024-10-03,410.8341979980469,413.8029462214933,408.61501874387466,411.90926344701154,13686400
2024-10-04,410.3607482910156,414.00020455197927,409.28568287863294,412.51087911578094,19169700
2024-10-07,403.93011474609375,411.39639773757887,403.3975032576847,410.3016170053712,20919800
2024-10-08,409.029296875,409.9662958214234,402.57890342121186,405.2714886364785,19229300
2024-10-09,411.7415771484375,414.6215919010832,408.62485957486433,410.16348810998284,14974300
2024-10-10,410.1437683105469,411.63309377445904,407.49061385739407,409.5421386142519,13848400
2024-10-11,410.61724853515625,411.4161507329335,407.58929422530787,410.4397214022164,14144900
2024-10-14,413.39862060546875,418.2314942204609,411.8007861364326,412.0473616280092,16653100
2024-10-15,413.0040283203125,416.692817718463,409.5717171353566,416.3969091028174,18900200
2024-10-16,410.41998291015625,410.6566857580044,404.8572552888869,409.4830140710585,15508900
2024-10-17,411.01177978515625,416.7126042679644,409.8972536844407,416.57450753710987,14820000
2024-10-18,412.4320068359375,413.9015870376485,410.55803924257515,411.42598973201757,17145300
2024-10-21,413.04351806640625,413.22104518863654,408.08242059822123,410.4199513395574,14206100
2024-10-22,421.6539306640625,424.68185459098345,412.31365056093216,412.75746835174544,25482200
2024-10-23,418.7838134765625,425.17503084101816,416.74216121867397,424.9580432083023,19654400
2024-10-24,418.91204833984375,420.1449258075998,416.61394788419994,419.5038054447286,13581600
2024-10-25,422.2851867675781,426.5953216047658,420.72684288279277,420.914242666979,16899100
2024-10-28,420.7465515136719,426.02327304477956,420.46051551603273,425.74710969864265,14882400
2024-10-29,426.0331115722656,427.23640107681365,419.96733089551304,422.1372070838931,17644100
2024-10-30,426.60516357421875,432.4933871760131,426.1810609771617,431.4479095602445,29749100
2024-10-31,400.7838134765625,410.4594334413064,400.73448031809437,409.6703738017444,53971000
2024-11-01,404.74871826171875,409.80845197934053,401.9180365381017,403.40736208449033,24230400
2024-11-04,402.8648986816406,404.7980722358363,400.01450160866744,404.18653972407174,19672300
2024-11-05,405.8237609863281,409.2166418436789,402.4900558335031,402.7760918050739,17626000
2024-11-06,414.4243469238281,414.69066771455005,404.8966664565658,406.77066424480597,26681800
2024-11-07,419.6024169921875,421.0029789570154,414.12845339700306,415.5092700597973,19901800
2024-11-08,416.7520446777344,420.65779206836214,416.00244554535874,419.4939629624982,16891400
2024-11-11,412.2840576171875,418.9908983471605,410.3015812107333,416.7322586188732,24503300
2024-11-12,417.2353210449219,418.626010434167,411.48519380527927,412.52079883366196,19401200
2024-11-13,419.3755798339844,423.4489813965326,412.4813090867046,415.8643474786666,21502200
2024-11-14,421.0423889160156,422.30485401323415,414.24675508130633,419.1782640703695,30246900
2024-11-15,409.3153076171875,417.0084507566798,407.9739514183208,414.06929022111444,28247600
2024-11-18,410.06488037109375,412.66870168958155,406.45501186857297,409.1870572477352,24727000
2024-11-19,412.0671081542969,412.2150474297726,405.9125633985823,407.45119206262405,18133500
2024-11-20,409.79852294921875,411.57388423897584,404.95577752646466,411.15962424150325,19191700
2024-11-21,408.029541015625,414.85853235917494,405.47980199521203,414.5818162626976,20780200
2024-11-22,412.11114501953125,412.50644943843054,406.2407824115055,406.547145598137,24814600
2024-11-25,413.8801574707031,416.14328803070504,409.9863472135053,413.4749606494442,27691100
2024-11-26,422.9722595214844,424.009967476074,413.9394320534797,414.6707466837262,23458900
2024-11-27,418.03094482421875,422.22125646736464,417.07231569319254,420.12608556589345,18332400
2024-11-29,418.4953918457031,419.89875718802,412.9017454606376,415.1649061905191,16271900
2024-12-02,425.9272766113281,427.92358362660957,416.37063273208213,416.62759418862754,20207200
2024-12-03,426.14471435546875,427.3998142862311,422.72525694948587,424.8006430250728,18302000
2024-12-04,432.2917785644531,434.5153999624501,427.55792723241916,427.95323167121506,26009400
2024-12-05,437.4308166503906,439.4469085884485,431.0564531129943,432.7859365018672,21697800
2024-12-06,438.3696594238281,440.8699968788184,436.5907442566123,437.1145294101148,18821000
2024-12-09,440.79095458984375,443.0738702753144,435.3356806411524,437.411066762434,19144400
2024-12-10,438.1324462890625,444.34871163189086,436.42274787532307,439.1800467406791,18469500
2024-12-11,443.72607421875,445.0701453909691,438.84398789693245,438.84398789693245,19200200
2024-12-12,444.2894287109375,450.81205740820604,443.8446923743848,443.8446923743848,20834800
2024-12-13,442.0262451171875,446.13747735633456,440.3560560775405,443.1825414368637,20177800
2024-12-16,446.2956237792969,446.8787030896928,440.0596036741231,442.02626356510217,23598800
2024-12-17,449.1319580078125,449.95224407864544,444.2993034538041,445.72242348242105,22733500
2024-12-18,432.26214599609375,447.3432204529913,431.89645846414146,446.02882636391814,24444500
2024-12-19,431.90631103515625,437.9842031344139,431.2046434354816,436.44249480171817,22963700
2024-12-20,431.48138427734375,438.5376604876813,423.6048219518138,428.03227991601136,64263700
2024-12-23,430.14715576171875,432.5190122773264,427.7555144226145,431.61967744219925,19152500
2024-12-24,434.17938232421875,434.4462362082623,429.09965819133004,429.5542568118305,7164500
2024-12-26,432.9736328125,435.7704710980457,431.51100346947777,433.9322618472237,8194200
2024-12-27,425.4825439453125,430.117561657289,421.351556737901,429.5048352492743,18117700
2024-12-30,419.8493347167969,422.53744699473475,416.95369289645987,421.0649252132939,13158700
2024-12-31,416.5583801269531,421.727075036825,415.72823181420273,421.1044562623139,13246500
2025-01-02,413.672607421875,421.0748161119684,409.98635677531166,420.54113855935236,16896500
2025-01-03,418.3866882324219,419.05870873446685,414.62135874681445,416.1432822085411,16662900
2025-01-06,422.8339538574219,429.2281017096726,420.4917442238413,422.98218924692804,20573600
2025-01-07,417.41815185546875,425.60107637135604,415.8665512132567,423.9704269151791,18139100
2025-01-08,419.58251953125,421.9642686702226,416.5979364179098,418.4954097350683,15054600
2025-01-10,414.038330078125,419.73078053679086,410.1543816529302,419.65173171033285,20201100
2025-01-13,412.2989196777344,413.5935589908242,407.456372689251,410.3717691669062,17604800
2025-01-14,410.7967529296875,414.8190138642203,405.90477401390683,412.9116481684101,16935900
2025-01-15,421.31201171875,423.13043625280113,413.3662628653434,414.2161960548363,19637800
2025-01-16,419.6022644042969,424.45470380326,419.4145196873236,423.67398737859014,15300000
2025-01-17,424.0001220703125,429.386239236107,423.1502190446997,429.0007970548674,26197500
2025-01-21,423.476318359375,425.8481750206776,420.61032363697626,425.1563998310193,26085700
2025-01-22,440.9688415527344,442.0262741390286,430.888412499157,432.430120920086,27803800
2025-01-23,441.47283935546875,441.5123788470024,436.3239289556834,436.81806704057095,18389300
2025-01-24,438.8538818359375,441.41351331157875,436.22506379505893,439.9409915761193,15549500
2025-01-27,429.4653015136719,430.09781275609777,418.53496919379126,419.03899970511213,35647800
2025-01-28,441.9571228027344,443.1232814648123,426.3225862891417,429.50483681704293,23491700
2025-01-29,437.1441650390625,441.6408395030523,435.23679935643304,441.45306462654537,23581400
2025-01-30,410.1247253417969,417.90245411076046,408.3161931892364,413.86040812362955,54586300
2025-01-31,410.1938781738281,415.7578774765854,410.04564278987584,414.06793377994285,34161900
2025-02-03,406.1024475097656,410.53979775772405,403.8689337668832,406.774468051233,25679100
2025-02-04,407.5354309082031,409.0672770356713,404.9362598096777,407.8516865143663,20532100
2025-02-05,408.4446716308594,408.97831905399164,405.5885389886856,407.515689607161,16316700
2025-02-06,410.9449768066406,413.29707875974475,409.1463070589971,409.1463070589971,16309800
2025-02-07,404.9461364746094,413.74178783038474,403.3154869234488,411.5972455590395,22886800
2025-02-10,407.3871765136719,410.58918143726896,406.10242964328353,408.85969825647294,20817900
2025-02-11,406.6163330078125,407.6540108795472,404.50140761463905,404.8374480391833,18140600
2025-02-12,404.24444580078125,405.93438940933225,399.6291833556912,402.4358837314584,19121700
2025-02-13,405.72686767578125,406.18146622486773,401.59585076694265,402.22836193070845,23891700
2025-02-14,403.6416320800781,404.1160155029715,401.1215398904841,403.0091510093491,22758500
2025-02-18,404.8374328613281,405.78616946504144,401.7342314553049,403.2166455935164,21423100
2025-02-19,409.90728759765625,410.61884763156144,402.8707662400353,403.09808061190597,24114200
2025-02-20,412.075927734375,415.2249398620395,408.52090633687715,411.2441149206673,23508700
2025-02-21,404.2331237792969,413.97725680128366,403.91626425407014,413.27418223243296,27524800
2025-02-24,400.0641174316406,405.38179653354615,395.4297185716828,404.5301894031576,26443700
2025-02-25,394.0235290527344,398.0043843099881,392.835237956153,397.19236575081766,29387400
2025-02-26,395.83575439453125,399.66804717869115,390.40913086553707,394.13250979931917,19619000
2025-02-27,388.70587158203125,401.78716793671936,388.3493932994261,397.3607146060961,21127400
2025-02-28,393.1224060058594,393.7561854578909,382.80393739721217,388.83460333794534,32845700
2025-03-03,384.7052307128906,394.93461038215554,382.39794340981075,394.93461038215554,23007700
2025-03-04,384.82403564453125,388.75535997703025,377.2881889484286,379.6648014174362,29342900
2025-03-05,397.1131286621094,397.7568203379533,385.02209070764377,385.5469260754551,23433100
2025-03-06,393.0234375,398.23217304119834,388.8544303529959,390.438848896208,23304600
2025-03-07,389.478271484375,390.9537458547577,381.7839796807534,388.497925986767,22034100
2025-03-10,376.4563903808594,382.6355890788174,373.5450301742595,382.08104715568106,32840100
2025-03-11,376.74359130859375,382.23950999896846,373.2380702422645,375.30770541349494,30380200
2025-03-12,379.53607177734375,381.4670864515663,375.2581813231993,379.21921226907705,24253600
2025-03-13,375.0799255371094,381.5661320778761,373.7728082450696,379.4271716632625,20473000
2025-03-14,384.7745666503906,386.42831046600287,375.8127456880931,376.0801044136148,19952800
2025-03-17,384.9132080078125,388.88412112316473,381.813696346666,382.9326924641042,22474300
2025-03-18,379.7836608886719,383.59615946585757,377.38725393405446,383.29909421372145,19486900
2025-03-19,384.0417785644531,385.8836435250732,380.2589866011294,381.7740797920575,19185500
2025-03-20,383.0713195800781,387.97310772514027,379.5460042678497,381.98202996781214,18470500
2025-03-21,387.4482727050781,387.92357710345186,379.07067004050685,379.4865916093534,39675900
2025-03-24,389.25048828125,391.54789342681113,386.0123564410982,391.54789342681113,21004500
2025-03-25,391.31024169921875,392.49853282327706,388.8148031404558,390.082331804945,15775000
2025-03-26,386.1708068847656,391.4587795188397,384.784452111458,391.1518020411883,16108400
2025-03-27,386.77484130859375,388.4186727261189,383.62582905803845,386.3292434732889,13766800
2025-03-28,375.1096496582031,385.339029849346,373.2578723723651,384.2992410074857,21632000
2025-03-31,371.7328796386719,373.3965054432232,363.6622546184452,368.91063894364476,35184700
2025-04-01,378.46661376953125,379.120187514209,369.59391274714585,371.00006183577835,19689500
2025-04-02,378.4171142578125,381.32844426453147,372.95087209109226,374.2877261088344,16092600
2025-04-03,369.47503662109375,373.80248816308017,365.75168821202425,371.1386925275575,30198000
2025-04-04,356.3343505859375,370.94065262193254,355.97787229621173,360.5825648601157,49209900
2025-04-07,354.3736572265625,367.38565979064595,341.43101018463227,347.4616768226877,50425000
2025-04-08,351.1058044433594,370.00982228854286,346.8377957272636,364.6723484414274,35868900
2025-04-09,386.68572998046875,389.39905670107095,349.66000929830324,350.0957251156184,50199700
2025-04-10,377.63482666015625,380.15997201946135,364.21681503291546,378.3379012524662,38024400
2025-04-11,384.6656494140625,386.25003769690613,375.1987873888056,376.93173851590154,23839200
2025-04-14,384.0318603515625,390.8052198187617,380.46692636349223,389.38915847164185,19251200
2025-04-15,381.9721374511719,388.07212889209285,380.41742551182244,384.7250528209778,17199900
2025-04-16,367.9896545410156,377.8922316795949,364.41483869971677,376.9614172312142,21967800
2025-04-17,364.1969909667969,370.6732850580017,363.31567729138493,370.10883089247193,21120200
2025-04-21,355.6213684082031,360.9291658129438,352.20499720618693,359.2853342749941,20807300
2025-04-22,363.2463684082031,364.18709517298703,356.3541524572501,359.83987920585236,19485000
2025-04-23,370.74261474609375,376.68416126561135,369.38593623911186,372.3963282706759,20545500
2025-04-24,383.5268249511719,384.6656455709585,371.53481777720657,372.0398589139721,22232300
2025-04-25,388.03253173828125,388.33950924401097,380.8531625631297,383.2297752805051,18973200
2025-04-28,387.3492126464844,388.9138065441973,382.87325863987553,388.1414067328739,16579400
2025-04-29,390.2012023925781,391.2508732709842,386.5768551213708,387.4878753983452,14974000
2025-04-30,391.4093017578125,392.7956566127169,380.6947052715702,386.4976013857663,36461100
2025-05-01,421.2556457519531,432.7327295827746,420.76051687113977,426.9100091091665,58938100
2025-05-02,431.0393981933594,435.1588741169636,425.80092616148227,427.533877248033,30757400
2025-05-05,431.92071533203125,435.21826018394785,427.9002412578344,428.6528467821077,20136100
2025-05-06,429.0885925292969,433.46554517602334,426.9694566129341,427.9894209087166,15104200
2025-05-07,429.12823486328125,433.8517538131467,426.9100367836598,429.6134515274466,23295300
2025-05-08,433.9012756347656,439.34769356127396,431.4157188741818,433.66359321182534,23491300
2025-05-09,434.4557800292969,436.4461774951318,431.6335394854884,435.7133964534002,15324200
2025-05-12,444.8832092285156,444.9921230759706,435.4955548202822,441.5955462250109,22821900
2025-05-13,444.764404296875,446.2794975271711,441.021200788799,443.41763796979524,23618800
2025-05-14,448.5273742675781,449.47801330220653,443.77414887416586,443.77414887416586,19902800
2025-05-15,449.5392761230469,452.57502540604634,446.860659567107,447.1979616790238,21992300
2025-05-16,450.6701965332031,450.75947970899136,445.1741192074842,448.46778736985397,23849800
2025-05-19,455.23382568359375,455.9481214834615,447.2277665675242,447.3071495873714,21336500
2025-05-20,454.53936767578125,454.7080036018212,450.719869916101,451.9797952414424,15441800
2025-05-21,448.9837341308594,454.1524403651085,448.22974686474834,450.967885651573,19216900
2025-05-22,451.25555419921875,456.6028569421555,450.30316997101943,451.3448676580097,18025600
2025-05-23,446.6126403808594,450.0948358464348,445.3527151156796,446.4142434023006,16883500
2025-05-27,457.03936767578125,457.29731705224054,452.5055743512772,452.86273735527834,20974300
2025-05-28,453.7357482910156,458.8548627693229,453.3091629867606,457.56517641086623,17086300
2025-05-29,455.0452880859375,458.0612067791374,451.7019977235154,457.8925405838875,13974800
2025-05-30,456.71197509765625,458.0215223462663,451.9301930198663,456.07706236471586,34770500
2025-06-02,458.3092346191406,458.44810948050275,453.2695031394806,453.51752207653715,16626500
2025-06-03,459.30126953125,460.46201137480375,457.20797414521616,457.81315604121755,15743800
2025-06-04,460.1941223144531,461.9997072455568,459.35085196524574,460.32309699178137,14162700
2025-06-05,463.9739990234375,465.9283895442318,460.35292843866904,461.2755516588244,20131700
2025-06-06,466.6525573730469,469.5890928719542,465.06523024972654,466.3648469522318,15285600
2025-06-09,469.0038146972656,469.67841894667356,464.90653697170796,465.9779957450024,16469900
2025-06-10,467.1883239746094,469.0534009468453,463.25968221899245,467.45617352695865,15375900
2025-06-11,468.8748474121094,471.7022694228479,465.9383115986028,466.29544434484353,16399200
2025-06-12,475.0752868652344,476.6130223697302,469.7676758011157,471.2557893550323,18950600
2025-06-13,471.1962890625,475.3828499324856,469.0137405811006,472.6348110082228,16814500
2025-06-16,475.3431701660156,476.8808754060361,471.23596219473825,471.44428961660435,15626100
2025-06-17,474.25189208984375,474.9463269378011,470.3232503868908,471.63279762120845,15414100
2025-06-18,476.4344482421875,477.1884355000323,470.70025162122124,474.21220825159133,17526500
2025-06-20,473.616943359375,479.62891980922967,473.09114443804276,478.4086860483398,37576200
2025-06-23,482.1488037109375,483.884936234588,468.76571183115124,474.42052531416374,24864000
2025-06-24,486.2261962890625,487.9524285572733,482.9424282150726,485.07541514458467,22305600
2025-06-25,488.3691101074219,490.64097201284227,485.5119574284625,488.1409520653471,17495100
2025-06-26,493.5080871582031,494.09340820956044,488.9048412091741,489.0735074056833,21578900
2025-06-27,492.0100402832031,495.3434002058453,489.12309627390664,493.60726767719865,34539200
2025-06-30,493.4683837890625,496.79184348109624,491.404849352638,493.1013206195562,28369000
2025-07-01,488.1508483886719,494.10330273882704,487.08935037246306,492.53583641461546,19945400
2025-07-02,487.198486328125,489.5893925672679,484.82744098086494,486.107196925814,16319600
2025-07-03,494.8870544433594,496.1668406146565,489.5298515465148,489.8969147231798,13984800
2025-07-07,493.7759094238281,494.79774616477766,491.3056506650491,493.4386073251964,13981600
2025-07-08,492.68463134765625,494.25212791462184,490.1945116420166,493.2997134401056,11846600
2025-07-09,499.5200500488281,502.76412671878114,495.77990524850594,496.3354652236218,18659500
2025-07-10,497.5061340332031,500.4426696344743,493.8056807647675,499.06366987607214,16492100
2025-07-11,499.3315734863281,501.0280145407016,493.85529597280816,494.5200000462786,16459500
2025-07-14,499.0339050292969,499.9763890495242,497.0596840851599,497.5457914873048,12058800
2025-07-15,501.8117980957031,504.2721267506509,498.80580957478617,499.03396763670395,14927200
2025-07-16,501.61334228515625,502.70463167926073,497.9129190668174,501.1768265275145,15154400
2025-07-17,507.6451416015625,509.30189104591364,501.6133044647972,501.6728265840105,17503100
2025-07-18,506.0082092285156,510.5618634291492,503.40897568442307,510.4030974050004,21209700
2025-07-21,506.01812744140625,508.0320701704435,501.54385636100875,502.69466780228106,14066800
2025-07-22,501.26611328125,507.1491456054249,501.26611328125,506.92095727911294,13868600
2025-07-23,501.8613586425781,502.77408166088094,496.73234393031225,502.73439015336794,16396600
2025-07-24,506.8316345214844,509.5995039044367,503.27998658866585,504.73833906736274,16107000
2025-07-25,509.6392517089844,514.1829150146133,506.3157616392057,508.409026924469,19125700
2025-07-28,508.4388122558594,510.91900158393673,506.07766717141,510.0063088656235,14308000
2025-07-29,508.5082702636719,513.5182406496896,507.50626407616875,511.4448362580723,16469200
2025-07-30,509.1729431152344,511.86149016920456,505.4030674134904,511.08764202727673,26380400
2025-07-31,529.2723999023438,551.0484742016899,527.6851029610986,550.8301860551579,51617300
2025-08-01,519.956787109375,531.5541546097426,516.7325410439772,530.7605061500977,28977600
2025-08-04,531.3953857421875,533.9846885103634,523.944888342453,524.0837934579807,25349000
2025-08-05,523.5679931640625,533.0423047576313,523.0620248277625,532.9232605080902,19171600
2025-08-06,520.7802124023438,527.4866537198485,519.8774501718309,526.6930052823053,21355700
2025-08-07,516.7127075195312,523.9052559727172,513.4487398823029,522.6254396329194,16079100
2025-08-08,517.9031982421875,520.502431840537,515.2940341981842,518.4587582353118,15531000
2025-08-11,517.6354370117188,523.4093257403006,515.6016330725902,518.1612057268388,20194400
2025-08-12,525.0460815429688,526.7722834009899,518.5579289090128,519.5995961800784,18667000
2025-08-13,516.454833984375,528.4787877679453,515.2544004746543,527.8934364066101,19619200
2025-08-14,518.3396606445312,521.7821945996749,516.0182375574066,518.4190436500928,20269100
2025-08-15,516.0480346679688,521.9310366989816,514.9667059909838,518.6274679925785,25213300
2025-08-18,513.0023193359375,518.6770238166106,509.9467697824549,517.4567900842618,23760600
2025-08-19,505.7304382324219,511.0777107186651,504.5201046206217,510.91900524319027,21481000
2025-08-20,501.7125549316406,506.9507137373093,500.4426991689255,505.829663283555,27723000
2025-08-21,501.0666198730469,504.43529989468334,499.55619671725805,500.5200933584279,18443300
2025-08-22,504.037841796875,507.5158151187978,499.2481684011306,501.0765850227361,24324200
2025-08-25,501.0865173339844,504.9917771303553,500.9473838488724,503.44159720621536,21638600
2025-08-26,498.8804626464844,501.8019624337255,495.37267961289456,501.18583887731603,30835700
2025-08-27,503.5509033203125,504.09746017877256,496.75395340313815,498.8407434548062,17277900
2025-08-28,506.4326477050781,507.87350408410515,502.3186878124423,503.89867767213724,18015600
2025-08-29,503.501220703125,506.39291066950057,501.3150539612025,505.4588240002719,20961600
2025-09-02,501.9410705566406,502.81553721257154,493.68337117589067,497.32034095368414,18128000
2025-09-03,502.1696472167969,504.5942937991858,499.1587173668126,500.6194673133705,16345100
2025-09-04,504.7731628417969,504.95202275876863,499.983489561643,501.1262461318779,15509500
2025-09-05,491.884765625,508.74796779288187,489.27131242222254,505.86622472604114,31994800
2025-09-08,495.06463623046875,498.04575600626316,491.91457299081776,494.97517595073856,16771000
2025-09-09,495.2732849121094,499.08911442264,494.5677617531993,498.27426777402997,14410500
2025-09-10,497.22100830078125,500.06302518446205,493.59398497162135,499.81459851362206,21611800
2025-09-11,497.8569641113281,500.00337405269875,494.7466575341409,499.08915061774627,18881600
2025-09-12,506.6910095214844,509.32432605160386,500.67909648146514,503.4614629424367,23624900
2025-09-15,512.1166381835938,512.2259313574772,503.80926524972944,505.58800862213144,17143800
2025-09-16,505.83642578125,513.9748550906477,505.3991924428879,513.6270820344445,19711900
2025-09-17,506.81024169921875,508.07226852063866,502.74598524416496,507.4064717390096,15816600
2025-09-18,505.2501220703125,509.84104161182444,504.4650853819943,508.270968235188,18913700
2025-09-19,514.6705322265625,516.0319056285313,507.09849160720086,507.34691829589656,52474100
2025-09-22,511.21240234375,514.48167541423,509.3143886623668,512.3452424901319,20009300
2025-09-23,506.0252380371094,511.35152134239047,504.1173079645634,510.56645428814153,19799600
2025-09-24,506.9394226074219,509.2547456727144,503.72976965544393,507.16798604562155,13533700
2025-09-25,503.8390808105469,506.8003375404676,501.8616142840625,505.10107733704126,15786500
2025-09-26,508.2411804199219,510.70558375978015,503.4316440082871,506.849997214163,16213100
2025-09-29,511.3613586425781,513.5971983462931,505.6773863749633,508.28089264453985,17617800
2025-09-30,514.6903686523438,514.8990082310244,506.45253207823936,510.0099885223437,19728200
2025-10-01,516.4392700195312,517.2342231556227,508.4697238165545,511.56013673304216,22632300
2025-10-02,512.4942626953125,518.3173691617891,507.4661094259624,514.3823296081488,21222900
2025-10-03,514.0940551757812,517.2143082734997,511.75886906280147,513.8456285403139,15112300
2025-10-06,525.2435302734375,527.6880704621805,514.9387971845453,515.3461902238155,21388600
2025-10-07,520.6823120117188,526.4656911148447,518.1583193382712,524.9651845969764,14615200
2025-10-08,521.546875,523.6336952116123,519.7980023635643,519.9868090400763,13363400
2025-10-09,519.1123657226562,521.0302122328587,514.1438325922749,519.0527457511332,18343600
2025-10-10,507.74432373046875,520.2849266906686,506.42270727517143,516.3697201998212,24133800
2025-10-13,510.81488037109375,513.1600134586593,508.45980051307464,513.1600134586593,14284200
2025-10-14,510.3379211425781,512.0371813139038,502.8155546768959,507.01894463812107,14684300
2025-10-15,510.19879150390625,513.93513816427,506.7903850161382,511.71919177145384,14694700
2025-10-16,508.3902587890625,513.5972720757079,504.93217895922305,509.35418580491137,15559600
2025-10-17,510.347900390625,512.2359067167633,504.1173400169688,505.8364635131052,19867800
2025-10-20,513.5376586914062,515.4356724346321,510.1988187679518,511.3713853844849,14665600
2025-10-21,514.4021606445312,515.4257076122852,509.81124074780416,514.2431942660954,15586200
2025-10-22,517.2639770507812,521.9244631183706,514.4518312300626,517.870184130928,18962700
2025-10-23,517.283935546875,520.6526156742948,515.3461954332505,519.1720024577996,14023500
2025-10-24,520.314697265625,522.0437370421222,517.4329845218087,519.499850577073,15532400
2025-10-27,528.1749877929688,531.2157277722118,525.6807743511338,528.4333612309177,18734700
2025-10-28,538.6585693359375,550.2352153811122,537.366762825241,546.5386557673307,29986700
2025-10-29,538.1417846679688,542.8321112501552,533.3521116884923,541.5104645203966,36023000
2025-10-30,522.451171875,531.6031704966998,518.8340654321457,527.1414377363435,41023100
2025-10-31,514.5512084960938,525.9887810857076,511.85824179468614,525.5515477587454,34006400
2025-11-03,513.776123046875,521.6562086548496,511.3514766558802,516.5385956979154,22374700
2025-11-04,511.0931701660156,512.3054631947169,504.64399323613884,508.53933673798264,20958700
2025-11-05,503.96826171875,511.5900049686576,503.39189488693165,510.06960470137113,23024300
2025-11-06,493.9715576171875,502.51744045426454,492.6896676102462,502.47768369906356,27406500
2025-11-07,493.6933288574219,496.2372153715257,490.1457889557352,493.8225155697467,24019800
2025-11-10,502.8155517578125,503.66020845333964,495.66085193460816,496.8930687697553,26101500
2025-11-11,505.4786682128906,506.39289163210333,499.18851875070465,501.6230817360039,17980000
2025-11-12,507.9232177734375,508.4498810705414,495.9788447581273,506.1543908722183,26574900
2025-11-13,500.12261962890625,510.2683558569415,498.13520636364063,507.09842927280135,25273100
2025-11-14,506.96923828125,508.38031503091224,494.30942559248354,495.0944623167857,28505700
2025-11-17,504.296142578125,508.8970088955905,501.7323929449627,505.2501227292945,19092800
2025-11-18,490.6824035644531,499.8145698875434,483.71651040889276,492.2524466910109,33815100
2025-11-19,484.0543518066406,492.0735713081103,479.79134202204426,487.0156083775533,23245300
2025-11-20,476.308837890625,491.38172816347884,473.39183555424523,490.525525238351,26802500
2025-11-21,470.0268249511719,476.796695003642,466.19388806310616,476.3785437287191,31769200
2025-11-24,471.89849853515625,474.7856351712577,465.94500021095376,472.8940649877621,34421000
2025-11-25,474.8752136230469,477.0256407210385,462.82888433135173,471.9681767111092,28019800
2025-11-26,483.3475341796875,486.14507360501653,479.06661039650686,484.1539406114854,25709100
2025-11-28,489.82867431640625,490.44592067381114,484.49242217644115,485.4382224868377,14386700
2025-12-01,484.5820007324219,487.68816317334665,482.5012705124726,486.27447583839387,23964000
2025-12-02,487.82757568359375,491.312058367048,484.16389832530854,484.56211884124775,19562700
2025-12-03,475.6119689941406,482.09308589504883,473.0931871020635,474.2082166599713,34615100
2025-12-04,478.70819091796875,479.1860737742951,474.377470578239,477.6329924690825,22318200
2025-12-05,481.01788330078125,481.2568095233099,476.7568601661199,480.3807061976695,22608700
2025-12-08,488.8430480957031,490.11737199051475,482.2325023858298,482.74025101921535,21965900
2025-12-09,489.8385925292969,489.93815525049575,486.33420957194573,486.93155551686203,14696100
2025-12-10,476.43829345703125,482.10306917330496,472.9737111601482,481.88404333185355,35756200
2025-12-11,481.3265075683594,483.8751552220924,473.750231167373,474.51683677020293,24669200
2025-12-12,476.4084167480469,480.31105063829824,474.22812377070755,477.69270598810584,21248100
2025-12-15,472.7148742675781,478.588710310573,470.42505317808707,477.97146396596463,23727700
2025-12-16,474.2779235839844,475.7712732838117,468.79234263095657,469.8177748762136,20705600
2025-12-17,474.00909423828125,477.8718969329872,472.8940646732686,474.79560024235434,24527200
2025-12-18,481.8342590332031,487.4293375934554,475.7712630284666,476.06992080908344,28573500
2025-12-19,483.7656555175781,485.68709144559693,480.35083955461556,485.1992432324443,70836100
2025-12-22,482.7701110839844,486.5632169440421,480.5499868948874,483.9647726311972,16963000
2025-12-23,484.6915283203125,485.66716398872717,482.59086732909867,482.8298239351052,14683600
2025-12-24,485.8563232421875,486.99128356758627,482.680463867149,483.5267014178325,5855900
2025-12-26,485.5476989746094,485.9558848600665,483.8054577080926,484.5521325365998,8842200
2025-12-29,484.9404296875,486.1848877649252,482.0333622504328,482.71034015280554,10893400
2025-12-30,485.3187255859375,487.5089534635432,483.3474931520442,483.77557941756965,13944500
