Price,Close,High,Low,Open,Volume
Ticker,NVDA,NVDA,NVDA,NVDA,NVDA
Date,,,,,
2021-08-30,22.60979652404785,22.963572419378465,22.473269615708634,22.751307262334937,262580000
2021-08-31,22.3117733001709,22.62075868040585,22.047640789736928,22.62075868040585,259850000
2021-09-01,22.367591857910156,22.622754957763057,22.28386700045794,22.41144855038439,201767000
2021-09-02,22.322736740112305,22.51909280352411,22.222067304803737,22.444337387679806,187834000
2021-09-03,22.768274307250977,22.91080616281464,22.12737809725463,22.2519691858628,280532000
2021-09-07,22.587871551513672,22.82409582004607,22.44832820926423,22.75831172620733,198107000
2021-09-08,22.26592445373535,22.53603785625392,21.905107228441466,22.439355044930288,254434000
2021-09-09,22.10445213317871,22.464271249955324,22.05860308506016,22.239010734032167,196856000
2021-09-10,22.404470443725586,22.55198511877038,22.197150672313043,22.2748946360381,248376000
2021-09-13,22.079538345336914,22.888882461215875,21.786499434109167,22.609797693327096,297500000
2021-09-14,22.16924285888672,22.336692569612442,22.013753027023114,22.202133951589552,199755000
2021-09-15,22.26791763305664,22.29383355511717,21.894144334606132,22.236022722228473,166538000
2021-09-16,22.16924285888672,22.20412821528791,21.855272750166648,22.110435843651945,156033000
2021-09-17,21.82836151123047,22.247983887075033,21.758590795663608,22.227052672404977,294503000
2021-09-20,21.043935775756836,21.362888683857676,20.594410879277827,21.076826867613953,349440000
2021-09-21,21.176502227783203,21.354915649191057,20.88147094862816,21.346942396030226,204688000
2021-09-22,21.86922836303711,21.888165314452635,21.126664510196306,21.296108496012426,268726000
2021-09-23,22.40845489501953,22.461281014018834,21.818390548782627,22.067572722802016,248555000
2021-09-24,22.00876808166504,22.076546431149566,21.789488429342764,21.997804384215325,217655000
2021-09-27,21.58914566040039,21.7276909027937,21.255242424863432,21.638981339967028,245215000
2021-09-28,20.63128662109375,21.348932496688196,20.58344330923957,21.144603190689022,343069000
2021-09-29,20.44988250732422,20.94824684688675,20.400044932702517,20.87149907318932,218394000
2021-09-30,20.648235321044922,20.99709081329455,20.62032703375371,20.700065269029956,221009000
2021-10-01,20.674148559570312,20.79076450155357,20.13691029679446,20.68212181172919,240978000
2021-10-04,19.66745376586914,20.474803591708355,19.491032716054217,20.436927789431792,345635000
2021-10-05,20.38409996032715,20.580456026751712,19.789052772537165,19.884739402108554,279282000
2021-10-06,20.632286071777344,20.652219202114356,20.014313404708272,20.054183467600772,297202000
2021-10-07,21.006057739257812,21.25224946522736,20.903394046211478,21.023000423462637,256919000
2021-10-08,20.76285743713379,21.136630744836808,20.707040866525467,21.03197467494621,151258000
2021-10-11,20.627304077148438,20.994100339135553,20.44390594615488,20.507697674953654,163388000
2021-10-12,20.603382110595703,20.988119137089015,20.460850231226793,20.759868133383815,162134000
2021-10-13,20.870500564575195,20.921334319318166,20.645240054992183,20.84956935399439,180652000
2021-10-14,21.674861907958984,21.68383134051635,21.052902671473788,21.218359995410317,243589000
2021-10-15,21.790485382080078,21.859259915283243,21.5911407550322,21.73865543684794,226994000
2021-10-18,22.149303436279297,22.21807795415585,21.573193276980525,21.67785122654991,189494000
2021-10-19,22.217082977294922,22.30579062746577,21.964910365115337,22.203126935634774,161473000
2021-10-20,22.03070068359375,22.359621161989526,21.910096191330364,22.232039597473953,146276000
2021-10-21,22.617765426635742,22.636704274322128,22.010758438417145,22.024712578350698,187590000
2021-10-22,22.651657104492188,23.054334844956028,22.48719785150225,22.748339913629675,249384000
2021-10-25,23.090221405029297,23.278602340486742,22.695516863119877,22.897851941944545,230235000
2021-10-26,24.63614273071289,25.176371413393948,23.845737588941468,23.910525487792796,485898000
2021-10-27,24.371017456054688,25.007927133813123,24.20256965592996,24.39394293454579,245990000
2021-10-28,24.85940933227539,24.86838066580957,24.4427774851292,24.796615700863228,234204000
2021-10-29,25.48336410522461,25.624899789420567,24.918219450808614,24.91921563206718,292503000
2021-11-01,25.74251365661621,25.809293921603484,25.144476013269458,25.565096437115333,265740000
2021-11-02,26.31463623046875,26.590730535065173,25.715602386475727,25.73753168250349,294112000
2021-11-03,26.51099395751953,26.69638634791327,26.149182413290003,26.58275893777931,239910000
2021-11-04,29.703514099121094,31.26239704427072,27.02929029769168,27.139927249878582,1153631000
2021-11-05,29.654678344726562,31.297286347184773,29.313796110746594,30.088254873766928,851260000
2021-11-08,30.703235626220703,30.998266887418577,29.80916860642571,30.050377560399664,503101000
2021-11-09,30.556713104248047,32.204307519629445,29.86598118563401,32.17639923609389,646746000
2021-11-10,29.362632751464844,30.74908322904024,28.68386069593988,29.259970949508748,636206000
2021-11-11,30.290584564208984,30.489931064518142,29.679590905724567,30.368330421751022,332172000
2021-11-12,30.290584564208984,30.57963679954635,29.53307052458696,29.911828494952534,413054000
2021-11-15,29.92677879333496,30.54375334062734,29.15132398754459,30.45205524331211,384909000
2021-11-16,30.104196548461914,30.290585092245067,29.608822634811435,29.661650656013027,264484000
2021-11-17,29.1652774810791,30.409195964278993,28.705785120196275,30.31849214904719,428508000
2021-11-18,31.571380615234375,32.65283033546003,31.218538566380822,32.26111820971524,781711000
2021-11-19,32.877098083496094,32.97976178244582,31.800631120790957,32.137524780788404,533867000
2021-11-22,31.851463317871094,34.533660369454104,31.795646751201797,33.40735581710539,754335000
2021-11-23,31.642152786254883,32.25414458908274,30.778984519657556,31.431842568314533,532163000
2021-11-24,32.56711959838867,32.747527284466,30.826830664303046,31.358088106593186,435162000
2021-11-26,31.399944305419922,32.60299466798655,31.24744493690994,32.49335390329238,283069000
2021-11-29,33.266822814941406,33.30270435529742,31.93120595307024,32.26012831114146,454964000
2021-11-30,32.56910705566406,33.24389436052743,31.759764944757165,33.06049435573746,622066000
2021-12-01,31.33600425720215,33.184167626613956,31.281177159177126,33.114388375070114,484368000
2021-12-02,32.02482604980469,32.37571869369958,30.927293561836475,31.11569943003582,472890000
2021-12-03,30.59634780883789,32.02782663229236,30.035119081589688,31.89923124400167,544325000
2021-12-06,29.942407608032227,30.14576373785318,27.94970234622703,29.78590054452752,658938000
2021-12-07,32.32487487792969,32.34680875654143,30.554469012712545,30.859506976245633,593053000
2021-12-08,31.72577476501465,32.18831425036044,31.322049493917223,31.898230293439173,475551000
2021-12-09,30.39397621154785,32.103577136564674,30.33217119720817,31.634057907928252,488507000
2021-12-10,30.102901458740234,31.206415682530494,29.766962833942674,31.051903118678588,488825000
2021-12-13,28.07231903076172,30.198603440103636,28.02746066175428,30.153745071096193,598344000
2021-12-14,28.247758865356445,28.58768456683166,27.16418223461943,27.61176761656936,667035000
2021-12-15,30.363079071044922,30.403950320139508,27.750332756169268,28.31056319651723,698297000
2021-12-16,28.297603607177734,31.061871670056004,28.004530741243016,31.053897441434426,707366000
2021-12-17,27.71345329284668,28.830923474166912,27.672582039666786,27.896873879142326,713758000
2021-12-20,27.631711959838867,28.05537286246123,27.05952009504959,27.219016098484527,461847000
2021-12-21,28.98343849182129,29.028296854991318,27.31470852270142,28.284645850680768,524385000
2021-12-22,29.30741310119629,29.46192565947625,28.359407778692482,28.800017170257917,395184000
2021-12-23,29.546653747558594,29.9643348089571,29.338312319080405,29.661291348376615,343022000
2021-12-27,30.847543716430664,30.989096709482265,29.54665328628474,29.566590756031,403686000
2021-12-28,30.22650909423828,31.231334077242877,29.91748399123054,31.21339111350028,420591000
2021-12-29,29.906518936157227,30.451797181054715,29.273518478931255,30.177663603854032,343139000
2021-12-30,29.492828369140625,30.36108570963226,29.44697370362588,29.73306863749012,308864000
2021-12-31,29.31838035583496,29.935432431024672,29.23863236196779,29.580552622443367,266530000
2022-01-03,30.026145935058594,30.61428811203806,29.691203595037003,29.7211098062086,391547000
2022-01-04,29.1977596282959,30.372049319821922,28.25972307978426,30.18165084016446,527154000
2022-01-05,27.517066955566406,29.323360707048195,27.44629140730359,28.857830469478007,498064000
2022-01-06,28.089258193969727,28.34843960109803,26.979764412182007,27.55295241716997,454186000
2022-01-07,27.16119384765625,28.332494693927416,26.971791660779605,28.052379478532124,409939000
2022-01-10,27.31370735168457,27.382490289709768,25.563237098121473,26.4972864282957,594681000
2022-01-11,27.72939682006836,27.976616901866414,26.754478046594247,27.236953065488187,404089000
2022-01-12,27.91082000732422,28.504941722431685,27.52105068423634,27.978604736551507,383413000
2022-01-13,26.491315841674805,28.390315762334694,26.41455674867527,28.289633979579637,540171000
2022-01-14,26.85715675354004,27.111354801279813,26.127461534880105,26.217178269218586,395832000
2022-01-18,25.821426391601562,26.554112344866216,25.688845811972694,26.177302480368454,424270000
2022-01-19,24.988056182861328,26.459407663390692,24.97310403064186,25.996870135634115,488315000
2022-01-20,24.07394027709961,25.498440557446315,24.002166535918512,25.22430703788952,435181000
2022-01-21,23.300386428833008,24.74482235233926,23.189735951595004,23.432966980379607,718958000
2022-01-24,23.29839515686035,23.30636938474509,20.822218672511546,22.259676871868574,913982000
2022-01-25,22.253698348999023,22.870750425042836,21.93071925859125,22.474999365021613,664616000
2022-01-26,22.700284957885742,23.98123803745793,22.229771275614063,23.166811526105583,755959000
2022-01-27,21.874895095825195,23.919436763705882,21.606741215717612,23.493781409014357,573353000
2022-01-28,22.768070220947266,22.78601318376408,21.22893211104231,21.942676819297425,543774000
2022-01-31,24.408885955810547,24.43181423649078,22.979402057018028,23.108991809594748,564680000
2022-02-01,24.560413360595703,25.065816744698257,23.814767780089298,25.02494549207549,518925000
2022-02-02,25.16250991821289,25.735698020360548,24.475678597564364,25.712771637079914,543419000
2022-02-03,23.872581481933594,24.998025678674647,23.705111287686467,24.38097558762337,410178000
2022-02-04,24.242412567138672,24.557417375083098,23.55757585819483,23.89650525040583,354829000
2022-02-07,24.65012550354004,25.1026943053942,24.125781045791168,24.29524574603593,376868000
2022-02-08,25.0289306640625,25.150546207819467,23.90448265925914,24.282288838178633,410359000
2022-02-09,26.620901107788086,26.640838580536943,25.27315951224319,25.54131148574977,524282000
2022-02-10,25.74267578125,26.84020840080806,25.519382164128384,25.913138706568642,513200000
2022-02-11,23.873580932617188,26.06964442204501,23.698136487325115,25.83438755548586,605472000
2022-02-14,24.19057846069336,24.79666354683214,23.680189818886806,23.85862696314563,440424000
2022-02-15,26.41156578063965,26.46140756576052,24.705953427119574,24.870432839092235,699869000
2022-02-16,26.427509307861328,26.498286759029188,25.471529825588878,26.176304019794223,732676000
2022-02-17,24.429826736450195,25.70380215677522,24.088904647146872,25.549289571656853,810595000
2022-02-18,23.567546844482422,24.9073141846699,23.027253892651444,24.590314838865833,761255000
2022-02-22,23.31633949279785,23.98821671585555,22.927568291074294,22.962457916801178,633422000
2022-02-23,22.31650161743164,24.07893566959685,22.23077389493765,23.727046641189006,566511000
2022-02-24,23.6732120513916,23.72504833875335,20.82421265561137,20.94881900592277,735801000
2022-02-25,24.0809268951416,24.14073741705025,23.30737152091748,23.64630098063684,528866000
2022-02-28,24.30820655822754,24.587325461796915,23.632342229680074,23.91644455057124,477319000
2022-03-01,23.403060913085938,24.300227977678066,23.059148139220046,24.214498384630563,412056000
2022-03-02,24.14784049987793,24.336278491001387,23.34524043941183,23.685224100178537,389642000
2022-03-03,23.643346786499023,24.253522895989168,23.39907590712297,24.189712498581102,365095000
2022-03-04,22.867666244506836,23.609449084190494,22.415018401859665,23.314331446054602,431415000
2022-03-07,21.28838348388672,22.964376798114145,21.2664496692882,22.749018838877227,450821000
2022-03-08,21.44990348815918,22.306343532359403,20.588477275477324,21.245514318732305,557467000
2022-03-09,22.9454345703125,23.150820212926504,22.1807194875951,22.320301778530236,492742000
2022-03-10,22.590497970581055,22.72010983636164,21.816808864999828,22.463875524126543,428066000
2022-03-11,22.034160614013672,23.07604745226114,21.980320637514282,22.953412795419776,367209000
2022-03-14,21.266450881958008,22.195673358229172,21.095960818464654,21.80384458359265,385354000
2022-03-15,22.90455436706543,22.96936124008591,21.258474245006287,21.45388943534592,491996000
2022-03-16,24.423017501831055,24.523716417538445,23.102962788581674,23.429984670978083,671422000
2022-03-17,24.69221305847168,24.767984935801795,23.83477472930563,24.04813783867153,471941000
2022-03-18,26.374187469482422,26.489842995481,24.55063805480904,24.72511591515251,730719000
2022-03-21,26.65435218811035,27.071108036211722,25.889637069261166,26.42802919116261,591727000
2022-03-22,26.444976806640625,27.156850275284068,25.994323791878227,26.647371123248757,547007000
2022-03-23,25.557626724243164,26.53271160406256,25.498802493887702,26.048159533733372,502120000
2022-03-24,28.066131591796875,28.23562518243766,25.829814189665502,26.08804332010231,877379000
2022-03-25,27.609493255615234,28.27350932502247,27.18974806430795,27.802915490968033,579016000
2022-03-28,28.134923934936523,28.165831710193313,27.12494158890915,27.673304055239864,425494000
2022-03-29,28.570627212524414,28.859762245849687,27.896640581268052,28.609510581218807,488984000
2022-03-30,27.607501983642578,28.41110037401944,27.42105885059828,28.219672974520872,463487000
2022-03-31,27.204702377319336,28.1638360522598,27.188751204527012,27.69922486553173,523440000
2022-04-01,26.63241195678711,27.41407643804831,26.188738130769117,27.29343666637843,517235000
2022-04-04,27.278486251831055,27.475896299662303,26.533712066907064,26.648369216228314,397120000
2022-04-05,25.853740692138672,27.237605758755578,25.743071345725753,27.172798887898374,436615000
2022-04-06,24.33428192138672,25.224620987328382,23.931486259303167,24.859712215391237,703833000
2022-04-07,24.135873794555664,24.64834229932388,23.40804924530621,24.368179386256767,557992000
2022-04-08,23.050121307373047,23.851726811207488,22.993291917921837,23.84574416968649,524781000
2022-04-11,21.851696014404297,22.253495115555605,21.595461800973677,22.14781195679892,575207000
2022-04-12,21.43992805480957,22.657290726979376,21.21858938714233,22.4698511510868,662258000
2022-04-13,22.13684844970703,22.432964462991524,21.39107781519928,21.663265165709976,516943000
2022-04-14,21.19466209411621,22.70913730080681,21.09994582726885,22.437946450799743,569097000
2022-04-18,21.718097686767578,22.02218733055563,21.01619480926674,21.136834574331875,525701000
2022-04-19,22.13186264038086,22.3063404800413,21.25049567770769,21.655286167385736,512781000
2022-04-20,21.41799545288086,22.6024555729677,21.13683607316311,22.449911553032234,468974000
2022-04-21,20.12286949157715,22.325287868143974,19.940414139309308,21.6443221623934,656209000
2022-04-22,19.45685577392578,20.424963414737594,19.44190107394043,20.242508087919838,624713000
2022-04-25,19.84270668029785,19.885577840769354,19.039108228053102,19.14479141968029,641566000
2022-04-26,18.732025146484375,19.72904585331805,18.614376672651343,19.659254708106264,653143000
2022-04-27,18.360137939453125,19.109896444638807,18.235510346277362,18.542591397089467,499460000
2022-04-28,19.72306251525879,19.977303851455268,18.43491199008361,18.910490135420694,570327000
2022-04-29,18.491743087768555,20.06803212955995,18.46183178332937,19.344195296792407,500435000
2022-05-02,19.47480583190918,19.515682143130196,18.336208020718836,18.48576074197281,572049000
2022-05-03,19.543601989746094,19.765939115024143,19.075999347942556,19.34220411270771,475751000
2022-05-04,20.27341651916504,20.33921986356432,18.695132726502678,19.863641752299557,648855000
2022-05-05,18.787858963012695,19.865637775003147,18.44488396034569,19.807811910008564,626331000
2022-05-06,18.61935806274414,19.45386415893865,17.93639951654731,18.68017713798414,633297000
2022-05-09,16.899497985839844,18.200608121706267,16.776863370793325,17.98026782674294,644455000
2022-05-10,17.54257583618164,18.1437798648561,16.974274428777502,17.636295630660026,761474000
2022-05-11,16.580448150634766,17.700103137323826,16.518634514647008,17.295312724464573,670167000
2022-05-12,16.12680435180664,16.73797872956555,15.520617091857218,16.17067387354049,708728000
2022-05-13,17.653247833251953,17.874586549641382,16.543564832253985,16.73798356385744,670437000
2022-05-16,17.21256446838379,17.735003457169242,17.055036163870508,17.456835364759026,521446000
2022-05-17,18.12284278869629,18.31626502100498,17.58146135414091,18.020149031920944,585830000
2022-05-18,16.887535095214844,18.064019738570103,16.813756162184983,17.652250113395763,545161000
2022-05-19,17.072982788085938,17.634305160902688,16.68414342710916,16.886539645818328,621310000
2022-05-20,16.644264221191406,17.35813066451446,15.708061631405265,17.280363930362633,739105000
2022-05-23,16.84765625,16.86460579941811,16.13079851441161,16.225514794885957,639889000
2022-05-24,16.10586929321289,16.547550187898246,15.732984010714674,16.460809506552845,588550000
2022-05-25,16.92443084716797,17.060025375610792,15.952335049741066,15.972275924953209,781132000
2022-05-26,17.797815322875977,18.03809652185166,15.974264096032462,15.9882223241749,996575000
2022-05-27,18.754961013793945,18.824752172684995,18.046078711105714,18.131822949886057,738379000
2022-05-31,18.616369247436523,19.14279599466487,18.295328116993222,18.923450248875827,664100000
2022-06-01,18.265419006347656,18.9962349851399,18.068008952451528,18.668216603337324,544514000
2022-06-02,19.533626556396484,19.560546538437922,18.14378074438324,18.237500543404728,648656000
2022-06-03,18.664226531982422,19.274404605825605,18.466816482062402,19.025149434663984,598779000
2022-06-06,18.730030059814453,19.279389055591135,18.508691344014494,19.081979003796526,422406000
2022-06-07,18.86961555480957,18.94339449795544,18.133813364518677,18.416967656771526,388914000
2022-06-08,18.596372604370117,19.12689931949138,18.4836845843309,18.74695362356912,363252000
2022-06-09,17.998031616210938,18.880581583160353,17.991051027241866,18.429833350813585,395574000
2022-06-10,16.9270076751709,17.648005592341615,16.822296926639886,17.551274019304014,465248000
2022-06-13,15.603679656982422,16.266838484183843,15.562792805356883,15.955702020878928,604153000
2022-06-14,15.792159080505371,16.021521877799216,15.369332170298332,15.68744927445471,469680000
2022-06-15,16.481243133544922,16.82129863210318,15.881906301777965,16.05043807467459,563936000
2022-06-16,15.557806968688965,15.897863432906357,15.358360878066698,15.816089727372347,545749000
2022-06-17,15.83603572845459,15.950717118320277,15.285563915858456,15.604677679322638,630334000
2022-06-21,16.52013397216797,16.960909651002094,16.36157379723121,16.429386318006205,483089000
2022-06-22,16.314706802368164,16.61587073985761,16.135204840649315,16.181077014713374,437135000
2022-06-23,16.18008041381836,16.539082437023865,15.809109627633456,16.473265177528255,463680000
2022-06-24,17.078582763671875,17.092543941061024,16.26484203486428,16.454316515193973,472153000
2022-06-27,16.82229232788086,17.282016345048675,16.579965119701967,17.264066533714598,427968000
2022-06-28,15.937751770019531,17.15437333107961,15.900853555794448,16.85320941802592,461149000
2022-06-29,15.498970985412598,15.776201206281394,15.128001145361374,15.770218251263673,482352000
2022-06-30,15.117032051086426,15.523902477901675,14.820854376855518,15.318472470620367,686070000
2022-07-01,14.482789993286133,15.021294859447558,14.352153126123206,14.857749366858286,577610000
2022-07-05,14.92257022857666,14.929550817854716,14.016087452919178,14.135755105271844,651397000
2022-07-06,15.088111877441406,15.27658874989287,14.748055399282007,14.968444218161782,529066000
2022-07-07,15.814094543457031,15.900853564352674,15.346393177463765,15.413208065905915,492903000
2022-07-08,15.79415225982666,15.992601679207207,15.346394973873567,15.387281829188536,467972000
2022-07-11,15.110053062438965,15.484014898410512,14.996368344756148,15.483017263609451,437321000
2022-07-12,15.040243148803711,15.388276870570849,14.83581079611465,15.22572805239749,458483000
2022-07-13,15.122017860412598,15.332434145906136,14.424953642931776,14.549607579077355,521918000
2022-07-14,15.329442024230957,15.430162236147307,14.687224899011335,15.06617297485196,456235000
2022-07-15,15.718360900878906,15.738305033694623,15.402238169306203,15.615646381948205,385935000
2022-07-18,16.056421279907227,16.850216937133126,15.957696353307478,16.25686498780902,670517000
2022-07-19,16.94495964050293,17.062632997757373,16.127230046583808,16.44035994202508,702366000
2022-07-20,17.757699966430664,17.88335248572077,16.754486493931914,16.900082197018165,760538000
2022-07-21,18.00002670288086,18.093766321144624,17.496425663382336,17.835484504614854,557049000
2022-07-22,17.271053314208984,17.917258166341586,17.089556062811305,17.843463625700892,536671000
2022-07-25,16.976865768432617,17.076589278551587,16.602904032037294,16.971878546789405,480748000
2022-07-26,16.48723030090332,16.87216136295546,16.432382260852247,16.842243731454445,397865000
2022-07-27,17.740745544433594,17.886341221329417,16.866172897497414,16.984842903526864,569776000
2022-07-28,17.93421173095703,18.08977999214664,17.39171903743578,17.925237772890636,474646000
2022-07-29,18.112714767456055,18.193489890290078,17.64301808926749,17.763683382729887,435460000
2022-08-01,18.389942169189453,18.7938215256265,17.94019064521122,18.131658489520138,476469000
2022-08-02,18.47471046447754,18.885570510659182,18.041911963650172,18.07182959440469,489527000
2022-08-03,18.84069061279297,18.915483721167206,18.086783232155426,18.1336539858444,418146000
2022-08-04,19.161802291870117,19.220638962108396,18.708062062276774,18.796816360490926,409652000
2022-08-05,18.936426162719727,19.17576145516048,18.614320486775554,18.757920901412877,386068000
2022-08-08,17.743736267089844,18.188502488777342,17.19426311465401,17.453543487866224,981859000
2022-08-09,17.038698196411133,17.398698836090517,16.677700873007122,17.20423899397108,668263000
2022-08-10,18.046897888183594,18.067839657584745,17.269056663137828,17.64900236749365,597422000
2022-08-11,17.89232635498047,18.65520971795895,17.82650909360647,18.080804181955322,509327000
2022-08-12,18.657203674316406,18.66617953381499,17.903296146751718,18.109723796605994,478094000
2022-08-15,18.97930908203125,19.110943606719005,18.56147037086015,18.649226086629287,457666000
2022-08-16,18.82673454284668,19.089006932991676,18.449780750266285,18.867621402461417,451240000
2022-08-17,18.284236907958984,18.63626023321667,18.09476431039142,18.47171804037453,446799000
2022-08-18,18.721027374267578,18.812771727418596,18.13266064622917,18.25033399183685,415447000
2022-08-19,17.79958724975586,18.468729162588712,17.72080548388627,18.35504444387847,441588000
2022-08-22,16.98683738708496,17.509386725743322,16.919024871308032,17.441574209966397,409593000
2022-08-23,17.133434295654297,17.4166484395593,16.923018006184385,16.94196640912856,369986000
2022-08-24,17.17432403564453,17.35781467913653,16.848229612549492,16.964904394732812,522661000
2022-08-25,17.8634090423584,17.897315311031562,16.78639903354692,16.79736826116041,770691000
2022-08-26,16.21497917175293,17.874371409562567,16.192042139496785,17.807557483692953,769127000
2022-08-29,15.75725269317627,16.29276564803654,15.723347381626995,15.97564717969457,496132000
2022-08-30,15.425175666809082,15.994593942634191,15.13996723606161,15.915813141555713,530181000
2022-08-31,15.05221176147461,15.49697709866868,14.917585283969304,15.34140885146709,573710000
2022-09-01,13.898415565490723,14.340188956278503,13.233262343519234,14.169661891977615,1178865000
2022-09-02,13.609216690063477,14.131765139366534,13.553371026300562,14.060962564890257,743157000
2022-09-06,13.427721977233887,13.740852790055504,13.314037269416279,13.692985344440922,535751000
2022-09-07,13.680096626281738,13.803790627120508,13.313006348581766,13.529469898732927,512657000
2022-09-08,13.955411911010742,13.973368010349136,13.335947888457856,13.425724579883743,624873000
2022-09-09,14.351433753967285,14.43821857334682,14.091079295828678,14.122001845912337,486612000
2022-09-12,14.469141006469727,14.511036991860852,14.162899808803669,14.33347754387466,484159000
2022-09-13,13.098536491394043,13.887581309355834,13.06661601426547,13.767878093148786,714956000
2022-09-14,13.09554386138916,13.257143051448159,12.881075254382225,13.221231803218423,588507000
2022-09-15,12.897037506103516,13.200285874328177,12.758381195489553,12.982825342829914,523625000
2022-09-16,13.165371894836426,13.179337223190453,12.585807914194328,12.710498889536233,670751000
2022-09-19,13.348915100097656,13.42971516771623,12.977835069768854,12.979829980486416,569685000
2022-09-20,13.143426895141602,13.449668111931604,13.024721595787252,13.182330992088998,524818000
2022-09-21,13.228216171264648,13.99631305335464,13.07758944681726,13.180335452104883,807679000
2022-09-22,12.529945373535156,13.116491960905076,12.397274767166287,13.037686800354493,759162000
2022-09-23,12.485058784484863,12.579824199786678,12.226699237698918,12.389296389257975,663309000
2022-09-26,12.197772026062012,12.627707300223683,12.183806694998847,12.46012237614888,547343000
2022-09-27,12.38231372833252,12.704515189141288,12.227697172710009,12.476081212421443,553854000
2022-09-28,12.704514503479004,12.791299318139588,12.323458902869692,12.37932021781137,542414000
2022-09-29,12.189786911010742,12.469094358267338,11.916464195245835,12.417222880073759,532763000
2022-09-30,12.108988761901855,12.601767882452046,12.045146859340639,12.057117275528151,565638000
2022-10-03,12.48106575012207,12.646655701474867,12.075071465670463,12.31647372975425,547478000
2022-10-04,13.134449005126953,13.187318430145417,12.847160878067555,12.847160878067555,584182000
2022-10-05,13.17634391784668,13.288067492068219,12.589798244962582,12.879081259534201,507131000
2022-10-06,13.097539901733398,13.622239538294219,13.07060622540916,13.187317554392024,644157000
2022-10-07,12.046146392822266,12.638677792000106,11.992279988471251,12.474085736672928,672478000
2022-10-10,11.641148567199707,12.094025672565365,11.379796220873162,12.007240867482555,698699000
2022-10-11,11.557356834411621,11.81671332375179,11.255105480239216,11.532418070127365,667482000
2022-10-12,11.471570014953613,11.705988711915621,11.316953468077253,11.550375185170276,492590000
2022-10-13,11.930432319641113,12.048140628446744,10.786267640804748,10.943877022867374,850103000
2022-10-14,11.199243545532227,12.081057843251315,11.176300644723986,12.0271914472458,713432000
2022-10-17,11.858609199523926,11.9184612819513,11.488527073512962,11.489524053285416,580774000
2022-10-18,11.93741512298584,12.461116834509994,11.589277945577948,12.313482956867912,659362000
2022-10-19,12.02120590209961,12.3194674213086,11.804742384541735,11.849631206949502,523131000
2022-10-20,12.163853645324707,12.73743191217373,12.075072975272215,12.08305357020032,652398000
2022-10-21,12.435179710388184,12.467101136617279,11.857611660936854,12.068089492311048,609494000
2022-10-24,12.567852020263672,12.678577660700563,12.034174829585528,12.477077391333092,517457000
2022-10-25,13.228216171264648,13.267120266355917,12.632691937809854,12.662618457515958,505482000
2022-10-26,12.864117622375488,13.354900896725308,12.676582681545735,12.837184898566917,532953000
2022-10-27,13.143426895141602,13.803791001482493,13.089560488943963,13.596305021274278,583113000
2022-10-28,13.799798965454102,13.815760155792058,13.028710226197942,13.071604141512527,521040000
2022-10-31,13.463630676269531,13.803788166627177,13.264125332932366,13.743936087967768,486341000
2022-11-01,13.509517669677734,13.890573215216364,13.4855768377865,13.77685473939127,432817000
2022-11-02,13.186317443847656,14.174867488215076,13.17833780130498,13.815757888249985,672628000
2022-11-03,13.387821197509766,13.746931842934734,12.923971532697045,13.010756351656955,500065000
2022-11-04,14.121005058288574,14.193824549164988,13.663139167185898,13.951425239556729,612576000
2022-11-07,14.265645027160645,14.376370676305802,13.919503702415724,14.192825541805423,410061000
2022-11-08,14.565899848937988,14.854184915550686,14.180853521426073,14.764407269491864,595292000
2022-11-09,13.741942405700684,14.175867398651944,13.724984235954823,14.12698780032859,454414000
2022-11-10,15.711063385009766,15.734006289264514,14.51103733225041,14.76341213300267,700819000
2022-11-11,16.286638259887695,16.34848526583695,15.443727839760449,15.767924228372218,655487000
2022-11-14,16.254714965820312,16.49911010478808,15.882636965812782,16.17790566297231,527852000
2022-11-15,16.62479591369629,16.955973916165302,16.34149766989013,16.68065721766376,545876000
2022-11-16,15.87066650390625,16.321548716407033,15.833758273609781,16.122044306055884,649547000
2022-11-17,15.63824462890625,16.225789250714072,15.496595471995533,15.676150794914285,710894000
2022-11-18,15.3709077835083,15.962442238278935,15.082621710940268,15.926530031469108,492072000
2022-11-21,15.279132843017578,15.438737129847263,15.042718303446582,15.109553050431892,404739000
2022-11-22,15.998350143432617,16.018301155042618,15.084614360133106,15.29010540365976,472866000
2022-11-23,16.478160858154297,16.486142404800624,16.008326496462395,16.05820212549382,427241000
2022-11-25,16.229780197143555,16.446242818507432,16.132022884269546,16.277661873589395,167934000
2022-11-28,15.787871360778809,16.316561753105944,15.686124245692138,15.986378789361892,303741000
2022-11-29,15.600336074829102,15.89261191979211,15.48163079273218,15.787871013684132,298384000
2022-11-30,16.885480880737305,16.892465330806235,15.56242050073122,15.662198222921692,565298000
2022-12-01,17.097009658813477,17.22672059418411,16.598118225185257,16.961311508590725,470977000
2022-12-02,16.838584899902344,16.895459640770735,16.408540682249722,16.622066938764753,371389000
2022-12-05,16.573177337646484,16.957324046486256,16.43548278731988,16.642024612809784,352255000
2022-12-06,15.951557159423828,16.53625748277145,15.783929395985323,16.493353544908274,352694000
2022-12-07,16.084260940551758,16.150114595724432,15.632264273659429,15.737031971375904,372388000
2022-12-08,17.130935668945312,17.140913726572844,15.923617339692608,16.236922259213415,515456000
2022-12-09,16.963306427001953,17.54401680190964,16.937365000489294,17.121954302942694,465338000
2022-12-12,17.496124267578125,17.499117875319435,16.75976146929497,16.99922915428006,457328000
2022-12-13,18.031932830810547,18.748341354532826,17.67173314781312,18.48991481040543,656589000
2022-12-14,17.634817123413086,18.21153673692968,17.38138052214265,17.947122938893273,496888000
2022-12-15,16.914417266845703,17.281601445328924,16.662977044280925,17.107987414571323,478542000
2022-12-16,16.534263610839844,17.0032229060691,16.373621225157496,16.826615244074834,478232000
2022-12-19,16.217960357666016,16.572172773420323,16.109202785089362,16.53525606050728,354039000
2022-12-20,16.049341201782227,16.273842793219973,15.816858875179861,16.028387846789393,403260000
2022-12-21,16.46441650390625,16.590138515163844,16.066300925017234,16.078275356146534,325025000
2022-12-22,15.304991722106934,16.102221001275094,14.849005155476785,16.058317929250357,565045000
2022-12-23,15.17228889465332,15.304993457460409,14.850005025607482,15.162310836101799,349326000
2022-12-27,14.089693069458008,15.066522651056324,14.024836646016347,15.04058027199165,464902000
2022-12-28,14.004881858825684,14.230380640006066,13.853218422811985,13.896123310795858,351066000
2022-12-29,14.570623397827148,14.650445953818707,14.195457574978805,14.370069773045314,354923000
2022-12-30,14.581600189208984,14.59656632429452,14.20144437182903,14.302220281186143,310490000
2023-01-03,14.283263206481934,14.962754136499147,14.064748866809973,14.818075144951218,401277000
2023-01-04,14.716300964355469,14.820070487005857,14.209427782320121,14.534705251277302,431324000
2023-01-05,14.23337459564209,14.531711494421922,14.116633408077806,14.458873382334806,389168000
2023-01-06,14.826057434082031,14.976722686175162,14.00288666985135,14.44191076025438,405044000
2023-01-09,15.593352317810059,16.020402921173815,15.107431553171974,15.25011511747284,504231000
2023-01-10,15.873727798461914,15.926609787228095,15.437696417809999,15.472618665402736,384101000
2023-01-11,15.965524673461914,15.992465239813418,15.528496008879637,15.804882316459198,353285000
2023-01-12,16.474393844604492,16.60011394726638,15.457652972865747,16.064305755567425,551409000
2023-01-13,16.861530303955078,16.88448002202159,16.129158535617503,16.24190694735418,447287000
2023-01-17,17.662755966186523,17.688699300985697,16.861536645437063,16.861536645437063,511102000
2023-01-18,17.338478088378906,17.8333769022018,17.24368747395342,17.627834203643413,439624000
2023-01-19,16.727828979492188,17.158872284903268,16.693905869643526,16.998228042242104,452932000
2023-01-20,17.79945182800293,17.816414337109105,16.787699916065623,16.973286475081306,564967000
2023-01-23,19.150447845458984,19.202332601538465,17.77849636841415,18.023949346098004,655163000
2023-01-24,19.22228240966797,19.45177386871939,18.778269428763156,18.78525387696005,496204000
2023-01-25,19.280160903930664,19.327057588077132,18.538808102919397,18.87107002531869,449537000
2023-01-26,19.758098602294922,20.121291926493868,19.235260153653364,19.657322688857523,489535000
2023-01-27,20.319849014282227,20.582266410433473,19.36197832095678,19.41885115591402,542142000
2023-01-30,19.119518280029297,20.095348779096263,19.107543848870183,19.905771381530464,488611000
2023-01-31,19.493688583374023,19.643355663941833,18.907990025151328,19.12750161644277,498017000
2023-02-01,20.896568298339844,21.14501488817615,19.567520729990026,19.647343286751223,660477000
2023-02-02,21.66086769104004,21.90033534849852,20.654105914331332,20.953440010374486,564276000
2023-02-03,21.053220748901367,21.696791212168588,20.74290942748652,20.95344207269312,429366000
2023-02-06,21.042245864868164,21.522178471104034,20.739916222678673,20.759872338931974,452197000
2023-02-07,22.123842239379883,22.209652016752774,21.10310954039303,21.334595540764557,664150000
2023-02-08,22.1557674407959,22.827275613569224,21.959203722842762,22.33736312232844,559651000
2023-02-09,22.287477493286133,22.96896380674192,22.07095953858251,22.555882109825383,523876000
2023-02-10,21.21785545349121,22.029052780138088,20.764863390521825,21.641914381705053,550737000
2023-02-13,21.73969078063965,21.999114525410953,20.915522011552234,21.49024509179642,474919000
2023-02-14,22.92007064819336,22.997896827890425,21.318627718423105,21.530157577256894,675474000
2023-02-15,22.713529586791992,22.804327433692144,22.056989406086455,22.499006113761624,420575000
2023-02-16,21.953222274780273,22.500005788164945,21.878387788866807,22.08393046172455,412026000
2023-02-17,21.34058380126953,21.691802710091036,20.928499305845392,21.583045106514625,465888000
2023-02-21,20.60920524597168,21.446343845986352,20.57228662621733,20.953439640659408,410015000
2023-02-22,20.707984924316406,21.05720930150761,20.375723053454355,20.661090150563847,513184000
2023-02-23,23.611536026000977,23.8350403425162,22.973952761903,23.388033612605756,1117995000
2023-02-24,23.234373092651367,23.421957916477858,22.89612587509221,23.17350941362294,589716000
2023-02-27,23.448890686035156,23.827050040084117,23.401995919204325,23.61751658656865,452994000
2023-02-28,23.16452980041504,23.772180806302725,23.15455174201123,23.320184085898383,455963000
2023-03-01,22.647676467895508,23.204439895549427,22.45809718193452,23.140580708274207,460026000
2023-03-02,23.262313842773438,23.328167510652396,22.38226919901642,22.438146710867823,389415000
2023-03-03,23.837034225463867,23.8470122834048,23.07871895003249,23.268298244670323,412393000
2023-03-06,23.50178337097168,24.194243164611763,23.43493056523591,23.8380361602402,437429000
2023-03-07,23.240318298339844,24.07560444760807,23.19341364689186,23.551679757416153,515154000
2023-03-08,24.131484985351562,24.150447084590173,23.37603510396069,23.438905826491442,513573000
2023-03-09,23.388010025024414,24.403925077094488,23.335117154225923,24.125495162678536,501257000
2023-03-10,22.91797637939453,23.57862150456227,22.679465442665016,23.36106747628327,474866000
2023-03-13,22.91897201538086,23.2502929083055,22.251343209013474,22.70541142718648,421890000
2023-03-14,24.01372718811035,24.169407892174178,23.411961279895785,23.447888767567775,474910000
2023-03-15,24.17839241027832,24.23627231190452,23.312169659954225,23.712347660414334,524486000
2023-03-16,25.48870277404785,25.535605516897093,23.845073897032023,23.977802891862606,583253000
2023-03-17,25.672327041625977,26.34494677671912,25.615442640620632,25.928800789668877,848547000
2023-03-20,25.846965789794922,25.970712430849073,25.07854201438664,25.562549518958868,432747000
2023-03-21,26.145353317260742,26.337958914805075,25.329029397408142,26.126393120823032,547408000
2023-03-22,26.41380500793457,27.53250995771594,26.183277100976117,26.370891881444173,797295000
2023-03-23,27.13532257080078,27.442692460706514,26.635348987272323,27.059477978352234,564889000
2023-03-24,26.724163055419922,27.111369021825524,26.301031507913077,26.975647833457295,454920000
2023-03-27,26.47667694091797,26.944716509158773,26.3110164665487,26.782050151047695,361026000
2023-03-28,26.355924606323242,26.45871435039119,25.7970717555382,26.392849502534016,356104000
2023-03-29,26.928741455078125,27.02254882495714,26.542534821125585,26.77006856259015,393694000
2023-03-30,27.326929092407227,27.4426926938408,27.046504340175957,27.1732450978703,364516000
2023-03-31,27.720125198364258,27.777007695296096,27.049500279209546,27.08442846214019,433933000
2023-04-03,27.907739639282227,27.942667821784,27.280027855037655,27.452673959085395,398716000
2023-04-04,27.39678382873535,27.942664624417038,27.25108288313044,27.908733850028394,368592000
2023-04-05,26.825960159301758,26.9427192704289,26.3409552107088,26.77406658654195,515015000
2023-04-06,26.98164176940918,27.024552994988376,26.372890149473246,26.52956827718351,397654000
2023-04-10,27.522531509399414,27.564445330206645,26.61439491835625,26.768078927982756,395279000
2023-04-11,27.113367080688477,27.733095757858216,27.070453958606574,27.667230920271166,314378000
2023-04-12,26.44074821472168,27.4117554199044,26.39384357131544,27.31395651647884,446259000
2023-04-13,26.4088134765625,26.83194507729408,26.275088982964736,26.67925848324337,353615000
2023-04-14,26.703208923339844,26.82795296952223,26.166310441978037,26.449729310820583,395660000
2023-04-17,26.94671058654785,26.95070210668743,26.37887544680579,26.510605128627287,321471000
2023-04-18,27.6103515625,28.05244531067526,27.300986821273888,27.476627054688475,604812000
2023-04-19,27.873809814453125,27.94266877758147,27.176241641344223,27.304977218888993,358660000
2023-04-20,27.04850196838379,27.972606485594795,26.944714827313312,27.614340416338198,427713000
2023-04-21,27.063472747802734,27.127342787585114,26.66728625337911,26.896814866617028,345103000
2023-04-24,26.986631393432617,27.309967410410923,26.61639072563291,26.957691440868356,339282000
2023-04-25,26.187265396118164,27.19120592261038,26.1712993166917,27.02255136042849,378527000
2023-04-26,26.900802612304688,27.27403733509567,26.65031712353252,26.946709851264895,406337000
2023-04-27,27.17025375366211,27.438703972842852,26.57048448729234,27.306974277389113,377161000
2023-04-28,27.69218635559082,27.70116680186363,27.015573113602102,27.169259042494186,292216000
2023-05-01,28.850805282592773,28.99850296142685,27.723119847489293,27.782996461743867,570329000
2023-05-02,28.15223503112793,28.776954560836412,28.025496178380074,28.621273856351937,402730000
2023-05-03,27.74506950378418,28.308913078393672,27.415745325509498,27.782991797248716,383387000
2023-05-04,27.505563735961914,27.801954572191782,27.184222567509938,27.594380294690612,321850000
2023-05-05,28.621274948120117,28.696120235561477,27.67421872062941,27.76902351276572,361494000
2023-05-08,29.091312408447266,29.160171374611277,28.291953765246245,28.4636005750586,344979000
2023-05-09,28.512496948242188,28.91367423632623,28.3917463228912,28.83982635316878,314869000
2023-05-10,28.82585334777832,29.053387119106517,28.402721772055823,28.945606561729885,369350000
2023-05-11,28.519481658935547,28.890721581405018,28.188162647959096,28.8368313012262,322149000
2023-05-12,28.28196907043457,28.72106862682804,27.988570462268328,28.47058123775665,274222000
2023-05-15,28.89371681213379,28.90968479771039,28.09435819789657,28.449628270125718,293926000
2023-05-16,29.153182983398438,29.808839206478215,28.77296450239682,28.781944947212995,449405000
2023-05-17,30.116209030151367,30.13716594058163,29.369741392303435,29.52342540212538,432535000
2023-05-18,31.61313819885254,31.762830690352914,30.25791892725925,30.347734802848134,748725000
2023-05-19,31.199983596801758,31.51533653819643,30.852696589930833,31.47142600851462,473908000
2023-05-22,31.112163543701172,31.455459020418363,30.61717888104211,30.837725120407754,372000000
2023-05-23,30.62516212463379,31.22393392865523,30.568279631249496,30.936523538862662,356253000
2023-05-24,30.47547149658203,30.544330458079507,29.744969965607368,30.14814207840876,721419000
2023-05-25,37.9022331237793,39.39916178020132,36.55998587698389,38.44412056648187,1543911000
2023-05-26,38.86625671386719,39.08979709643769,37.47311513309701,37.812419131021514,714397000
2023-05-30,40.02886962890625,41.85212836748926,39.86720258532556,40.5118797580755,923401000
2023-05-31,37.756534576416016,40.212494220771234,37.7445581109248,39.40714734389047,1002580000
2023-06-01,39.688568115234375,39.967993574032356,38.2614958531395,38.410189027460895,635873000
2023-06-02,39.2464714050293,40.4170698367897,38.97802122010776,40.014895164925456,482731000
2023-06-05,39.090797424316406,39.483987893521245,38.62774678025024,38.829332843104154,396094000
2023-06-06,38.574859619140625,39.07982415887529,38.06989507940597,38.75050177628396,388729000
2023-06-07,37.402130126953125,39.422196626647725,37.28336203456749,38.83933255229278,511998000
2023-06-08,38.435123443603516,38.78843525380602,37.43208020342754,37.650652361661095,417772000
2023-06-09,38.694618225097656,39.6337866781629,38.492013810296655,38.96109737948555,427717000
2023-06-12,39.405235290527344,39.453142301230535,38.542916712430916,39.12378588583667,388701000
2023-06-13,40.94224166870117,41.021090447407424,39.662736532909214,40.107868537313834,613208000
2023-06-14,42.91339874267578,42.91639126476324,40.47314927155152,40.744623565348384,740465000
2023-06-15,42.57007598876953,43.20484109231197,42.06505921158456,42.519176450195246,568622000
2023-06-16,42.60898971557617,43.635988226566326,42.578047952217986,43.36551525859182,655709000
2023-06-20,43.72282028198242,43.90446942443079,42.59102630942327,42.91439764756023,451153000
2023-06-21,42.9613037109375,43.530198935249985,41.998183661789234,43.41641836747542,551603000
2023-06-22,42.94134521484375,43.3415626918256,42.15188284213235,42.170843097037455,417737000
2023-06-23,42.126930236816406,42.72576209923424,41.93330719856048,42.381435491620046,358140000
2023-06-26,40.55299377441406,42.68084821314237,40.02202672023089,42.378435975213705,594322000
2023-06-27,41.794578552246094,41.858453292545065,40.369357466339395,40.71967293420545,462175000
2023-06-28,41.03705596923828,41.76364114383004,40.43922159164072,40.58094379252524,582639000
2023-06-29,40.74263381958008,41.51912113593417,40.52106530278883,41.47720297369155,380514000
2023-06-30,42.219749450683594,42.467268355429134,41.420308161971434,41.59896098123988,501148000
2023-07-03,42.33052444458008,42.81458195203503,42.11993620443262,42.43432230383558,198209000
2023-07-05,42.2347297668457,43.09305457985884,42.003178561095986,42.053080590984536,323618000
2023-07-06,42.021141052246094,42.096993500956245,41.2656128948708,41.76264574505463,303582000
2023-07-07,42.42035675048828,43.12997664792233,42.097986731680244,42.239708925322894,355881000
2023-07-10,42.09798812866211,42.72776176918797,41.56801853142634,42.57406186731793,353908000
2023-07-11,42.32254409790039,42.67485834432988,41.985203882736315,42.39839653240351,298244000
2023-07-12,43.81664276123047,43.84957954428274,42.69383007327396,42.94933285605686,481277000
2023-07-13,45.887611389160156,46.065262910266576,44.40549795947818,44.43144838419821,478204000
2023-07-14,45.38059997558594,47.994507542631396,44.97239476607481,46.49243252940778,772075000
2023-07-17,46.370662689208984,46.40559448511717,45.17399644703976,46.19900003919172,510488000
2023-07-18,47.40165710449219,47.8028759240553,45.645080740043866,46.61019966194242,569164000
2023-07-19,46.98546600341797,47.725026374946644,46.65111827083296,47.37171457968649,427502000
2023-07-20,45.43149185180664,46.99544633379389,44.974382199398164,46.416572252146125,537865000
2023-07-21,44.22285079956055,45.77682663388391,44.014257511133955,45.698975360580505,963769000
2023-07-24,44.5252571105957,45.02129240158318,43.95437069346409,44.644025212328465,382516000
2023-07-25,45.59019088745117,46.09320880823953,44.83566019898798,44.85362675642214,348081000
2023-07-26,45.363624572753906,45.96345774796509,44.54322423850326,45.93151847506049,364237000
2023-07-27,45.81075668334961,47.30284884094631,45.66104681024001,46.42855262404122,455976000
2023-07-28,46.65910720825195,46.93556908272483,46.2908251472219,46.577265904182916,331194000
2023-07-31,46.63813018798828,47.0383513721307,46.41556426349629,46.663083095530794,251055000
2023-08-01,46.41657638549805,46.8088138287661,45.93751010661882,46.369666884333206,237858000
2023-08-02,44.18293380737305,45.75087863735261,43.302648610435476,45.741897261987354,530142000
2023-08-03,44.42845153808594,45.03027980086514,43.714841517541664,43.714841517541664,324176000
2023-08-04,44.5931282043457,45.55325576078865,44.30668747221976,44.897535492129286,362666000
2023-08-07,45.328704833984375,45.45146680674041,44.47636500012794,45.023299970859505,322154000
2023-08-08,44.57716369628906,45.15403903929904,43.970344091683025,44.76579541158173,353843000
2023-08-09,42.47126388549805,44.22584525940291,42.05207850406444,44.187917131866904,586449000
2023-08-10,42.30559158325195,43.48928663606157,41.75366530069566,42.07803421130193,492705000
2023-08-11,40.77556610107422,41.936306917018776,40.55998646089097,41.66982393739307,533085000
2023-08-14,43.66792678833008,43.71483628671642,40.2326217412967,40.407280716905284,690286000
2023-08-15,43.85457229614258,45.17999337738196,43.625019909517064,44.4733696589914,676512000
2023-08-16,43.401451110839844,44.58813853982079,43.32160482572684,44.43344112151487,527451000
2023-08-17,43.25971984863281,43.97632221329704,42.91738449342878,43.88450205046222,452395000
2023-08-18,43.21480941772461,43.49326626137414,41.57899634242321,42.55209903416188,583768000
2023-08-21,46.87568283081055,46.97349186656967,44.13602090022551,44.407491420923556,692573000
2023-08-22,45.57920455932617,48.09330773941367,45.24485683130546,48.041406896438666,755293000
2023-08-23,47.02439880371094,47.10823512648874,45.12010736864763,45.77682903768783,779046000
2023-08-24,47.0713005065918,50.16826807045973,47.06731047667301,50.11836604551162,1156044000
2023-08-25,45.92852783203125,47.71205208326433,44.936457196698406,46.92059466008382,925341000
2023-08-28,46.74393844604492,46.88865698143186,44.800725372190506,46.3916241394205,685192000
2023-08-29,48.68914794921875,48.985571364963455,46.30079918990067,46.575266020642104,701397000
2023-08-30,49.168216705322266,49.82992584763343,48.33084725951484,48.94864322959215,735206000
2023-08-31,49.25904083251953,49.64728445636799,48.86281334141854,49.28399374905417,528570000
2023-09-01,48.41468811035156,49.70317852523028,48.04840104975304,49.665254201525954,463830000
2023-09-05,48.45361328125,48.7560255895284,47.766951165430406,48.12924438500935,382653000
2023-09-06,46.97336196899414,48.4585899209421,46.49325871140174,48.35079314460042,468670000
2023-09-07,46.1548957824707,46.25770462589442,45.067922908266546,45.440229441727205,433330000
2023-09-08,45.48713684082031,46.51921177692775,45.18669865684588,45.8564505879392,473069000
2023-09-11,45.093868255615234,46.07703073193703,44.22947984502411,46.06205927503978,473966000
2023-09-12,44.786441802978516,45.58794785369134,44.448072389819984,44.654687644477335,349256000
2023-09-13,45.40030288696289,45.844473946840324,44.420129217307256,44.516948715229006,398355000
2023-09-14,45.496124267578125,45.90136648262812,45.04696145729557,45.864436629731664,370097000
2023-09-15,43.81825256347656,45.514086250608685,43.7264210191702,45.256567267439614,506831000
2023-09-18,43.88412857055664,44.15961559349167,41.921789942113186,42.66839815481211,500271000
2023-09-19,43.438961029052734,43.8841296709857,42.921924053303314,43.7513779115944,373064000
2023-09-20,42.16034698486328,43.82124998391259,42.14437793528599,43.51881278602881,367108000
2023-09-21,40.94062423706055,42.02160786318076,40.903694380315116,41.505572228064345,450736000
2023-09-22,41.53252029418945,42.0365810200349,41.154224400495224,41.494589042058344,479236000
2023-09-25,42.14337921142578,42.4567936946112,41.1003231092512,41.51355366859355,419091000
2023-09-26,41.83295440673828,42.74026210135053,41.577430601284675,41.92278696484624,402282000
2023-09-27,42.388919830322266,42.79217068875673,41.55148521974545,42.2511801171412,444935000
2023-09-28,43.00876235961914,43.36509601724836,42.036577072071424,42.38093203987961,424663000
2023-09-29,43.418006896972656,44.06180638592836,43.22636305413737,43.74539528882091,397830000
2023-10-02,44.6986083984375,45.09087429927052,43.779322054087544,43.94800606273331,433298000
2023-10-03,43.43596267700195,45.045961784832514,43.165467413747166,44.724558993956826,470850000
2023-10-04,43.95899200439453,44.06080325905543,43.21138616245394,43.660548982906214,361821000
2023-10-05,44.60478591918945,44.816392949836604,43.80627636575413,43.967973455641534,393483000
2023-10-06,45.676788330078125,45.70373848025028,43.9440208476475,44.11070969679084,434436000
2023-10-09,45.18869400024414,45.52007649973999,44.28538045832398,44.75849682767498,409675000
2023-10-10,45.71271896362305,46.17285906419018,45.004041982640686,45.22562871384522,368582000
2023-10-11,46.718841552734375,46.77174426177856,45.96424879463127,46.109976834306515,378137000
2023-10-12,46.85757827758789,47.52034323269725,46.24372566858878,46.68989185981617,481325000
2023-10-13,45.376346588134766,47.02826743741539,45.19568386802554,46.87255588078778,474115000
2023-10-16,46.00917434692383,46.13892955114849,44.82837457379921,44.97909439315566,375099000
2023-10-17,43.85619354248047,44.67067615739755,42.400907944252246,43.91807838161958,812333000
2023-10-18,42.1174201965332,43.13851774775219,41.74711270086322,42.51168506984707,627294000
2023-10-19,42.02260971069336,43.216381906827145,41.8040157217801,42.731286777485096,501233000
2023-10-20,41.309932708740234,42.39091619548763,41.00150619051564,41.81199440818419,477266000
2023-10-23,42.89497756958008,43.1674718539468,40.86875871685224,41.152230295210934,478530000
2023-10-24,43.58169937133789,43.61563646063165,42.611512883812075,42.99679194298043,401463000
2023-10-25,41.701202392578125,43.56872058494652,41.477620479123594,43.31718712471628,398379000
2023-10-26,40.25090789794922,42.17731428874224,39.80573926150373,41.775064849583806,541001000
2023-10-27,40.42457962036133,41.12926616420593,39.94048219347045,41.053407480581996,416784000
2023-10-30,41.08435821533203,41.68823125867914,40.405624059194345,41.01049849985918,388028000
2023-10-31,40.704063415527344,40.802881903079644,39.1569503913023,40.37467987980174,517969000
2023-11-01,42.246192932128906,42.30208841819016,40.79290267934758,40.80787414060049,437593000
2023-11-02,43.424983978271484,43.802278424689874,42.814124127350155,43.24731404731201,409172000
2023-11-03,44.92119598388672,45.22462694220357,43.64158173973637,43.93802957100558,424610000
2023-11-06,45.665809631347656,45.849468936509936,44.815394894536624,45.200677734191665,400733000
2023-11-07,45.86943054199219,46.13193749816825,45.073913725971586,45.63386992886557,343165000
2023-11-08,46.48727798461914,46.77973167159943,45.882403587242706,46.014157765591044,346719000
2023-11-09,46.862571716308594,48.1401869158154,46.662943389487246,47.378607266813916,540496000
2023-11-10,48.2449951171875,48.38174104695151,47.194955890683396,47.41155087354873,421245000
2023-11-13,48.529457092285156,49.02453561714493,48.00942740784403,48.23001652415506,384136000
2023-11-14,49.56353759765625,49.74120755867973,48.948687284637685,49.58749498042509,416954000
2023-11-15,48.796966552734375,49.86696898933371,48.11024794590893,49.84201782618033,475497000
2023-11-16,49.38786697387695,49.43278516309001,48.24001057724096,48.58835975878918,339756000
2023-11-17,49.206207275390625,49.62442581647781,48.9157487529458,49.43178439121729,325205000
2023-11-20,50.31513977050781,50.45388089415767,49.08942564411514,49.22018224237135,414120000
2023-11-21,49.85099411010742,50.42292511523791,49.13033850268946,50.032654396209196,565747000
2023-11-22,48.62528991699219,50.24127480470822,47.601199364673555,49.759176257408164,899420000
2023-11-24,47.68703842163086,48.829906801279186,47.656094105123046,48.37974638442562,294645000
2023-11-27,48.15217208862305,48.43963402417859,47.56327053938668,47.7109937696309,395662000
2023-11-28,47.73195266723633,48.233020614585215,47.38460109717888,48.146180818273855,401491000
2023-11-29,48.050357818603516,48.67120123627393,47.7708804254883,48.288914999950215,382005000
2023-11-30,46.68291091918945,48.02041588268528,46.335559349897565,47.934573676190574,526247000
2023-12-01,46.67792510986328,47.112116530587656,46.1010022026633,46.43837411108703,369317000
2023-12-04,45.42524719238281,45.99119263522652,44.92617831886354,45.99119263522652,437543000
2023-12-05,46.48337936401367,46.51731562556562,45.19067511548695,45.385328820380614,371718000
2023-12-06,45.42225646972656,47.302916124514056,45.33141833887503,47.13122044302318,380590000
2023-12-07,46.51332092285156,46.54626331215597,45.52308054469381,45.618910872891085,350823000
2023-12-08,47.42171096801758,47.65629461849747,46.467405912391875,46.51232804934258,359224000
2023-12-11,46.544273376464844,47.44666883134117,45.748690336704186,47.40674269328456,509728000
2023-12-12,47.57244873046875,47.581431635575925,45.96430689603469,45.96430689603469,372387000
2023-12-13,48.00267791748047,48.50778063121328,47.52353004634861,47.54449269431196,447792000
2023-12-14,48.26420593261719,48.58363781796952,47.33785498826681,48.30413587026834,391232000
2023-12-15,48.80324935913086,49.31633726064535,48.034615184125286,48.10848518903452,479948000
2023-12-18,49.9881477355957,50.34351507731144,49.062794375670336,49.31235079913167,412587000
2023-12-19,49.51598358154297,49.61181391094036,48.80824198487287,49.33630266590499,464444000
2023-12-20,48.02562713623047,49.910277369403474,48.01264971730357,49.566886030204486,397894000
2023-12-21,48.903076171875,49.007889407965415,48.333086371904265,48.724392927903814,300425000
2023-12-22,48.74336242675781,49.29537882848635,48.38100372795406,49.107712672335644,252507000
2023-12-26,49.191558837890625,49.51198840359391,48.873124626710656,48.88110985273242,244200000
2023-12-27,49.32931900024414,49.59185284551433,48.997907338293054,49.42315398247824,233648000
2023-12-28,49.43413162231445,49.79548883206165,49.324326187941345,49.55491912329638,246587000
2023-12-29,49.43413162231445,49.90829110638661,48.664499712290464,49.72461566156116,389293000
2024-01-02,48.08253479003906,49.20753405733888,47.510553413556266,49.156625856562634,411254000
2024-01-03,47.484596252441406,48.09850289557728,47.23603751691528,47.40074566328975,320896000
2024-01-04,47.912841796875,48.41395003873669,47.42370949212884,47.68224884044641,306535000
2024-01-05,49.0098876953125,49.459090025386296,48.22029079492016,48.37601604637922,415039000
2024-01-08,52.16028594970703,52.18225008334284,49.39120958940494,49.424151981929796,642510000
2024-01-09,53.04571533203125,54.22861420741035,51.598287244233845,52.30802809263291,773100000
2024-01-10,54.25356674194336,54.50312317370562,53.39409433002728,53.52087170860792,533796000
2024-01-11,54.72472381591797,55.24779611496442,53.46496584925973,54.90141170121365,596759000
2024-01-12,54.612918853759766,54.87245962885345,54.23359588697403,54.52307840206245,352994000
2024-01-16,56.28195571899414,56.734151032115776,54.80258693421074,54.92037758541191,449580000
2024-01-17,55.95354080200195,56.3707983705155,54.6428708670297,56.24701784811916,474394000
2024-01-18,57.00567626953125,57.49780159403606,56.00745052096862,57.15840468720761,491650000
2024-01-19,59.385440826416016,59.39442372974931,57.12345894632279,57.88610325059809,543501000
2024-01-22,59.548152923583984,60.223953645882176,58.96518950299891,59.942452516713104,452955000
2024-01-23,59.76676940917969,59.803702511682395,58.48105267598879,59.46430561582059,294654000
2024-01-24,61.25312042236328,62.73748144195341,59.83164734308872,60.19699904963291,560271000
2024-01-25,61.50767135620117,62.607717226695215,60.742030169454694,62.239368666397,482777000
2024-01-26,60.92271041870117,61.67337885004867,60.465526677085045,60.85183724757184,390309000
2024-01-29,62.35417175292969,62.378127434562785,60.798937371656514,61.12335769472333,348733000
2024-01-30,62.66261291503906,63.38033889790534,62.14952501071203,62.78839260190601,410735000
2024-01-31,61.41783142089844,62.15851544921119,60.59229912426738,61.330983989988475,453795000
2024-02-01,62.915164947509766,63.07887540719106,61.54060940108073,61.98980787209497,369146000
2024-02-02,66.04261016845703,66.48182425910672,63.57698787949549,63.86048434942647,476578000
2024-02-05,69.20899200439453,69.3737001755538,67.08576682117494,68.10395378778126,680078000
2024-02-06,68.1019515991211,69.630233381063,66.18236704818828,69.50645284574946,683111000
2024-02-07,69.97462463378906,70.09541214076467,67.48005798042527,68.19778404882926,495575000
2024-02-08,69.51742553710938,70.66837949372972,69.33175856710787,69.9496558671256,414422000
2024-02-09,72.0050277709961,72.0569298484953,70.08743069197543,70.40786033375117,436637000
2024-02-12,72.11981201171875,74.4786183227707,71.1235816589561,72.47118484090161,613710000
2024-02-13,72.00003051757812,73.31968365428922,69.4964845401849,70.27509946360114,602580000
2024-02-14,73.76889038085938,74.10429279758857,71.81037331243682,73.0721307009838,504917000
2024-02-15,72.52909088134766,73.84375566502169,72.27155299901098,73.7379485382384,420122000
2024-02-16,72.48414611816406,74.2699729733596,72.37234535124092,73.96850692718213,495327000
2024-02-20,69.32877349853516,71.82832841143384,67.61381946264177,71.81934169951924,704833000
2024-02-21,67.35228729248047,68.76577530674938,66.13045996080022,67.88533642606332,673755000
2024-02-22,78.3986587524414,78.43558804957509,74.08831901858908,74.89189108055353,865100000
2024-02-23,78.6771469116211,82.24779566972408,77.43235796782388,80.64664555528343,829388000
2024-02-26,78.95166015625,80.50290355503131,78.3656961376025,79.55857539682756,503973000
2024-02-27,78.56135559082031,79.33898034064636,77.0250924240117,79.24014935736925,391705000
2024-02-28,77.52519226074219,78.79293534780788,76.98814490868608,77.48226929356848,393110000
2024-02-29,78.97163391113281,79.84807446200602,78.2109848648127,78.95366810218512,507289000
2024-03-01,82.13300323486328,82.15396968894088,79.29404786978826,79.85804776923267,479135000
2024-03-04,85.08575439453125,87.5393930852347,83.57045019844777,83.98071640863849,615616000
2024-03-05,85.81549072265625,85.94826418923283,83.27289368933285,85.12268939106258,520639000
2024-03-06,88.54676055908203,89.56899358821315,86.87964744648528,87.86993807352297,582520000
2024-03-07,92.50891876220703,92.60674904676837,89.44721547430589,90.00225477502153,608119000
2024-03-08,87.37680053710938,97.23174889760968,86.35656281212522,94.97365533037919,1142269000
2024-03-11,85.6258316040039,88.6436045203793,84.0206076407832,86.27969890435133,678364000
2024-03-12,91.75423431396484,91.80115020297974,86.00118865594371,87.89691045320731,668075000
2024-03-13,90.7309799194336,91.34591302025892,88.2822148639796,90.89769122292586,635713000
2024-03-14,87.79206848144531,90.48940398821422,86.45038860441925,89.42225054534444,602318000
2024-03-15,87.68526458740234,89.39131202190967,86.10799973550625,86.77983369344113,642086000
2024-03-18,88.30219268798828,92.24536587684682,86.9345566695886,90.23185202169164,668976000
2024-03-19,89.24357604980469,90.38759254394184,84.86315541638959,86.5502309225731,672171000
2024-03-20,90.21588134765625,90.25381771221527,88.07059173697641,89.6418701073994,479063000
2024-03-21,91.27703857421875,92.48794810720764,90.24881917443113,92.14054972284487,480372000
2024-03-22,94.12611389160156,94.61426754269417,90.67708069798141,90.9835495525749,586719000
2024-03-25,94.83788299560547,96.59883562555477,93.34846365413705,93.77871885813295,552136000
2024-03-26,92.40109252929688,96.20850660908965,92.34219634403308,95.68540977780971,513648000
2024-03-27,90.09410095214844,93.07893385392306,88.96904884364167,92.95115660792449,586067000
2024-03-28,90.19991302490234,91.1422825108375,89.03892009399118,89.8445252112995,435212000
2024-04-01,90.2068862915039,92.0656689808471,89.049892011898,90.14300148966248,452441000
2024-04-02,89.29745483398438,89.93834392719423,87.46861929876165,88.29518404918691,433064000
2024-04-03,88.81031799316406,90.21788597554938,88.24729689318218,88.33115142365672,370067000
2024-04-04,85.75658416748047,90.4774179638533,85.73162583573242,90.24980742241583,434965000
2024-04-05,87.85597229003906,88.32815477151372,85.77756814573236,86.71593914747515,399678000
2024-04-08,86.98246765136719,88.67653442305598,86.5821594652945,88.54675414355297,283220000
2024-04-09,85.20654296875,87.4836082761363,82.87857850073121,87.29094090122678,501700000
2024-04-10,86.88864135742188,87.24901778988773,83.56439211342133,83.78102010903869,431929000
2024-04-11,90.45945739746094,90.58224601063488,86.77583708331596,87.2689793680449,431637000
2024-04-12,88.03366088867188,90.01923104025528,87.37879585703206,89.54404775764081,426805000
2024-04-15,85.85242462158203,90.45645646962656,85.78055040974887,88.94407438415881,443077000
2024-04-16,87.26399230957031,87.965773191981,85.91532822119116,86.28368645109244,370453000
2024-04-17,83.88983154296875,88.62164096734257,83.80497167986917,88.18738725935935,495400000
2024-04-18,84.52472686767578,86.0411075798554,82.25964941091485,84.82321393436638,447260000
2024-04-19,76.06836700439453,84.17833393456459,75.47539894537725,83.00636595540483,875198000
2024-04-22,79.38063049316406,79.93467203595871,76.26802061217705,77.96907171420484,596341000
2024-04-23,82.2806167602539,82.62601974052421,80.1253496885507,80.62947459576492,438559000
2024-04-24,79.53935241699219,83.93674114541149,79.04620255838257,83.80496541021976,512208000
2024-04-25,82.48926544189453,83.17906608261447,78.08787733468318,78.73175981196158,424641000
2024-04-26,87.58345031738281,88.17842147858853,83.2429613231266,83.67321658546781,551011000
2024-04-29,87.60540771484375,87.8399947565515,85.11870586410434,87.44368500312586,388971000
2024-04-30,86.25273895263672,88.66556334587189,86.15091777999787,87.08928872900789,363709000
2024-05-01,82.89753723144531,85.85142484392729,81.11461964994571,84.93002290842145,559863000
2024-05-02,85.66874694824219,86.08801954331209,83.05626359727954,84.30310641773906,377898000
2024-05-03,88.63561248779297,89.12675929539812,86.8896334546632,87.6373400551101,398341000
2024-05-06,91.98081970214844,92.06068332323404,88.90115021604193,89.23557056109705,376203000
2024-05-07,90.3975601196289,91.62243773928878,88.8572265315021,90.94061902784969,437342000
2024-05-08,90.25582122802734,91.03646805439529,89.26553046184982,89.32842516703573,325721000
2024-05-09,88.59369659423828,90.91467725150264,88.07858911055452,90.37261598217049,378013000
2024-05-10,89.72272491455078,91.24309639621146,89.07284860877868,90.14898917811553,335325000
2024-05-13,90.24285125732422,90.84081559912512,88.37607866208896,90.32170955662887,289680000
2024-05-14,91.19819641113281,91.49268500657907,88.78037543030777,89.44422763754103,296507000
2024-05-15,94.4665298461914,94.69813133508781,91.44076747625896,92.31226052004403,417735000
2024-05-16,94.19599914550781,95.65347613046144,93.94043705092355,94.74604980958085,323952000
2024-05-17,92.31924438476562,94.57634022771545,91.64741042469609,94.20598653059943,359691000
2024-05-20,94.61627960205078,95.0355522829654,93.27859792021394,93.58806000142961,318764000
2024-05-21,95.2212142944336,95.23519004733342,93.01902406434208,93.43729892728764,328946000
2024-05-22,94.78596496582031,95.85411617010452,93.0879071432018,95.29408831779949,548648000
2024-05-23,103.61969757080078,106.1363388077003,101.34462744914427,101.85175314144693,835065000
2024-05-24,106.28507995605469,106.29106630104066,102.82207077624999,104.26856517672162,429494000
2024-05-28,113.70423126220703,114.74044007562202,109.69317481392171,110.05355122917427,652728000
2024-05-29,114.62664031982422,115.29248791517858,110.70942292973874,112.85471267036033,557442000
2024-05-30,110.30911254882812,115.61892428256706,109.47356046717066,114.45194499585061,484553000
2024-05-31,109.44361114501953,112.52228313915187,106.75526253688238,112.32561724375552,613263000
2024-06-03,114.80133056640625,114.80133056640625,111.80950641949946,113.42471506551881,438392000
2024-06-04,116.23585510253906,116.39857553569502,113.8479889155611,115.51610755402032,403324000
2024-06-05,122.22847747802734,122.23745699449587,117.26506688652523,118.16650675945408,528402000
2024-06-06,120.78898620605469,125.37005594832782,118.1156108470622,123.83371299207869,664696000
2024-06-07,120.67916107177734,121.481772978908,117.81811489560457,119.56308862810559,412386000
2024-06-10,121.5796127319336,122.88734731323206,116.80787124184927,120.16206756268633,313434100
2024-06-11,120.71104431152344,122.66781818606155,118.54460929253459,121.56962216023484,222551200
2024-06-12,124.99398803710938,126.67122400488891,122.36831828276222,122.85750988511934,299595000
2024-06-13,129.396728515625,129.5864183097163,126.9507630154097,129.1770893049594,260704500
2024-06-14,131.66299438476562,132.62140615970972,128.10885485479358,129.7461556011969,309320400
2024-06-17,130.76446533203125,133.50994014798042,129.36677515556565,132.7711675834259,288504400
2024-06-18,135.35690307617188,136.10566894087242,130.47495024767164,130.92420671975586,294335100
2024-06-20,130.56480407714844,140.52837801062054,129.30688285479897,139.56996619369176,517768400
2024-06-21,126.36174011230469,130.41506492589528,124.09547854511997,126.91083818337023,649445800
2024-06-24,117.9156494140625,124.25519890170064,117.84576490444155,123.03720520530106,476060900
2024-06-25,125.88251495361328,126.29184395373642,119.1236583558784,121.00056206941291,414192600
2024-06-26,126.19200897216797,127.90917229563556,122.39825886605338,125.92244899462368,362975900
2024-06-27,123.78597259521484,126.2019962793405,122.71773358253314,123.8957921998042,252571700
2024-06-28,123.33671569824219,127.49985213027985,122.54801473015355,124.3750052910358,315516700
2024-07-01,124.095458984375,124.63456367500987,118.63445902087864,123.26682297750608,284885500
2024-07-02,122.46814727783203,123.20693510758652,120.83084647254137,120.93068040128533,218374000
2024-07-03,128.0689239501953,128.0689239501953,121.16031210370706,121.45982152361671,215749000
2024-07-05,125.62294006347656,128.6379747149119,125.47318537524079,127.17038486367325,214176700
2024-07-08,127.98902130126953,130.5547992263396,126.83093424608442,127.28019064518816,237677300
2024-07-09,131.16383361816406,133.59982130546845,128.4383145629174,130.13552958791902,285366600
2024-07-10,134.68801879882812,134.87770860466375,132.20211043348235,133.80946190177127,248978600
2024-07-11,127.19036102294922,135.92595502009132,126.84093848175796,135.52661932549566,374782700
2024-07-12,129.02734375,131.70292655352904,127.01066335258953,128.04894535138322,252680500
2024-07-15,128.22862243652344,131.173764430254,126.97069394754185,130.3451285738783,208326200
2024-07-16,126.1520767211914,128.82765950066548,124.37500690887067,128.22865593379024,214769500
2024-07-17,117.79584503173828,121.64949400158038,116.52793817127537,121.15031675281162,390086200
2024-07-18,120.89075469970703,122.19860440344742,116.36820958632025,121.64950632742956,320979500
2024-07-19,117.7359390258789,121.39989798056288,117.17686297871009,120.15195493467543,217223800
2024-07-22,123.33671569824219,123.86584236392231,119.66277083791101,120.15196240961751,258068900
2024-07-23,122.38827514648438,124.48482570104972,121.89908357161131,122.57796493987696,173911000
2024-07-24,114.06200408935547,119.75262181556741,113.25333936427286,118.9739065074374,327776900
2024-07-25,112.09524536132812,116.43808604158575,106.12508953993542,112.85399693651604,460067000
2024-07-26,112.87395477294922,116.00878722251285,111.3963944118867,115.99880916186419,293399100
2024-07-29,111.4063720703125,116.08865698961546,111.1168559757427,113.50292255867154,248152100
2024-07-30,103.55931091308594,111.80571322284378,102.37126667488353,111.33648541055072,486833300
2024-07-31,116.82744598388672,118.14527368402075,110.6975496617802,112.71423011638636,473174200
2024-08-01,109.03028869628906,119.96227450650746,106.63423649015627,117.3365974252001,523462300
2024-08-02,107.0934829711914,108.54110155423277,101.20319756374683,103.58926418951675,482027500
2024-08-05,100.28470611572266,103.239842127859,90.5407717150732,91.90851250035082,552842400
2024-08-06,104.07846069335938,107.5327664843651,100.38455194570304,103.6691316762756,409012100
2024-08-07,98.74724578857422,108.62097103799087,98.52760658313275,107.6325946135043,411440400
2024-08-08,104.7972640991211,105.32639072006307,97.35951914167633,101.83215026963444,391910000
2024-08-09,104.57763671875,106.42459107060563,103.2598090475883,105.46617163856445,290844200
2024-08-12,108.84060668945312,110.88723650727509,106.08515369153115,106.14505252549102,325559900
2024-08-13,115.94889831542969,116.03875418683985,111.39640394640423,112.25498947976828,312646700
2024-08-14,117.88569641113281,118.40483737868666,113.88229289564154,118.3349528711921,339246400
2024-08-15,122.6578369140625,123.03720888953038,117.27670666159618,118.56458490618095,318086700
2024-08-16,124.375,124.79430704362497,120.98059332504539,121.73934484458584,302589900
2024-08-19,129.7860870361328,129.7860870361328,123.21691249503145,124.0754979878485,318333600
2024-08-20,127.04061126708984,129.6662885004724,125.68284852553639,128.18871285893894,300087400
2024-08-21,128.28855895996094,129.13716641620366,126.45159025428316,127.11050029285343,257883600
2024-08-22,123.536376953125,130.5348437487765,122.89743071735391,129.80604926899383,376189100
2024-08-23,129.1571044921875,129.38673697357257,125.01393980516215,125.65288601497598,323230300
2024-08-26,126.25190734863281,131.04400430992783,124.16535012958609,129.35679802537265,331964700
2024-08-27,128.08888244628906,128.98739538212007,123.6761498691349,124.84423039602758,303134600
2024-08-28,125.40331268310547,128.118838213882,122.43819852070378,127.90917706049713,448101100
2024-08-29,117.3965072631836,124.22525631015377,116.51795800585043,121.16030816238968,453023300
2024-08-30,119.17356872558594,121.5496494805563,117.02710521960448,119.33330147051217,333751600
2024-09-03,107.82228088378906,116.01877002584149,107.11345013644421,115.81910218205195,477155100
2024-09-04,106.03523254394531,113.0836130103624,103.94867525541761,105.23655349888746,372470300
2024-09-05,107.0335922241211,109.4695798052194,104.58762658147727,104.817243866478,306850700
2024-09-06,102.66079711914062,107.97204286084109,100.78388574677186,107.86222325429438,413638100
2024-09-09,106.29480743408203,106.37467762407766,103.51938307487873,104.70741977949132,273912000
2024-09-10,107.922119140625,109.21998302790867,104.77730096516093,107.63259542371279,268283700
2024-09-11,116.71763610839844,116.9971741685222,107.24324578146685,109.21000549756162,441422400
2024-09-12,118.9541244506836,120.60155174511642,115.19998843977761,116.65770972299038,366052700
2024-09-13,118.91419219970703,119.77285113489948,117.4165323291377,118.89422675312926,238358300
2024-09-16,116.59781646728516,117.99563392468083,114.18159360974668,116.60780299971084,248772300
2024-09-17,115.40966796875,118.61466685067687,114.65085910577872,117.98564481894722,231925900
2024-09-18,113.19313049316406,117.51636932909096,113.04336298957726,115.70919560695407,310318900
2024-09-19,117.68611907958984,119.47332749554481,117.06708357128667,117.16692604230532,293506400
2024-09-20,115.81903839111328,118.43495389707196,115.2099893901744,116.87738233881377,382462400
2024-09-23,116.07862091064453,116.80747774675662,114.68080357526898,116.36816938577523,206228500
2024-09-24,120.68143463134766,121.60998405209612,115.19999404233639,116.33821493002908,354966800
2024-09-25,123.31730651855469,124.74507579152808,121.42026930294443,121.82962567540989,284692900
2024-09-26,123.84648132324219,127.47081527785902,121.6099781665842,126.60217747362803,302582900
2024-09-27,121.21060943603516,123.83650371853182,119.07394858799772,123.7765997601264,271009200
2024-09-30,121.25054168701172,121.31044564232414,117.96567356169257,118.12541998168962,226553700
2024-10-01,116.81746673583984,122.24898215671047,115.60935538711523,121.58002164337385,302094500
2024-10-02,118.66458129882812,119.19375323018366,114.96037016184738,116.25834508658102,221845900
2024-10-03,122.65834045410156,124.16598683922703,120.15225416683853,120.73135113827638,277118000
2024-10-04,124.72511291503906,124.84492844767553,121.63993722019764,124.7450859792245,243678100
2024-10-07,127.52074432373047,130.43618698242878,124.7550615549546,124.79500006476454,346250200
2024-10-08,132.68267822265625,133.27175410957346,129.2180905372518,130.0567764001493,285722500
2024-10-09,132.44305419921875,134.31014727855833,131.1750464230449,133.9007832398008,246191600
2024-10-10,134.5996856689453,134.7893916948541,130.79563194093248,131.70421594134592,242311300
2024-10-11,134.58969116210938,135.5681579226704,133.45147037350253,133.8009151704973,170209500
2024-10-14,137.85459899902344,139.3822107684187,136.0873561782587,136.2570891265267,232347700
2024-10-15,131.39471435546875,138.35384259997033,128.53917525345673,137.65492238931424,377831000
2024-10-16,135.5082550048828,136.40684475827754,131.37471471629812,133.7709642153392,264879700
2024-10-17,136.7163543701172,140.67018267771826,136.6564504197718,139.1225979422057,306435900
2024-10-18,137.7847137451172,138.6833036103306,137.06583575895257,138.45366668655112,176090200
2024-10-21,143.48580932617188,143.48580932617188,137.78471061125512,137.91451267760561,264554500
2024-10-22,143.365966796875,144.19467365659466,141.55879320187643,142.6870350476968,226311600
2024-10-23,139.34226989746094,142.20778753302577,137.24555525009052,141.80841766733155,285930000
2024-10-24,140.19094848632812,141.12948441968888,138.2439937495604,140.6003124972593,172354900
2024-10-25,141.31918334960938,143.90515439009727,140.5803475394567,140.71013437273555,205122100
2024-10-28,140.30076599121094,142.91667341121004,139.83149806296922,142.77689244758375,173586700
2024-10-29,141.02963256835938,142.0380513591214,138.68329276437913,140.0711235834401,157593600
2024-10-30,139.12261962890625,140.11108066863528,136.59656776236113,139.32230457284558,179418100
2024-10-31,132.55287170410156,137.39531116933003,131.90389188236236,137.38533225522045,270039600
2024-11-01,135.1887664794922,137.09579048755296,134.36007470728345,134.4898615442038,207127800
2024-11-04,135.83773803710938,138.7432015157854,135.3584911981984,136.99593186321135,187528200
2024-11-05,139.69174194335938,140.15101580482042,137.11576495412646,137.2355728771189,160537400
2024-11-06,145.38284301757812,146.2614750565614,141.73854326176877,142.73698322061895,242043900
2024-11-07,148.64773559570312,148.6976454021817,145.94195679227957,146.16161478672652,207323300
2024-11-08,147.399658203125,149.53631855776948,146.03178545046896,148.53787885494532,175665800
2024-11-11,145.03338623046875,148.61779734270107,143.3460354590936,148.44804913905642,182325600
2024-11-12,148.0586395263672,149.41651833977537,145.78219787373922,146.55100082856893,198634700
2024-11-13,146.04177856445312,149.09700159587854,145.67234551723544,148.83741275957428,191903300
2024-11-14,146.53103637695312,148.7675472701728,145.32293261192063,147.40966837696516,194463300
2024-11-15,141.75848388671875,145.0134075079149,139.86145428913719,144.6439744081883,250132900
2024-11-18,139.9313507080078,141.3291757571169,136.93603090489682,139.28237084466085,221205300
2024-11-19,146.78065490722656,146.90047806374457,140.77005724054902,141.09954425974988,227834900
2024-11-20,145.6623992919922,147.32979212988033,142.50732548898966,147.18003223590216,309871700
2024-11-21,146.44117736816406,152.65147472524168,140.4804899844899,149.11700420524105,400946600
2024-11-22,141.72854614257812,146.93042492260167,140.8798813363258,145.70233282975542,236406200
2024-11-25,135.80780029296875,141.82839170792872,135.60811535874635,141.76848775116036,344941900
2024-11-26,136.70640563964844,139.08269776121745,135.45835561529256,137.48518763604767,190287700
2024-11-27,135.12884521484375,137.00591700209634,131.59437486042492,134.7993582371888,226370900
2024-11-29,138.03433227539062,139.13262238748922,135.837767286179,136.56662423239774,141863200
2024-12-02,138.41372680664062,140.23087948399635,137.60499293345052,138.6134117376161,171682800
2024-12-03,140.0411834716797,140.32074544201365,137.73478959893222,138.04430354930304,164414000
2024-12-04,144.91355895996094,145.56253876730494,140.07111960214385,141.77845844597738,231224300
2024-12-05,144.84368896484375,146.3214777724878,143.7353435501018,144.89361745373108,172621200
2024-12-06,142.22760009765625,145.482733396531,141.09928024490165,144.38438282581114,188505600
2024-12-09,138.60301208496094,139.7413115731775,136.92552451749907,138.76277715882475,189308600
2024-12-10,134.8685760498047,141.60850970621567,133.5904709096604,138.80268748950093,210020900
2024-12-11,139.1022491455078,139.96096726526153,135.00837248215075,137.155160163518,184905200
2024-12-12,137.1351776123047,138.23354324797214,135.59748095840345,136.8755708420711,159211400
2024-12-13,134.04978942871094,139.39181692680097,132.34233289302693,138.7327975455873,231514900
2024-12-16,131.8031463623047,134.19956111084232,130.22550081237128,133.9798879813558,237951100
2024-12-17,130.19554138183594,131.39374870651014,126.67080709010266,128.89747709842524,259410300
2024-12-18,128.7177734375,136.49615030817583,128.08870801614657,133.66038896461004,277444500
2024-12-19,130.485107421875,133.8301176053825,129.3568029702355,131.56349862817564,209719200
2024-12-20,134.49911499023438,135.07825184796977,128.02878306565836,129.61640819653473,306528600
2024-12-23,139.46170043945312,139.58151660116854,134.91848306333998,136.0767567466981,176053500
2024-12-24,140.01089477539062,141.6883821217358,138.44322876231024,139.79122163679293,105157000
2024-12-26,139.72132873535156,140.6399702368576,137.52461242783102,139.4916759779926,116205600
2024-12-27,136.8056640625,138.81267619141968,134.50910636621433,138.34337590905767,170582600
2024-12-30,137.28494262695312,140.060795108374,133.82011682531788,134.628906293037,167734700
2024-12-31,134.08973693847656,137.8641141320975,133.63043143330796,137.82416524884428,155659200
2025-01-02,138.10372924804688,138.6728864930968,134.42922472124587,135.79717669922962,198247200
2025-01-03,144.25454711914062,144.6838985290199,139.52161059265686,139.8011917981673,229322500
2025-01-06,149.2071533203125,151.93309314343088,147.599568879649,148.36840963752263,265377400
2025-01-07,139.93101501464844,152.90164910642062,139.80120400217487,152.80179213743568,351782200
2025-01-08,139.9010467529297,143.7353162901366,137.35484666292894,142.36736432306787,227349900
2025-01-10,135.7073211669922,139.71133557177419,134.0198390250661,137.24501786219508,207602500
2025-01-13,133.03131103515625,133.29093305056014,129.31685741876072,129.79615256902926,204808900
2025-01-14,131.56349182128906,136.1766120600162,129.85605059334506,135.84710238324766,195590500
2025-01-15,136.03684997558594,136.24652830000477,131.0942190240699,133.45070049814615,185217300
2025-01-16,133.3708038330078,138.54307117698642,133.2909213149963,138.4332346192246,209235600
2025-01-17,137.504638671875,138.29345383465838,135.25799411499426,136.4861555399997,201188800
2025-01-21,140.61997985839844,141.6184885428412,136.88555189361048,138.95247218370304,197749000
2025-01-22,146.85067749023438,147.56958971587568,143.45573886876412,144.44426793757484,237651400
2025-01-23,147.00045776367188,147.0104373660888,143.50567717742842,144.83369562852502,155915500
2025-01-24,142.40731811523438,148.74785499769604,141.66843136501245,148.14874363197046,234657600
2025-01-27,118.24340057373047,128.20851331467108,116.52596435964819,124.61389107098998,818830900
2025-01-28,128.7976531982422,128.80763280108368,116.07664583818587,121.62835222502514,579666400
2025-01-29,123.5155258178711,126.70077107762197,119.8709750783515,126.31135328562937,467120600
2025-01-30,124.464111328125,124.81358785050304,117.92387627755191,122.91641979157204,392925500
2025-01-31,119.89094543457031,127.65934229890306,119.01226047612725,123.59541198682592,388161100
2025-02-03,116.48603057861328,118.39317826666118,112.84147223806173,114.57887527254843,371235700
2025-02-04,118.47306060791016,121.01925326141507,116.52596404203554,116.78557844108887,256550000
2025-02-05,124.64383697509766,124.81358161777388,120.5799070623436,121.57841571528579,262230800
2025-02-06,128.4880828857422,128.57796024161053,125.02326434711814,127.22996749994309,251483600
2025-02-07,129.6463623046875,130.17557068191934,124.8135839892709,129.02729180363133,228186300
2025-02-10,133.3708038330078,134.79866384787866,129.76618710141213,129.89598286165247,216989100
2025-02-11,132.60195922851562,134.27944654160947,130.82461495038982,132.38228609427233,178902400
2025-02-12,130.94444274902344,132.04280851778788,128.8875170693692,129.826117774307,160278600
2025-02-13,135.08822631835938,136.29642846871295,130.97437562399168,131.36379338160384,197430000
2025-02-14,138.64292907714844,139.04232643389201,135.29791907929888,136.27645326854343,195479600
2025-02-18,139.19210815429688,143.226091877041,137.72429913092634,141.05932980350207,219176600
2025-02-19,139.02235412597656,141.14918241151278,137.01535723812603,139.3019353271886,167536000
2025-02-20,139.9010467529297,140.45022955446439,136.58599074078032,139.8211642330671,143903600
2025-02-21,134.22952270507812,141.24905316966826,133.83012530319377,139.83115735009994,228217600
2025-02-24,130.08572387695312,138.38332947991822,129.88602516626045,136.35635785611953,251381100
2025-02-25,126.44115447998047,130.00583024952502,124.25442559786755,129.78615711570163,271428700
2025-02-26,131.08421325683594,133.53055638167015,128.29838085048883,129.79614381296275,322553800
2025-02-27,119.9708251953125,134.80865788512716,119.83103458283094,134.7986782828192,443175800
2025-02-28,124.73371124267578,124.90345590188022,116.22642004317107,117.8439993429124,389091100
2025-03-03,113.88990020751953,123.51552349340123,112.11255593535711,123.32581202011416,411381400
2025-03-04,115.81702423095703,119.13207287466713,109.9457957033308,110.48499132597254,398163300
2025-03-05,117.12507629394531,118.10361057672029,114.3392360416895,117.40465751759531,284337900
2025-03-06,110.40510559082031,115.17797591196373,110.05562907278994,113.3606904001891,321181900
2025-03-07,112.5219497680664,113.31077256873955,107.39959517379882,111.08409477767312,341755500
2025-03-10,106.8204574584961,111.6831896506324,105.30272006245755,109.73610085349598,366487400
2025-03-11,108.59780883789062,112.0726148635708,104.6137536218378,106.83044416478043,354865700
2025-03-12,115.57803344726562,116.59661034457649,112.72203506897391,113.96030532134075,323857500
2025-03-13,115.41825103759766,117.59520049683546,113.63075517539951,116.86621875800482,299033100
2025-03-14,121.49972534179688,121.70943054003341,117.98465480860956,118.44401014075397,277593500
2025-03-17,119.36272430419922,122.71802281178023,117.86482345684047,122.56823120330081,255501500
2025-03-18,115.26846313476562,118.85343549406599,114.37970924440411,117.83486627342975,299686900
2025-03-19,117.35552978515625,120.2814296141779,115.51810848491796,117.10587965509883,273426200
2025-03-20,118.36412048339844,120.03178155242583,116.30700581426807,116.3868956857552,248829700
2025-03-21,117.5352783203125,117.82487338576216,115.25847035053427,116.77634740953133,266498500
2025-03-24,121.24009704589844,122.04896105750126,119.17298658297102,119.71223179694545,228452500
2025-03-25,120.5210952758789,121.12025404464302,118.75356814650013,120.38129181712452,167447200
2025-03-26,113.60079956054688,118.6736845133834,112.55226594608844,118.5638454632065,293463300
2025-03-27,111.27405548095703,114.28982567832341,110.50513643809545,111.19416561141583,236902100
2025-03-28,109.51651763916016,112.71204388720727,108.9173588485005,111.33397028810096,229872500
2025-03-31,108.22831726074219,110.80470832718389,103.50494125764943,104.98286570130954,299212700
2025-04-01,109.995849609375,110.04577506451116,106.32099936404416,108.36812587384452,222614000
2025-04-02,110.26546478271484,111.82328673498283,106.64054773013802,107.1398479774266,220601200
2025-04-03,101.65753936767578,105.48217369637304,101.45781468579652,103.36514539947606,338769400
2025-04-04,94.17801666259766,99.98987163475934,91.98109847139008,98.7715853475697,532273800
2025-04-07,97.50335693359375,101.60760579690213,86.49878224276449,87.33760304641297,611041300
2025-04-08,96.16522979736328,105.70185986228381,94.3278009423825,103.6647139576977,476243400
2025-04-09,114.17000579833984,114.9389248904037,97.39351305704149,98.75161045127601,612918300
2025-04-10,107.4194564819336,110.70485307181585,99.01124202201945,109.21694044618194,437812400
2025-04-11,110.7747573852539,111.39389245819964,107.32958859529616,108.34815778630501,313417300
2025-04-14,110.55506896972656,114.13006086401796,108.91736463288024,113.95031245540225,264705000
2025-04-15,112.04297637939453,113.46099492172469,110.3453585264742,110.81470199440513,228966900
2025-04-16,104.3437728881836,106.64055727885454,100.30942561460589,104.40369410395131,397016900
2025-04-17,101.34797668457031,104.32380994001926,99.90999694562538,104.3038336607638,292517500
2025-04-21,96.77438354492188,99.3008417327631,94.90699776234818,98.63177356997639,288501100
2025-04-22,98.75160217285156,99.67031279819463,97.14385476914264,98.6417555090913,241004800
2025-04-23,102.5662612915039,104.6533403969428,101.87722447592722,104.37372584399631,247526000
2025-04-24,106.28105163574219,106.39089830035945,102.96569827687256,103.33518320501399,220815000
2025-04-25,110.85465240478516,111.76337496991529,105.58204256681438,106.70047033928225,251064700
2025-04-28,108.57784271240234,110.21554702841466,105.8716284785824,109.53649833991803,207708500
2025-04-29,108.867431640625,110.04578062718967,107.2896485179105,107.51932238432487,170444300
2025-04-30,108.76756286621094,108.76756286621094,103.93434018163836,104.32379376082015,235044600
2025-05-01,111.45381164550781,114.77915341441685,111.14424790285813,112.92175572108304,236121500
2025-05-02,114.33976745605469,115.23850951002053,113.21135153306962,114.02021557227994,190194800
2025-05-05,113.66072082519531,114.50952981770942,112.50234808238875,112.75199823422925,133163200
2025-05-06,113.38111114501953,114.57942879752297,110.66491633937942,111.32399638135878,158525600
2025-05-07,116.89617919921875,117.51531428959993,112.12286973799952,112.89179643623137,206758800
2025-05-08,117.20574951171875,118.51391379663416,115.68787240644632,118.08451525459601,198428100
2025-05-09,116.48676300048828,118.06455379711826,115.0487756801452,117.1857803819228,132972200
2025-05-12,122.82787322998047,122.82787322998047,120.11167839159091,121.79931583574867,225023300
2025-05-13,129.7481689453125,131.03637225526788,124.29581818961599,124.8051066300396,330430100
2025-05-14,135.1505889892578,135.25045513495294,131.49570747587302,133.01358451331882,281180800
2025-05-15,134.6413116455078,136.1092556474961,132.47435031815246,134.10205882491402,226632600
2025-05-16,135.2105255126953,136.15920834538713,133.27325299959534,136.02938538145307,226542500
2025-05-19,135.38027954101562,135.67984750647184,132.20472197026768,132.20472197026768,193154600
2025-05-20,134.19192504882812,134.3916420789913,132.43437861355363,134.10203943343691,161514200
2025-05-21,131.6155548095703,137.2077087161811,130.40724144628157,132.87378601013486,270608700
2025-05-22,132.64410400390625,134.0621148614722,131.3658966044825,132.0449376190489,187344000
2025-05-23,131.1062469482422,132.49430097030302,128.97923834191374,129.8180590665907,198821300
2025-05-27,135.31036376953125,135.47014350181522,133.1234263008756,133.96224703921547,192953600
2025-05-28,134.621337890625,137.05792567392893,134.60136161311598,135.83963178227697,304021100
2025-05-29,138.99520874023438,143.28919402135628,137.71700129433316,142.0509238917618,369241900
2025-05-30,134.94090270996094,139.42460961066672,132.73398869983464,138.5258751739265,333170900
2025-06-02,137.18775939941406,137.92671411351492,135.2105191814341,135.30040481856875,197663100
2025-06-03,141.02236938476562,141.801276586457,137.75694135463795,138.5857816307834,225578800
2025-06-04,141.7213897705078,142.19073325311263,139.34471555965237,141.99101618842522,167120800
2025-06-05,139.7941131591797,143.79849635697653,138.63573272598583,141.9710553039475,231397900
2025-06-06,141.52166748046875,143.0695013401578,141.31195466595716,142.31055518995854,153986200
2025-06-09,142.43040466308594,144.7970831461155,141.74136782943543,142.98961854621228,185114500
2025-06-10,143.758544921875,144.088069701399,141.33193761060437,142.49031793007975,155881900
2025-06-11,142.6400146484375,144.79714515361243,141.6812848999734,144.41764573923192,167694000
2025-06-12,144.80712890625,144.80712890625,141.6613249598906,141.78116046611606,162365000
2025-06-13,141.78114318847656,143.38900206786707,140.6626379640278,142.29045926636147,180820600
2025-06-16,144.49754333496094,145.98555166191812,143.00951976951112,143.159329390418,183133700
2025-06-17,143.92828369140625,145.0268265438421,143.58873962374116,144.2978018718573,139108000
2025-06-18,145.28648376464844,145.4562558084884,142.92962233744194,143.81843788371728,161494100
2025-06-20,143.65866088867188,146.00552584195606,142.46024490398213,145.2565234707711,242956200
2025-06-23,143.97824096679688,144.58743022935184,141.84108794116847,142.31046402404658,154308900
2025-06-24,147.7032470703125,147.7631800544848,145.30644581210706,145.36636355778856,187566100
2025-06-25,154.10475158691406,154.24456476496755,149.06146548674553,149.0714619384952,269146500
2025-06-26,154.8137969970703,156.5115326130379,153.795149532093,155.77251147358507,198145700
2025-06-27,157.54019165039062,158.49892155015797,155.05349787794313,155.83245925466264,263234500
2025-06-30,157.7798614501953,158.4489684480595,155.7525627920192,158.1893045239527,194580300
2025-07-01,153.09609985351562,156.9909063970138,151.2885097592641,156.08211312403307,213143600
2025-07-02,157.04083251953125,157.39037305932783,152.7665268185242,152.77650803107835,171224100
2025-07-03,159.1280517578125,160.76586971787668,157.56014800239086,158.15934077500395,143716100
2025-07-07,158.02952575683594,159.09809459400483,157.1307137305003,157.98957042846925,140139000
2025-07-08,159.7871856689453,160.0068942683196,158.1793265036118,159.11807865757584,138133000
2025-07-09,162.66334533691406,164.2012901564699,160.9456320255445,161.0055497766517,183656400
2025-07-10,163.88172912597656,164.28119097215313,161.3950357038234,164.10143771292147,167704100
2025-07-11,164.7006378173828,167.66668863474402,163.25256951238498,163.50223698698784,193633300
2025-07-14,163.85177612304688,165.2698855378492,161.80449980139463,165.15003478890583,136975800
2025-07-15,170.4729461669922,172.17068192225182,168.97494134085255,170.96229989605533,230627400
2025-07-16,171.14205932617188,171.52155877211666,168.67534340451815,170.83247408910898,158831500
2025-07-17,172.7698974609375,173.92835823409905,170.60278554683865,171.79120519874627,160841100
2025-07-18,172.18069458007812,174.0182436825287,171.03221496217563,173.4090543863528,146456400
2025-07-21,171.1520538330078,173.1493936504508,170.77255439137573,172.52022673163836,123126100
2025-07-22,166.80784606933594,171.16204780548466,164.36110765827524,171.11211125862738,193114300
2025-07-23,170.55284118652344,171.03219846298632,167.74658125695927,169.30450383433347,154082200
2025-07-24,173.5089111328125,173.59878776513457,171.07215417768242,172.21063723590794,128984600
2025-07-25,173.26922607421875,174.4876045602178,172.72995103806022,173.37908037175941,122316800
2025-07-28,176.514892578125,176.7645600358027,173.7385916678285,173.78852820706248,140023500
2025-07-29,175.27655029296875,179.14141320408203,174.78721179005433,177.7233037615148,154077500
2025-07-30,179.03155517578125,179.65072563032518,175.80584046425426,176.27521653092245,174312200
2025-07-31,177.63340759277344,183.05619299307685,175.69598557745124,182.65671589592668,221685400
2025-08-01,173.4889373779297,176.3051785902702,170.66269971388826,173.85844036702034,204529000
2025-08-04,179.76058959960938,179.9603205403546,174.28788258302183,174.9270307365029,148174600
2025-08-05,178.02288818359375,180.0202279532499,175.6660266458598,179.38107983649965,156407600
2025-08-06,179.1813507080078,179.66070799076476,176.01556896990587,176.09546439011424,137192300
2025-08-07,180.52957153320312,183.6354356942093,178.5621905082108,181.32851054269395,151878400
2025-08-08,182.45700073242188,183.0562088106772,180.16005675043576,181.30853636067604,123396700
2025-08-11,181.8178253173828,183.59545638109407,180.01023537809715,181.80784410502207,138323200
2025-08-12,182.9163818359375,184.234618174838,179.22130626788388,182.7166509044063,145485700
2025-08-13,181.3484649658203,183.72530422356274,179.11145412417423,182.37709375214726,179871700
2025-08-14,181.7778778076172,182.77654758863486,179.22128560637054,179.5108931379294,129554000
2025-08-15,180.20997619628906,181.658044469753,177.8031781362909,181.6380820439347,156602200
2025-08-18,181.76788330078125,182.69665413107447,180.34977402519155,180.3597704757432,132008000
2025-08-19,175.4063720703125,182.25724785967336,175.25657768801665,182.1873336556069,185229200
2025-08-20,175.16668701171875,175.76589502196344,168.57547509149074,174.93699721113848,215142700
2025-08-21,174.7472381591797,176.66468235557974,173.57879631630271,174.61742144674352,140040900
2025-08-22,177.75326538085938,178.35245819257523,170.9722880586796,172.38041630972646,172789400
2025-08-25,179.57083129882812,181.6680441727565,176.33515059315872,178.11278178635797,163012800
2025-08-26,181.52822875976562,182.14739921043056,178.57215920342722,179.82049655621498,168688200
2025-08-27,181.35845947265625,182.24727507184866,178.86178472902657,181.7379436715125,235518900
2025-08-28,179.93035888671875,184.22464261974775,176.17536544772958,180.57950348224864,281787800
2025-08-29,173.94830322265625,177.91302365652732,172.91967451951007,177.87308356836775,243257900
2025-09-02,170.55284118652344,172.15071909272382,166.99757884564528,169.77387989783634,231164900
2025-09-03,170.39306640625,172.18069419661035,168.65539040087648,170.83248363379096,164424900
2025-09-04,171.4316864013672,171.6314173426514,169.18467902530818,170.34313981864827,141670100
2025-09-05,166.79786682128906,168.8051880252559,163.85179338392152,167.8065180303181,224441400
2025-09-08,168.08612060546875,170.73260486035574,167.12740607965867,167.32713700266137,163769100
2025-09-09,170.53285217285156,170.75256075129445,166.51821048710502,168.86507540993838,157548400
2025-09-10,177.09413146972656,179.05151589898875,175.2366048852674,176.4050468150653,226852000
2025-09-11,176.9443359375,180.0503753259473,176.25521235533765,179.45113345293117,151159300
2025-09-12,177.59349060058594,178.37249577533527,176.22522541777622,177.5435512454145,124911000
2025-09-15,177.52359008789062,178.62219505337407,174.28771156721004,175.44623766911022,147061600
2025-09-16,174.65724182128906,177.27389957504343,174.15787872389456,176.77453647764895,140737800
2025-09-17,170.0730743408203,172.97937117956877,168.1954794867923,172.42008695754546,211843800
2025-09-18,176.01551818847656,176.87442336525442,172.73969733735942,173.7583871307785,191763300
2025-09-19,176.4449462890625,177.8531538116004,174.95683884616588,175.54609885389235,237182100
2025-09-22,183.37611389160156,184.31491893588398,174.48745701577195,175.07670180251023,269637000
2025-09-23,178.2027130126953,182.18763613663097,175.9855548133895,181.73821238324945,192559600
2025-09-24,176.74456787109375,179.5509859124944,175.17656050171237,179.54100413716742,143564100
2025-09-25,177.4636688232422,180.03038734713982,172.90947958662534,174.2577508730865,191586700
2025-09-26,177.96302795410156,179.54101721374016,174.70717071687335,177.94304916264082,148573700
2025-09-29,181.61837768554688,183.7656330630971,180.09032771672483,180.20017297627672,193063500
2025-09-30,186.3423309326172,187.11135435179565,181.2488213615314,181.848063160254,236981000
2025-10-01,187.00149536132812,187.90034282726023,183.6657383394342,185.00404300205486,173844900
2025-10-02,188.64939880371094,190.80665113886596,187.82045419605362,189.35850113919957,136805800
2025-10-03,187.38101196289062,190.11752734214045,185.14387494216948,188.9490194719917,137596900
2025-10-06,185.30364990234375,186.9914995955013,183.09647356463947,185.2637075602064,157678100
2025-10-07,184.80429077148438,188.8191743935438,183.76562222076905,185.99277739696944,140088000
2025-10-08,188.86911010742188,189.35849142592937,186.30237648821537,186.33235229407293,130168900
2025-10-09,192.32470703125,195.05122522476873,190.816620752273,191.9851285494953,182997200
2025-10-10,182.92669677734375,195.37081685366852,181.81811007166195,193.26350393527704,268774400
2025-10-13,188.0801239013672,189.8678370807686,185.72312947730666,187.73056363822363,153482800
2025-10-14,179.8006591796875,184.5645869600227,179.47107773683655,184.53462639606815,205641400
2025-10-15,179.60093688964844,184.63451030281777,177.06416377208902,184.56460739230218,214450500
2025-10-16,181.5784149169922,183.0465437061986,179.5410200965125,181.99787810828644,179723300
2025-10-17,182.9866180419922,183.86550198639478,179.52103686227596,179.9504818191574,173135200
2025-10-20,182.4073486328125,184.96408521149223,181.4985041529273,182.89672994644732,128544700
2025-10-21,180.92922973632812,182.55714296878105,179.5709615871908,182.55714296878105,124240200
2025-10-22,180.05035400390625,183.20633238125785,176.53483359319367,180.9092591258601,162249600
2025-10-23,181.92796325683594,182.7968501503985,179.5609718650331,180.19017423035882,111363700
2025-10-24,186.02272033691406,187.23118563906056,183.26624175096782,183.60580497197222,131296700
2025-10-27,191.24607849121094,191.75542334831323,188.18996363054165,189.74798924630224,153452700
2025-10-28,200.77394104003906,202.89123585796654,191.66556232510956,192.80410966447576,297986200
2025-10-29,206.77627563476562,211.9197249544373,204.51915980095313,207.715080745974,308829600
2025-10-30,202.63156127929688,205.89740027142088,201.1534507471854,204.88867704045037,178864400
2025-10-31,202.23207092285156,207.70508615602077,201.81260775338424,206.18701808603035,179802200
2025-11-03,206.61647033691406,211.07078042213968,205.29814450690722,207.81493866642379,180267300
2025-11-04,198.43690490722656,203.71017785907821,197.67786326579136,202.7414122562426,188919300
2025-11-05,194.9613494873047,202.66152000582164,194.40205001057666,198.51681234435117,171350300
2025-11-06,187.84042358398438,197.36826472822915,186.1425921093966,196.169796348482,223029800
2025-11-07,187.91033935546875,188.08013622996737,178.68211848431696,184.66447901682176,264942300
2025-11-10,198.7964630126953,199.68532876518447,193.5431531870904,194.8614791513322,198897100
2025-11-11,192.91395568847656,195.17107140540628,191.05632435423007,194.91140808059743,176483300
2025-11-12,193.5531463623047,195.64048052491762,190.88654915774768,195.4706988945922,154935300
2025-11-13,186.62196350097656,191.1961309619508,183.61580336420005,190.80662838449902,207423100
2025-11-14,189.92774963378906,190.76667594021126,180.34996953708986,182.62706393415107,186591900
2025-11-17,186.3623046875,188.75924133892028,184.08521029684528,185.73310233977776,173628900
2025-11-18,181.1289825439453,184.5646030780414,179.42115405263684,183.14641371605563,213598900
2025-11-19,186.28240966796875,187.62069907956393,182.5971076589588,184.5546024199349,247246400
2025-11-20,180.40989685058594,195.7503316108911,179.62090987236718,195.70039225393623,343504800
2025-11-21,178.6521453857422,184.32490281868388,172.70971237567008,181.00913979899244,346926200
2025-11-24,182.31747436523438,183.26626122561635,176.25519889972114,179.2613745727385,256618300
2025-11-25,177.59349060058594,177.93305383278917,169.33402110596253,174.68719385821646,320600300
2025-11-26,180.03038024902344,182.67701383620675,178.01296428701193,181.3986455127995,183852000
2025-11-28,176.7745361328125,179.0616124091028,176.27517303639212,178.7819702942556,121332800
2025-12-01,179.69082641601562,180.07034727044882,173.45876908321011,174.53739527000454,188131000
2025-12-02,181.22885131835938,185.42349804109853,179.77070445469002,181.52845696763603,182632200
2025-12-03,179.36123657226562,182.21759414523953,178.88185225801445,180.8493441127912,165138000
2025-12-04,183.1566162109375,184.2952268834804,179.74078419330877,181.3987504426599,167364900
2025-12-05,182.1877899169922,184.43504894381925,180.6896172324408,183.66598269849337,143971100
2025-12-08,185.323974609375,187.7709870845105,182.17780264974235,182.41751577930148,204378100
2025-12-09,184.7446746826172,185.4937610485011,183.09669077375298,185.33395229946427,144719700
2025-12-10,183.55612182617188,185.2540478736652,181.8182359713298,184.74467463147755,162785400
2025-12-11,180.70957946777344,181.09911899111663,176.40483245042134,180.060377409269,182136600
2025-12-12,174.80679321289062,182.59729422559735,174.40727135263347,180.88937065842447,204274900
2025-12-15,176.0752410888672,178.20265125135413,174.8167814768023,177.7232402429772,164775600
2025-12-16,177.50350952148438,178.27257580423,174.68693742218818,176.0452813318811,148588100
2025-12-17,170.7317657470703,175.91544580087532,170.10252832729947,175.88548356566727,222775500
2025-12-18,173.9278564453125,175.93540231223645,171.6106906687844,174.3173807251694,176096000
2025-12-19,180.76951599121094,181.2289470656948,176.12517166919682,176.45477147838753,324925900
2025-12-22,183.4662322998047,183.935660967629,182.1278683380167,183.6959478478248,129064400
2025-12-23,188.97950744628906,189.099356383118,182.67718160782493,182.7471036477755,174873600
2025-12-24,188.38023376464844,188.67987134928,186.36269028434322,187.71105179508496,65528500
2025-12-26,190.2978973388672,192.45526970950266,187.7709805748158,189.68863982420257,139740300
2025-12-29,187.99070739746094,188.53004285167208,185.68352392965699,187.4813341773615,120006100
2025-12-30,187.31153869628906,188.75978454971104,186.70228116711607,188.01069817319677,97687300
2025-12-31,186.27281188964844,190.32786369396138,186.26282955778902,189.33907943283364,120100500
2026-01-02,188.6199493408203,192.69496568024334,188.03065649528438,189.60873357074172,148240500
2026-01-05,187.89083862304688,193.39413642527967,185.9232371396652,191.52640398377517,183529700
2026-01-06,187.0119171142578,191.935904267691,186.5924305704924,190.2879203285983,176862600
2026-01-07,188.87962341308594,191.13686475404677,186.3327268208183,188.34028795646717,153543200
2026-01-08,184.81459045410156,189.31910643994627,183.48622397884648,188.87963997886857,172457000
2026-01-09,184.63479614257812,186.1129888751533,183.44624341374129,184.8545293482555,131327500
2026-01-12,184.71470642089844,186.89204340473577,182.79704721562317,182.99680052530172,137968500
2026-01-13,185.58364868164062,187.88084992986475,183.17658082293008,184.7746378408776,160128900
2026-01-14,182.91688537597656,184.23528457453645,180.57973978602013,184.0954557419801,159586100
2026-01-15,186.8221435546875,189.46890929684608,186.103019420931,186.27281050248445,206188600
2026-01-16,186.0031280517578,190.20800608356458,185.85331687968656,188.84966224271636,187967200
2026-01-20,177.8530731201172,182.1578200140757,177.39362681050815,181.67839380225757,223345300
2026-01-21,183.09669494628906,185.15418310637224,178.18267486272933,178.8318922054109,200381000
2026-01-22,184.6148223876953,185.94320399708803,183.70592730123704,184.52493568425237,139636600
2026-01-23,187.44137573242188,189.3690325020707,186.59242035942677,187.27158465782284,142748100
2026-01-26,186.2428436279297,188.88960930416175,185.76343263076708,186.93200550896393,124799600
2026-01-27,188.29034423828125,189.76853699604698,185.47377232125424,187.01190478720812,143711600
2026-01-28,191.2866973876953,192.1156881225865,189.60873601436586,191.03700193406064,148552700
2026-01-29,192.27548217773438,193.244301759811,185.83334250366076,191.10690928022157,171764400
2026-01-30,190.8971710205078,194.25307849059112,189.23918956869622,190.97707539362895,179489500
2026-02-02,185.38389587402344,190.0681850900544,184.6547894061738,186.97195532434574,165794100
2026-02-03,180.12030029296875,186.04308409913696,176.01530661894333,186.01312186532803,204019600
2026-02-04,173.97779846191406,179.36123157735668,171.70057725198066,179.24138264216026,207014100
2026-02-05,171.6706085205078,176.604592702014,170.82163795446576,174.71688060291817,206312900
2026-02-06,185.1841278076172,186.77218713146127,174.3872995354016,176.47474973392875,231346200
2026-02-09,189.80848693847656,193.42408742490235,183.7259094221984,184.03552934237337,196387400
2026-02-10,188.31031799316406,192.24552080983682,187.89083145679504,191.1468699498802,136764800
2026-02-11,189.8184814453125,193.0245624433192,188.54004197866425,192.2155516352278,144192700
2026-02-12,186.7122802734375,193.3741533411549,186.28279615580217,192.79485804306626,189932500
2026-02-13,182.58731079101562,187.27160018883805,181.36879569323744,187.25162028422807,161888000
2026-02-17,184.7446746826172,186.92201173748992,178.9617194034806,181.5285959992061,162276900
2026-02-18,187.75099182128906,190.13807962880853,186.53247684939709,188.52005804720127,164749100
2026-02-19,187.6710968017578,188.20044994409497,185.43383529156333,186.8321237354349,126554500
2026-02-20,189.58877563476562,190.09814888521723,185.71349722992974,186.342734664171,178422300
2026-02-23,191.31666564941406,193.71373598373438,189.3490641935772,191.16683922839312,171584800
2026-02-24,192.61508178710938,193.53395924081437,187.171708627792,191.2567378902843,175123600
2026-02-25,195.32176208496094,197.38924768090467,193.5539140704845,194.2131137016724,250637100
2026-02-26,184.66476440429688,194.0533071271398,184.09546670933034,194.03334246429932,360807900
2026-02-27,176.97415161132812,182.36756729714082,176.1651407824763,181.0292033274304,311636500
2026-03-02,182.25770568847656,183.2365228635074,174.42725972943845,174.79680413295333,209095300
2026-03-03,179.83065795898438,180.67961330625172,176.70446619030554,178.27256086028186,178099400
2026-03-04,182.8170166015625,184.47499807110998,179.84065106191534,180.22019302825058,177731200
2026-03-05,183.1166534423828,183.83577756501342,177.6633132926684,180.94929874286032,198779700
2026-03-06,177.60337829589844,182.5373473445644,176.60459654479845,179.6209064601764,189021900
2026-03-09,182.427490234375,182.68718325690133,175.34613090826778,176.61458806542097,177213600
2026-03-10,184.544921875,186.21288569214076,181.7882742872215,182.17779858894656,179118500
2026-03-11,185.8134307861328,187.40157611978597,184.23526832414757,185.6935753620157,145280400
2026-03-12,182.9268035888672,184.72471123223085,181.53842231669145,183.83574790315467,155762700
2026-03-13,180.0401611328125,185.87335881208497,179.73052445930352,184.70472270189353,160988400
2026-03-16,183.0067138671875,188.66012868968363,181.19882333613754,182.7570048934839,217307400
2026-03-17,181.71820068359375,185.1841623368753,181.4684917186082,184.8445618023411,182497800
2026-03-18,180.1899871826172,183.16652908726184,180.12007659614625,182.26756764801692,156683100
2026-03-19,178.3521270751953,179.77047215436778,175.5853475010711,177.80276430906588,170968500
2026-03-20,172.4989471435547,178.05247199547227,171.52009228430225,177.79278016290237,241323500
2026-03-23,175.43553161621094,178.16234927411983,174.55655117338722,177.0536408486584,182836300
2026-03-24,174.99603271484375,176.01484951930743,173.777451794472,174.6264683383626,147667800
2026-03-25,178.47198486328125,181.00903649280792,176.64412864426953,176.89383761026875,162602100
2026-03-26,171.04066467285156,176.30451888215924,170.9407749866337,175.86504388946904,186152200
2026-03-27,167.32498168945312,170.77096223786808,166.81556566439232,169.80209026823204,196212700
2026-03-30,164.97772216796875,169.25273855906806,164.07877596313077,168.58352034150624,185627000
2026-03-31,174.1969757080078,174.41672082635512,166.7656493784466,166.77563225072552,226181300
2026-04-01,175.54541015625,177.16351944386196,174.54657425208924,175.79511913229018,168132000
2026-04-02,177.18348693847656,177.28337661769746,171.170490985778,171.97954556798163,143143200
2026-04-06,177.43319702148438,177.58301630024127,175.55538077559635,176.953760088437,107564300
2026-04-07,177.89266967773438,178.0225079733855,173.4578360976707,175.52541836668527,132534900
2026-04-08,181.8680419921875,185.0443328296099,180.09011531444295,184.28522303450282,147732700
2026-04-09,183.69590759277344,183.86570786090292,180.40972906189933,181.6283100364998,116428500
2026-04-10,188.41041564941406,189.77881591864653,184.08545448929232,184.09543736125556,160459500
2026-04-13,189.08961486816406,189.43921351677633,185.52377876103736,185.81343445538195,133648200
2026-04-14,196.28123474121094,196.28123474121094,190.54792650193752,190.61783708872017,161307000
2026-04-15,198.63848876953125,200.166706463506,195.5121427945441,196.31119931453722,185338400
2026-04-16,198.1190948486328,199.6173486077875,195.58204328148997,197.20015246424893,134012900
2026-04-17,201.44520568847656,201.46518667284232,199.03802288778024,199.66727910555997,160324400
2026-04-20,201.82476806640625,201.9346406188145,197.6096795882359,199.7471876833392,119381400
2026-04-21,199.64732360839844,202.51397775047528,198.76834314349978,201.89470437258373,107945300
2026-04-22,202.26426696777344,202.26426696777344,198.76834136586132,200.75603026628932,107501000
2026-04-23,199.4075927734375,203.59271751351986,196.99041179336916,202.22431724671497,113561800
2026-04-24,208.0275421142578,210.70441481695215,199.57738430538978,199.72721882416832,214134400
2026-04-27,216.3578338623047,216.5775789683675,207.13858324348888,209.4059296471886,187172400
2026-04-28,212.92184448242188,214.4800260296235,207.95762889823203,209.24613572912838,180275400
2026-04-29,209.00640869140625,212.47237042757808,207.33835459433345,212.4523894424142,123711800
2026-04-30,199.33767700195312,210.05518135667162,198.46867945247158,209.68560172993963,225239200
2026-05-01,198.21897888183594,202.76368521944246,196.89052532216473,201.0456862731779,128647000
2026-05-04,198.24893188476562,201.49514834231712,194.51329562325486,199.26774870200734,125368100
2026-05-05,196.271240234375,200.00689171848026,195.80178617585554,199.06798360144137,113406600
2026-05-06,207.5880584716797,208.0275486883452,198.37879062945476,199.65729931010404,188362800
2026-05-07,211.2537841796875,213.95063795079753,206.25960488465944,208.0974592073836,168307900
2026-05-08,214.94947814941406,217.5464575316693,212.642169707093,212.7820061205359,136421400
2026-05-11,219.18453979492188,222.04121091513153,213.64099781886503,213.79081709888328,160685800
2026-05-12,220.52297973632812,223.48952345691538,214.6698009927987,218.29558003818886,159176600
2026-05-13,225.56710815429688,227.57476278227756,221.3120728008497,224.6681467194947,150405400
2026-05-14,235.465576171875,236.26463268418732,229.03307065698914,229.58243343997336,180782900
2026-05-15,225.05770874023438,231.23050718880455,223.97896415639156,229.49252726355346,180977600
2026-05-18,222.0612030029297,229.7322553439391,218.1157890335498,229.60240180074675,146280900
2026-05-19,220.35317993164062,224.21866983705235,217.6563261548179,219.36432694236115,140948200
2026-05-20,223.20985412597656,225.8667612103758,220.2433103590018,222.9201831873553,184201600
2026-05-21,219.25445556640625,227.13526994336974,217.6762930684293,222.03121805596584,203381800
2026-05-22,215.07933044433594,220.75271088945502,214.54994865072538,220.64283833374193,169275700
2026-05-26,214.60987854003906,217.92600574795006,211.75320730356688,216.28791550863897,187202600
2026-05-27,212.35250854492188,213.90069192498567,208.53694826896,213.87072806866348,167601200
2026-05-28,214.00057983398438,215.2691056248748,210.97410844231206,211.03403615445995,143996000
2026-05-29,210.8942108154297,217.6063892667686,210.88422794322287,214.33020874183248,289410600
2026-06-01,224.09881591796875,224.60821672379726,215.44889364463796,215.47885750139108,212850700
2026-06-02,222.56060791015625,232.00958636747916,221.09231801448135,226.91551751623658,193362900
2026-06-03,214.5,222.56061267075634,214.2602739078757,221.46188713313538,160907000
2026-06-04,218.66000366210938,221.60000610351562,210.97000122070312,213.91000366210938,169022200
2026-06-05,205.10000610351562,214.8699951171875,204.3300018310547,214.52999877929688,219655500
2026-06-08,208.63999938964844,210.47000122070312,206.0,210.17999267578125,138372800
2026-06-09,208.19000244140625,211.39999389648438,199.33999633789062,210.6199951171875,180962500
2026-06-10,200.4199981689453,207.22000122070312,199.9199981689453,204.42999267578125,161746600
2026-06-11,204.8699951171875,205.66000366210938,199.5399932861328,201.49000549316406,158643200
2026-06-12,205.19000244140625,207.07000732421875,203.44000244140625,204.86000061035156,112001800
2026-06-15,212.4499969482422,212.7100067138672,208.33999633789062,208.9199981689453,149936700
2026-06-16,207.41000366210938,211.49000549316406,207.2899932861328,211.17999267578125,125694100
2026-06-17,204.64999389648438,209.2100067138672,203.0800018310547,208.52999877929688,128363500
2026-06-18,210.69000244140625,211.38999938964844,206.5,207.3300018310547,241272000
2026-06-22,208.64999389648438,213.99000549316406,207.72000122070312,211.44000244140625,122041400
2026-06-23,200.0399932861328,203.77000427246094,200.0,202.1699981689453,153496200
2026-06-24,199.0,201.6699981689453,196.5800018310547,200.1199951171875,151810700
2026-06-25,195.74000549316406,200.8000030517578,192.1300048828125,200.0800018310547,149550000
2026-06-26,192.52999877929688,195.5500030517578,191.22000122070312,193.1199951171875,179304100
2026-06-29,194.97000122070312,196.17999267578125,189.8000030517578,193.85000610351562,148835700
2026-06-30,200.08999633789062,200.6300048828125,195.11000061035156,197.24000549316406,166476700
2026-07-01,197.5800018310547,199.85000610351562,193.4499969482422,196.1999969482422,146147600
2026-07-02,194.8300018310547,200.05999755859375,192.35000610351562,197.13999938964844,142068700
2026-07-06,195.5500030517578,197.5500030517578,193.99000549316406,194.4199981689453,108999000
2026-07-07,196.92999267578125,198.41000366210938,191.13999938964844,192.3699951171875,124154600
2026-07-08,204.1199951171875,205.16000366210938,195.05999755859375,195.17999267578125,147419100
2026-07-09,202.77999877929688,204.58999633789062,198.9600067138672,204.4600067138672,132037400
2026-07-10,210.9600067138672,211.0,201.9199981689453,202.0,148421000
2026-07-13,203.52999877929688,210.57000732421875,203.0,208.5399932861328,121411000
2026-07-14,211.8000030517578,212.5500030517578,203.8000030517578,208.1999969482422,124379600
2026-07-15,212.5,213.80999755859375,206.0399932861328,211.9600067138672,124797200
2026-07-16,207.39999389648438,211.0800018310547,205.85000610351562,210.1699981689453,122986100
2026-07-17,202.80999755859375,206.64999389648438,197.97000122070312,202.63999938964844,144281900
2026-07-20,203.27999877929688,207.74000549316406,202.27999877929688,205.8699951171875,88701500
2026-07-21,207.2899932861328,208.64999389648438,204.00999450683594,207.5399932861328,108685600
2026-07-22,212.05999755859375,214.38999938964844,204.9499969482422,205.80999755859375,137645600
2026-07-23,208.75999450683594,210.8699951171875,205.9600067138672,209.4600067138672,110505300
2026-07-24,206.83999633789062,211.91000366210938,204.80999755859375,207.4499969482422,114836800
2026-07-27,196.50999450683594,208.75,195.44000244140625,208.1999969482422,154353700
2026-07-28,197.00999450683594,198.6999969482422,192.74000549316406,195.0,134111500
2026-07-29,190.00999450683594,197.07000732421875,190.00999450683594,195.85000610351562,147680800
2026-07-30,195.0399932861328,197.25,191.52000427246094,193.4499969482422,129010200
2026-07-31,200.75,202.0,194.9499969482422,198.44000244140625,139961200
2026-08-03,206.63999938964844,208.74000549316406,196.85000610351562,197.69000244140625,128406900
2026-08-04,211.94000244140625,213.05999755859375,209.0500030517578,211.3000030517578,134922000
2026-08-05,219.22000122070312,222.22000122070312,216.39999389648438,216.86000061035156,158187400
2026-08-06,218.99000549316406,223.6300048828125,217.0,221.52999877929688,113940600
2026-08-07,223.9600067138672,224.75999450683594,220.66000366210938,221.5399932861328,105669400
2026-08-10,217.5500030517578,224.13999938964844,216.77000427246094,223.39999389648438,115846600
2026-08-11,217.5,222.1999969482422,216.1999969482422,222.1699981689453,101273100
2026-08-12,224.08999633789062,225.10000610351562,220.1999969482422,221.0399932861328,108783600
2026-08-13,225.3000030517578,227.22999572753906,223.7100067138672,225.05999755859375,98867200
2026-08-14,225.16000366210938,227.49000549316406,224.5,226.77000427246094,75680900
2026-08-17,225.00999450683594,227.9199981689453,224.86000061035156,225.97999572753906,93678700
2026-08-18,219.74000549316406,221.63999938964844,218.69000244140625,220.4499969482422,103128200
2026-08-19,217.55999755859375,222.8699951171875,216.75999450683594,221.6699981689453,96797300
2026-08-20,216.85000610351562,219.86000061035156,215.66000366210938,218.36000061035156,92457000
2026-08-21,214.72000122070312,218.74000549316406,214.5,218.4199981689453,98869300
2026-08-24,208.47999572753906,215.58999633789062,207.25,215.52999877929688,135187300
2026-08-25,213.0500030517578,214.72999572753906,210.11000061035156,211.02999877929688,122309000
2026-08-26,209.66000366210938,213.60000610351562,209.22999572753906,212.63999938964844,179900000
2026-08-27,227.97999572753906,230.47000122070312,220.89999389648438,222.86000061035156,298231200
